Date,Open,High,Low,Close,Adj Close,Volume
2004-03-09,17.15999984741211,17.15999984741211,17.15999984741211,17.15999984741211,14.152480125427246,150
2004-03-10,16.93000030517578,18.829999923706055,16.0,17.290000915527344,14.259696006774902,3423
2004-03-11,16.809999465942383,18.920000076293945,16.809999465942383,17.40999984741211,14.358664512634277,7141
2004-03-12,17.600000381469727,18.15999984741211,17.059999465942383,17.06999969482422,14.078253746032715,426
2004-03-15,16.219999313354492,16.219999313354492,16.219999313354492,16.219999313354492,13.377225875854492,50
2004-03-16,15.399999618530273,15.449999809265137,15.399999618530273,15.449999809265137,12.742179870605469,350
2004-03-17,15.449999809265137,15.449999809265137,15.449999809265137,15.449999809265137,12.742179870605469,0
2004-03-18,16.399999618530273,16.399999618530273,16.399999618530273,16.399999618530273,13.525680541992188,100
2004-03-19,16.399999618530273,16.399999618530273,15.800000190734863,15.800000190734863,13.030837059020996,200
2004-03-22,15.600000381469727,15.600000381469727,15.5,15.5,12.783416748046875,1000
2004-03-23,16.190000534057617,16.190000534057617,16.190000534057617,16.190000534057617,13.352486610412598,10
2004-03-24,16.190000534057617,16.190000534057617,16.190000534057617,16.190000534057617,13.352486610412598,0
2004-03-25,15.40999984741211,16.549999237060547,15.40999984741211,16.549999237060547,13.649389266967773,161
2004-03-26,16.399999618530273,16.399999618530273,16.299999237060547,16.299999237060547,13.443205833435059,1100
2004-03-29,16.799999237060547,16.799999237060547,16.43000030517578,16.43000030517578,13.550420761108398,1300
2004-03-30,16.40999984741211,16.40999984741211,15.800000190734863,15.800000190734863,13.030837059020996,250
2004-03-31,15.609999656677246,16.200000762939453,15.600000381469727,15.880000114440918,13.096818923950195,1400
2004-04-01,16.760000228881836,17.469999313354492,16.760000228881836,17.469999313354492,14.408146858215332,1401
2004-04-02,18.200000762939453,18.200000762939453,17.399999618530273,17.530000686645508,14.457633018493652,828
2004-04-05,17.43000030517578,18.0,17.420000076293945,17.8799991607666,14.746292114257812,1003
2004-04-06,17.209999084472656,18.0,17.200000762939453,17.270000457763672,14.243199348449707,405
2004-04-07,16.200000762939453,17.399999618530273,16.200000762939453,17.399999618530273,14.350414276123047,200
2004-04-08,17.0,17.0,17.0,17.0,14.020523071289062,200
2004-04-09,17.0,17.0,17.0,17.0,14.020523071289062,0
2004-04-12,16.809999465942383,17.899999618530273,16.809999465942383,17.770000457763672,14.655567169189453,890
2004-04-13,18.0,18.989999771118164,18.0,18.799999237060547,15.505043983459473,1600
2004-04-14,18.799999237060547,18.799999237060547,18.799999237060547,18.799999237060547,15.505043983459473,0
2004-04-15,18.700000762939453,20.68000030517578,18.399999618530273,20.68000030517578,17.055551528930664,32044
2004-04-16,21.399999618530273,22.5,19.6200008392334,19.959999084472656,16.46174430847168,18730
2004-04-19,20.049999237060547,20.200000762939453,19.399999618530273,19.899999618530273,16.412254333496094,1193
2004-04-20,19.200000762939453,20.200000762939453,19.200000762939453,20.200000762939453,16.65968132019043,832
2004-04-21,20.0,20.200000762939453,19.799999237060547,20.170000076293945,16.63493537902832,1110
2004-04-22,19.979999542236328,22.0,19.979999542236328,21.520000457763672,17.748329162597656,7104
2004-04-23,21.100000381469727,22.0,21.100000381469727,21.6299991607666,17.83905029296875,1693
2004-04-26,21.6299991607666,21.6299991607666,21.6299991607666,21.6299991607666,17.83905029296875,0
2004-04-27,21.100000381469727,21.100000381469727,19.469999313354492,19.530000686645508,16.10710906982422,2630
2004-04-28,19.399999618530273,19.399999618530273,17.649999618530273,18.950000762939453,15.62876033782959,1648
2004-04-29,18.829999923706055,19.989999771118164,18.809999465942383,19.0,15.669995307922363,619
2004-04-30,19.0,19.0,19.0,19.0,15.669995307922363,0
2004-05-03,18.209999084472656,18.309999465942383,18.209999084472656,18.209999084472656,15.018451690673828,147
2004-05-04,19.950000762939453,19.950000762939453,19.200000762939453,19.700000762939453,16.247310638427734,220
2004-05-05,19.6200008392334,20.600000381469727,19.399999618530273,20.209999084472656,16.66792106628418,5843
2004-05-06,20.5,20.5,20.399999618530273,20.40999984741211,16.832874298095703,140
2004-05-07,20.139999389648438,20.139999389648438,20.139999389648438,20.139999389648438,16.610191345214844,500
2004-05-10,19.799999237060547,19.799999237060547,18.84000015258789,18.8700008392334,15.562779426574707,410
2004-05-11,19.200000762939453,20.0,18.399999618530273,18.420000076293945,15.191648483276367,4944
2004-05-12,19.0,19.0,18.5,18.559999465942383,15.307110786437988,325
2004-05-13,18.559999465942383,18.559999465942383,18.559999465942383,18.559999465942383,15.307110786437988,0
2004-05-14,18.0,18.0,17.0,17.0,14.020523071289062,1400
2004-05-17,17.0,17.0,17.0,17.0,14.020523071289062,0
2004-05-18,16.399999618530273,16.399999618530273,16.0,16.0,13.195786476135254,50
2004-05-19,16.399999618530273,16.399999618530273,16.200000762939453,16.200000762939453,13.360732078552246,200
2004-05-20,16.200000762939453,16.200000762939453,16.200000762939453,16.200000762939453,13.360732078552246,0
2004-05-21,16.200000762939453,16.200000762939453,16.200000762939453,16.200000762939453,13.360732078552246,0
2004-05-24,17.0,17.799999237060547,17.0,17.799999237060547,14.680310249328613,1231
2004-05-25,19.200000762939453,19.200000762939453,17.030000686645508,17.040000915527344,14.053510665893555,2302
2004-05-26,17.040000915527344,17.040000915527344,17.040000915527344,17.040000915527344,14.053510665893555,0
2004-05-27,17.959999084472656,17.959999084472656,15.84000015258789,15.920000076293945,13.129805564880371,1010
2004-05-28,15.210000038146973,15.210000038146973,15.210000038146973,15.210000038146973,12.544244766235352,50
2004-05-31,16.190000534057617,16.190000534057617,15.199999809265137,15.199999809265137,12.535996437072754,181
2004-06-01,15.199999809265137,15.199999809265137,15.199999809265137,15.199999809265137,12.535996437072754,0
2004-06-02,16.399999618530273,16.399999618530273,14.670000076293945,14.670000076293945,12.098883628845215,3000
2004-06-03,14.670000076293945,14.670000076293945,14.670000076293945,14.670000076293945,12.098883628845215,0
2004-06-04,14.670000076293945,14.670000076293945,14.670000076293945,14.670000076293945,12.098883628845215,0
2004-06-07,14.6899995803833,14.6899995803833,14.6899995803833,14.6899995803833,12.115378379821777,550
2004-06-08,15.0,15.100000381469727,14.75,14.779999732971191,12.189605712890625,354
2004-06-09,15.640000343322754,16.200000762939453,15.640000343322754,16.200000762939453,13.360732078552246,540
2004-06-10,16.200000762939453,16.200000762939453,16.200000762939453,16.200000762939453,13.360732078552246,0
2004-06-11,15.220000267028809,15.600000381469727,15.199999809265137,15.600000381469727,12.86589241027832,250
2004-06-14,15.0,16.350000381469727,15.0,15.850000381469727,13.072075843811035,200
2004-06-15,15.670000076293945,15.670000076293945,15.670000076293945,15.670000076293945,12.923624038696289,100
2004-06-16,15.0,15.199999809265137,14.5,15.1899995803833,12.52774715423584,1053
2004-06-17,15.0,15.399999618530273,14.430000305175781,15.399999618530273,12.700943946838379,373
2004-06-18,15.399999618530273,15.399999618530273,15.399999618530273,15.399999618530273,12.700943946838379,0
2004-06-21,15.399999618530273,15.399999618530273,15.399999618530273,15.399999618530273,12.700943946838379,0
2004-06-22,14.0600004196167,14.0600004196167,14.0600004196167,14.0600004196167,11.595796585083008,50
2004-06-23,14.210000038146973,14.600000381469727,14.199999809265137,14.210000038146973,11.719507217407227,328
2004-06-24,13.899999618530273,13.899999618530273,13.899999618530273,13.899999618530273,11.463838577270508,50
2004-06-25,14.199999809265137,14.199999809265137,14.199999809265137,14.199999809265137,11.711260795593262,100
2004-06-28,14.779999732971191,14.779999732971191,13.899999618530273,13.899999618530273,11.463838577270508,250
2004-06-29,15.0,15.0,14.100000381469727,14.100000381469727,11.628785133361816,51
2004-06-30,15.279999732971191,15.5,15.279999732971191,15.5,12.783416748046875,314
2004-07-01,15.600000381469727,15.600000381469727,15.600000381469727,15.600000381469727,12.86589241027832,106
2004-07-02,15.600000381469727,15.600000381469727,15.600000381469727,15.600000381469727,12.86589241027832,0
2004-07-05,15.600000381469727,15.600000381469727,15.600000381469727,15.600000381469727,12.86589241027832,3
2004-07-06,15.600000381469727,15.600000381469727,15.600000381469727,15.600000381469727,12.86589241027832,0
2004-07-07,15.600000381469727,15.600000381469727,15.600000381469727,15.600000381469727,12.86589241027832,0
2004-07-08,14.699999809265137,14.720000267028809,14.479999542236328,14.479999542236328,11.94218635559082,1250
2004-07-09,14.479999542236328,14.479999542236328,14.479999542236328,14.479999542236328,11.94218635559082,0
2004-07-12,14.479999542236328,14.479999542236328,14.479999542236328,14.479999542236328,11.94218635559082,0
2004-07-13,13.119999885559082,13.420000076293945,13.119999885559082,13.369999885559082,11.026728630065918,400
2004-07-14,14.020000457763672,14.020000457763672,14.020000457763672,14.020000457763672,11.562807083129883,50
2004-07-15,14.020000457763672,14.020000457763672,14.020000457763672,14.020000457763672,11.562807083129883,0
2004-07-16,14.020000457763672,14.020000457763672,14.020000457763672,14.020000457763672,11.562807083129883,0
2004-07-19,14.020000457763672,14.020000457763672,14.020000457763672,14.020000457763672,11.562807083129883,0
2004-07-20,14.020000457763672,14.020000457763672,14.020000457763672,14.020000457763672,11.562807083129883,20
2004-07-21,13.819999694824219,14.199999809265137,13.800000190734863,13.920000076293945,11.480334281921387,197
2004-07-22,13.920000076293945,13.920000076293945,13.920000076293945,13.920000076293945,11.480334281921387,0
2004-07-23,13.920000076293945,13.920000076293945,13.920000076293945,13.920000076293945,11.480334281921387,0
2004-07-26,14.100000381469727,14.100000381469727,14.039999961853027,14.039999961853027,11.579299926757812,251
2004-07-27,14.039999961853027,14.039999961853027,14.039999961853027,14.039999961853027,11.579299926757812,0
2004-07-28,14.0600004196167,14.0600004196167,14.039999961853027,14.050000190734863,11.587550163269043,378
2004-07-29,14.050000190734863,14.050000190734863,14.050000190734863,14.050000190734863,11.587550163269043,0
2004-07-30,14.0,14.0,14.0,14.0,11.546311378479004,50
2004-08-02,13.680000305175781,14.0,13.619999885559082,13.699999809265137,11.298892974853516,252
2004-08-03,14.199999809265137,14.199999809265137,14.199999809265137,14.199999809265137,11.711260795593262,25
2004-08-04,14.399999618530273,15.619999885559082,14.399999618530273,15.010000228881836,12.379297256469727,1425
2004-08-05,16.0,16.5,16.0,16.420000076293945,13.542173385620117,2750
2004-08-06,16.600000381469727,17.170000076293945,15.25,15.399999618530273,12.700943946838379,701
2004-08-09,15.100000381469727,15.229999542236328,15.100000381469727,15.229999542236328,12.560739517211914,150
2004-08-10,15.600000381469727,16.360000610351562,15.600000381469727,16.0,13.195786476135254,1150
2004-08-11,15.0,16.799999237060547,15.0,16.049999237060547,13.237019538879395,3951
2004-08-12,16.0,16.0,15.399999618530273,15.470000267028809,12.758674621582031,400
2004-08-13,16.399999618530273,16.799999237060547,15.399999618530273,16.200000762939453,13.360732078552246,1711
2004-08-16,16.079999923706055,16.200000762939453,16.079999923706055,16.200000762939453,13.360732078552246,101
2004-08-17,16.280000686645508,16.389999389648438,16.270000457763672,16.280000686645508,13.426712036132812,500
2004-08-18,16.200000762939453,16.399999618530273,16.200000762939453,16.31999969482422,13.459699630737305,145
2004-08-19,16.399999618530273,16.399999618530273,16.399999618530273,16.399999618530273,13.525680541992188,100
2004-08-20,15.649999618530273,15.899999618530273,15.539999961853027,15.539999961853027,12.81640338897705,138
2004-08-23,14.399999618530273,15.40999984741211,14.199999809265137,14.34000015258789,11.82672119140625,2400
2004-08-24,15.300000190734863,15.300000190734863,14.609999656677246,14.75,12.164865493774414,75
2004-08-25,15.0,15.510000228881836,15.0,15.199999809265137,12.535996437072754,2980
2004-08-26,15.399999618530273,16.200000762939453,15.149999618530273,16.139999389648438,13.311246871948242,4310
2004-08-27,16.0,17.200000762939453,16.0,16.8700008392334,13.913305282592773,3190
2004-08-30,17.0,18.559999465942383,17.0,18.479999542236328,15.241128921508789,7267
2004-08-31,19.360000610351562,19.40999984741211,18.799999237060547,19.40999984741211,16.008140563964844,3741
2004-09-01,19.979999542236328,20.3799991607666,19.489999771118164,20.3799991607666,16.808130264282227,1987
2004-09-02,21.399999618530273,21.399999618530273,21.0,21.399999618530273,17.649364471435547,3066
2004-09-03,22.469999313354492,22.469999313354492,20.329999923706055,21.139999389648438,17.434926986694336,8158
2004-09-06,20.3799991607666,21.549999237060547,20.010000228881836,20.06999969482422,17.816648483276367,3496
2004-09-07,20.200000762939453,20.200000762939453,19.719999313354492,19.90999984741211,17.674619674682617,1134
2004-09-08,19.799999237060547,19.799999237060547,18.920000076293945,19.219999313354492,17.06208610534668,3409
2004-09-09,18.440000534057617,18.940000534057617,18.260000228881836,18.260000228881836,16.209867477416992,2135
2004-09-10,17.299999237060547,19.600000381469727,17.299999237060547,19.200000762939453,17.04433250427246,8355
2004-09-13,19.100000381469727,19.600000381469727,18.940000534057617,19.010000228881836,16.87566375732422,1001
2004-09-14,19.559999465942383,20.920000076293945,19.219999313354492,20.920000076293945,18.571218490600586,7387
2004-09-15,21.200000762939453,22.399999618530273,21.0,21.079999923706055,18.7132568359375,8763
2004-09-16,21.700000762939453,23.190000534057617,21.700000762939453,23.190000534057617,20.58635902404785,5682
2004-09-17,24.200000762939453,24.350000381469727,24.200000762939453,24.350000381469727,21.616119384765625,1151
2004-09-20,25.56999969482422,25.56999969482422,25.56999969482422,25.56999969482422,22.699138641357422,627
2004-09-21,26.850000381469727,26.850000381469727,26.850000381469727,26.850000381469727,23.835430145263672,1752
2004-09-22,28.200000762939453,28.200000762939453,27.350000381469727,27.68000030517578,24.572240829467773,46135
2004-09-23,27.399999618530273,29.06999969482422,26.450000762939453,29.06999969482422,25.806180953979492,45249
2004-09-24,29.399999618530273,30.530000686645508,29.399999618530273,30.530000686645508,27.102266311645508,26816
2004-09-27,31.559999465942383,32.060001373291016,31.200000762939453,32.060001373291016,28.46048355102539,31506
2004-09-28,32.599998474121094,33.599998474121094,31.459999084472656,32.189998626708984,28.57588768005371,45737
2004-09-29,32.70000076293945,32.900001525878906,30.579999923706055,30.579999923706055,27.14664649963379,22147
2004-09-30,30.399999618530273,31.600000381469727,29.049999237060547,29.3799991607666,26.081375122070312,15637
2004-10-01,29.959999084472656,30.850000381469727,29.959999084472656,30.850000381469727,27.386333465576172,5253
2004-10-04,31.799999237060547,32.400001525878906,31.799999237060547,32.400001525878906,28.762310028076172,11532
2004-10-05,33.88999938964844,34.02000045776367,32.189998626708984,34.02000045776367,30.200422286987305,28062
2004-10-06,35.29999923706055,35.720001220703125,34.79999923706055,35.16999816894531,31.22130584716797,32396
2004-10-07,35.9900016784668,36.93000030517578,35.29999923706055,36.93000030517578,32.78369903564453,25184
2004-10-08,37.7599983215332,38.779998779296875,37.400001525878906,37.650001525878906,33.4228630065918,18323
2004-10-11,37.400001525878906,37.400001525878906,34.0,35.099998474121094,31.15915870666504,5305
2004-10-12,34.599998474121094,35.0,32.0,33.20000076293945,29.472490310668945,15763
2004-10-13,33.20000076293945,33.20000076293945,33.20000076293945,33.20000076293945,29.472490310668945,0
2004-10-14,33.25,35.279998779296875,32.900001525878906,34.099998474121094,30.271440505981445,5469
2004-10-15,34.400001525878906,34.97999954223633,32.20000076293945,32.459999084472656,28.815570831298828,8426
2004-10-18,34.380001068115234,34.380001068115234,30.81999969482422,31.020000457763672,27.537246704101562,10523
2004-10-19,33.540000915527344,33.7599983215332,31.0,32.470001220703125,28.824451446533203,21181
2004-10-20,32.79999923706055,33.369998931884766,31.559999465942383,31.979999542236328,28.38946533203125,13194
2004-10-21,32.97999954223633,32.97999954223633,31.0,31.260000228881836,27.750301361083984,6796
2004-10-22,31.260000228881836,31.260000228881836,31.260000228881836,31.260000228881836,27.750301361083984,0
2004-10-25,31.790000915527344,33.0,31.200000762939453,31.360000610351562,27.83907699584961,7865
2004-10-26,31.780000686645508,32.29999923706055,31.0,31.209999084472656,27.705917358398438,4737
2004-10-27,31.989999771118164,31.989999771118164,30.799999237060547,31.270000457763672,27.759178161621094,4973
2004-10-28,31.200000762939453,34.400001525878906,31.200000762939453,34.400001525878906,30.537757873535156,32711
2004-10-29,34.900001525878906,36.599998474121094,34.25,34.540000915527344,30.66204071044922,30730
2004-11-01,35.279998779296875,37.0,35.0,36.560001373291016,32.45525360107422,21745
2004-11-02,36.97999954223633,37.400001525878906,35.0,35.279998779296875,31.31895637512207,23874
2004-11-03,35.900001525878906,36.5,35.0,35.16999816894531,31.22130584716797,9675
2004-11-04,35.959999084472656,36.040000915527344,33.29999923706055,34.29999923706055,30.448984146118164,11700
2004-11-05,34.599998474121094,36.040000915527344,34.400001525878906,35.09000015258789,31.150293350219727,15255
2004-11-08,35.400001525878906,35.59000015258789,34.5,34.66999816894531,30.77745246887207,9938
2004-11-09,35.380001068115234,36.97999954223633,35.0,35.880001068115234,31.851598739624023,27145
2004-11-10,36.97999954223633,36.97999954223633,36.04999923706055,36.43000030517578,32.33984375,8785
2004-11-11,36.040000915527344,37.18000030517578,36.040000915527344,36.38999938964844,32.30433654785156,8511
2004-11-12,37.400001525878906,38.779998779296875,37.0,38.29999923706055,33.99989318847656,14643
2004-11-15,38.29999923706055,38.29999923706055,38.29999923706055,38.29999923706055,33.99989318847656,0
2004-11-16,38.79999923706055,38.79999923706055,36.599998474121094,37.16999816894531,32.99675750732422,5734
2004-11-17,37.20000076293945,39.20000076293945,37.20000076293945,38.2400016784668,33.946624755859375,21175
2004-11-18,38.79999923706055,40.779998779296875,38.04999923706055,39.599998474121094,35.1539306640625,21138
2004-11-19,40.5,41.20000076293945,38.0,38.470001220703125,34.15081024169922,13049
2004-11-22,39.0,39.20000076293945,38.599998474121094,38.72999954223633,34.381614685058594,3469
2004-11-23,39.400001525878906,39.900001525878906,38.04999923706055,38.11000061035156,33.83121871948242,3879
2004-11-24,38.400001525878906,39.59000015258789,37.81999969482422,38.08000183105469,33.80459213256836,4355
2004-11-25,38.400001525878906,38.79999923706055,38.0099983215332,38.2599983215332,33.96438217163086,6400
2004-11-26,38.2599983215332,38.2599983215332,38.2599983215332,38.2599983215332,33.96438217163086,0
2004-11-29,38.36000061035156,38.36000061035156,37.47999954223633,37.939998626708984,33.68030548095703,2657
2004-11-30,38.400001525878906,38.599998474121094,36.02000045776367,36.25,32.1800537109375,8295
2004-12-01,36.52000045776367,36.52000045776367,35.599998474121094,36.099998474121094,32.04689025878906,2290
2004-12-02,36.029998779296875,37.34000015258789,36.0099983215332,36.810001373291016,32.67717742919922,1420
2004-12-03,36.31999969482422,37.599998474121094,36.29999923706055,37.0099983215332,32.85471725463867,3870
2004-12-06,34.5099983215332,39.5,34.5099983215332,37.7400016784668,33.50275802612305,4755
2004-12-07,38.20000076293945,38.369998931884766,37.400001525878906,37.75,33.51164245605469,5443
2004-12-08,38.0,38.880001068115234,37.0099983215332,37.189998626708984,33.01451110839844,4766
2004-12-09,37.97999954223633,38.0,37.20000076293945,37.209999084472656,33.032264709472656,2855
2004-12-10,38.18000030517578,39.0,37.709999084472656,38.5,34.17743682861328,8001
2004-12-13,37.5,42.349998474121094,37.5,42.349998474121094,37.59518814086914,24543
2004-12-14,45.0,46.0,42.0,42.45000076293945,37.6839485168457,32947
2004-12-15,43.0,43.79999923706055,40.599998474121094,41.09000015258789,36.47663879394531,9385
2004-12-16,42.29999923706055,42.29999923706055,40.70000076293945,41.27000045776367,36.636444091796875,3965
2004-12-17,41.599998474121094,41.939998626708984,40.20000076293945,41.130001068115234,36.51215362548828,4754
2004-12-20,41.099998474121094,41.689998626708984,41.0099983215332,41.22999954223633,36.60092544555664,4848
2004-12-21,41.41999816894531,42.0,41.20000076293945,41.36000061035156,36.71633529663086,5306
2004-12-22,42.099998474121094,43.0,41.400001525878906,41.400001525878906,36.75184631347656,3322
2004-12-23,40.79999923706055,42.400001525878906,40.79999923706055,41.31999969482422,36.680816650390625,6072
2004-12-24,41.599998474121094,44.79999923706055,41.400001525878906,42.61000061035156,37.82598876953125,16896
2004-12-27,42.0,42.849998474121094,41.41999816894531,42.11000061035156,37.38212585449219,4412
2004-12-28,43.0,43.0,42.0,42.29999923706055,37.5507926940918,3342
2004-12-29,42.36000061035156,42.400001525878906,41.81999969482422,42.22999954223633,37.488651275634766,3250
2004-12-30,42.5,43.58000183105469,42.209999084472656,43.0,38.172203063964844,5679
2004-12-31,43.400001525878906,47.29999923706055,43.0,47.29999923706055,41.98941421508789,23533
2005-01-03,49.79999923706055,49.79999923706055,47.0,48.34000015258789,42.912654876708984,14807
2005-01-04,47.599998474121094,47.97999954223633,45.630001068115234,47.099998474121094,41.811866760253906,6668
2005-01-05,47.20000076293945,48.599998474121094,43.599998474121094,47.810001373291016,42.44216537475586,11875
2005-01-06,45.400001525878906,48.79999923706055,45.400001525878906,48.290000915527344,42.86826705932617,4195
2005-01-07,47.29999923706055,48.70000076293945,46.400001525878906,46.81999969482422,41.563316345214844,4580
2005-01-10,49.29999923706055,49.29999923706055,45.29999923706055,46.599998474121094,41.368011474609375,725
2005-01-11,47.689998626708984,49.400001525878906,45.02000045776367,48.880001068115234,43.392032623291016,6753
2005-01-12,49.5,49.5,46.0,46.029998779296875,40.862003326416016,6014
2005-01-13,46.060001373291016,50.63999938964844,46.04999923706055,50.63999938964844,44.95441818237305,26200
2005-01-14,51.79999923706055,52.0,49.70000076293945,50.689998626708984,44.99880599975586,18960
2005-01-17,49.400001525878906,51.97999954223633,48.220001220703125,50.65999984741211,44.9721794128418,27650
2005-01-18,51.79999923706055,55.72999954223633,51.20000076293945,55.54999923706055,49.31315994262695,14008
2005-01-19,59.599998474121094,59.599998474121094,54.02000045776367,55.06999969482422,48.88705062866211,23938
2005-01-20,55.0,55.599998474121094,53.25,54.97999954223633,48.80714797973633,17056
2005-01-24,54.599998474121094,54.970001220703125,52.400001525878906,54.43000030517578,48.318904876708984,2248
2005-01-25,54.0,54.380001068115234,50.43000030517578,52.65999984741211,46.74763488769531,3019
2005-01-27,52.209999084472656,57.0,52.02000045776367,55.84000015258789,49.57060241699219,5192
2005-01-28,59.0,59.0,55.0,57.11000061035156,50.69800567626953,10901
2005-01-31,58.79999923706055,60.0,57.310001373291016,58.2599983215332,51.71889114379883,11929
2005-02-01,58.900001525878906,59.0,58.20000076293945,58.939998626708984,52.32254409790039,2560
2005-02-02,59.599998474121094,65.9800033569336,59.599998474121094,63.779998779296875,56.619140625,29497
2005-02-03,65.80000305175781,65.80000305175781,63.0,63.13999938964844,56.050994873046875,11149
2005-02-04,65.0,67.4000015258789,64.18000030517578,66.30999755859375,58.865081787109375,17151
2005-02-07,67.4000015258789,74.54000091552734,67.4000015258789,73.87000274658203,65.57627868652344,17206
2005-02-08,76.0,78.4000015258789,73.01000213623047,76.70999908447266,68.0974349975586,26306
2005-02-09,80.9800033569336,80.9800033569336,76.19999694824219,77.06999969482422,68.41703033447266,18596
2005-02-10,78.0,79.0,73.19999694824219,73.83000183105469,65.54077911376953,8378
2005-02-11,75.5999984741211,75.5999984741211,73.19999694824219,73.91999816894531,65.62066650390625,5676
2005-02-14,74.0199966430664,74.0199966430664,70.0,71.80999755859375,63.74757385253906,5146
2005-02-15,72.69000244140625,72.69999694824219,68.01000213623047,68.69000244140625,60.97787094116211,6736
2005-02-16,70.69999694824219,72.19999694824219,68.31999969482422,71.05000305175781,63.07290267944336,31302
2005-02-17,72.0,72.19999694824219,69.22000122070312,70.01000213623047,62.14967346191406,14738
2005-02-18,71.0,71.58000183105469,69.0,70.58000183105469,62.65567398071289,4034
2005-02-21,72.4000015258789,72.4000015258789,70.62000274658203,71.13999938964844,63.152801513671875,4337
2005-02-22,70.19999694824219,70.94000244140625,68.4000015258789,69.27999877929688,61.50162124633789,1872
2005-02-23,71.4000015258789,71.4000015258789,70.19999694824219,71.18000030517578,63.188316345214844,2272
2005-02-24,71.5999984741211,76.4000015258789,70.69999694824219,73.55000305175781,65.29222106933594,20308
2005-02-25,74.80000305175781,76.95999908447266,73.5999984741211,73.94999694824219,65.64730072021484,12196
2005-02-28,73.0,78.5999984741211,73.0,77.7300033569336,69.00292205810547,16496
2005-03-01,77.0,78.0,77.0,77.56999969482422,68.86087036132812,5322
2005-03-02,77.19999694824219,81.80000305175781,77.0,81.08999633789062,71.98567962646484,10261
2005-03-03,82.19999694824219,84.5999984741211,80.19999694824219,82.58000183105469,73.30838775634766,8036
2005-03-04,84.0,87.5999984741211,83.41000366210938,86.83000183105469,77.08120727539062,15071
2005-03-07,88.61000061035156,95.5199966430664,88.5999984741211,95.5199966430664,84.79554748535156,14006
2005-03-08,99.4000015258789,100.30000305175781,98.0,100.30000305175781,89.03889465332031,2837
2005-03-09,104.0,105.31999969482422,95.31999969482422,98.47000122070312,87.41433715820312,16461
2005-03-10,97.0,102.80000305175781,96.5999984741211,101.08000183105469,89.73131561279297,10610
2005-03-11,103.19999694824219,105.33999633789062,98.0,101.0,89.6602783203125,7439
2005-03-14,101.0999984741211,103.80000305175781,95.94999694824219,96.1500015258789,85.35480499267578,3324
2005-03-15,99.80000305175781,100.19999694824219,93.30000305175781,93.9800033569336,83.42845153808594,9673
2005-03-16,95.77999877929688,98.19999694824219,95.0,96.58999633789062,85.74540710449219,4313
2005-03-17,98.5999984741211,98.5999984741211,95.0199966430664,96.55000305175781,85.70990753173828,2732
2005-03-18,97.0,97.0,91.73999786376953,92.37000274658203,81.99919891357422,8745
2005-03-21,94.0,96.98999786376953,92.4000015258789,96.05999755859375,85.27491760253906,5943
2005-03-22,98.0,99.80000305175781,93.22000122070312,94.48999786376953,83.88119506835938,6700
2005-03-23,94.77999877929688,97.0,91.0199966430664,94.33000183105469,83.7391586303711,5466
2005-03-24,94.0,95.98999786376953,90.4000015258789,92.05999755859375,81.72400665283203,5441
2005-03-28,93.80000305175781,94.80000305175781,89.4000015258789,92.38999938964844,82.0169677734375,5466
2005-03-29,93.0,93.0,89.19999694824219,89.87999725341797,79.78877258300781,5455
2005-03-30,92.95999908447266,94.37999725341797,90.5999984741211,94.2699966430664,83.68589782714844,3213
2005-03-31,96.0,98.9800033569336,96.0,98.9800033569336,87.86708068847656,2794
2005-04-01,99.80000305175781,103.0,98.4000015258789,99.30999755859375,88.1600341796875,9107
2005-04-04,101.9800033569336,102.4000015258789,99.0,100.47000122070312,89.18978881835938,5755
2005-04-05,100.41999816894531,105.4000015258789,100.41999816894531,104.1500015258789,92.45661926269531,9840
2005-04-06,104.0,105.4000015258789,102.0,104.02999877929688,92.35009002685547,3798
2005-04-07,105.4000015258789,105.69000244140625,103.05000305175781,104.01000213623047,92.33233642578125,3013
2005-04-08,104.0,104.4000015258789,102.0,102.1500015258789,90.6811752319336,2147
2005-04-11,102.0,102.0,97.62999725341797,99.8499984741211,88.6393814086914,2463
2005-04-12,100.0,102.0,99.97000122070312,100.93000030517578,89.59814453125,1243
2005-04-13,104.19000244140625,109.95999908447266,100.0,101.33000183105469,89.95323181152344,1656
2005-04-15,96.19999694824219,99.0,96.0199966430664,97.08000183105469,86.18041229248047,2887
2005-04-18,98.0,98.0,93.19999694824219,96.5999984741211,85.7542953491211,1947
2005-04-19,102.0,102.0,95.0,96.3499984741211,85.5323715209961,1554
2005-04-20,98.0,98.0,95.0,96.73999786376953,85.87858581542969,1676
2005-04-21,99.19999694824219,101.98999786376953,98.0,100.11000061035156,88.87020111083984,5560
2005-04-22,100.8499984741211,109.68000030517578,100.19999694824219,107.44999694824219,95.3861083984375,8007
2005-04-25,110.19999694824219,113.69999694824219,105.0,106.47000122070312,94.51614379882812,3269
2005-04-26,105.02999877929688,107.5999984741211,105.02999877929688,105.69999694824219,93.83259582519531,1078
2005-04-27,105.19999694824219,106.4000015258789,104.76000213623047,105.27999877929688,93.45974731445312,2099
2005-04-28,105.0,106.19999694824219,103.0,105.02999877929688,93.2378158569336,1403
2005-04-29,103.30000305175781,105.4000015258789,103.25,105.0199966430664,93.22895050048828,5048
2005-05-02,106.0,106.0,101.80000305175781,104.01000213623047,92.33233642578125,3687
2005-05-03,104.5999984741211,105.0,102.19999694824219,104.25,92.54541015625,2306
2005-05-04,106.0,106.0,103.5999984741211,105.4000015258789,93.5662841796875,2155
2005-05-05,108.58000183105469,111.80000305175781,105.81999969482422,107.94000244140625,95.82110595703125,2790
2005-05-06,107.0,110.0,105.25,108.16999816894531,96.02528381347656,2562
2005-05-09,111.55999755859375,111.55999755859375,107.0,108.25,96.0962905883789,5043
2005-05-10,105.05000305175781,119.08000183105469,105.05000305175781,119.08000183105469,105.71035766601562,7879
2005-05-11,122.0999984741211,127.0,116.19999694824219,120.5,106.97093200683594,13116
2005-05-12,121.4000015258789,124.0,120.87999725341797,122.01000213623047,108.31140899658203,3219
2005-05-13,122.4000015258789,124.0,121.4000015258789,123.5999984741211,109.72288513183594,5247
2005-05-16,124.80000305175781,135.9600067138672,124.77999877929688,134.47999572753906,119.3813247680664,11311
2005-05-17,139.39999389648438,139.39999389648438,130.42999267578125,131.92999267578125,117.11762237548828,6063
2005-05-18,130.0,137.60000610351562,128.00999450683594,133.9499969482422,118.91083526611328,15411
2005-05-19,135.0,138.1999969482422,133.60000610351562,135.0500030517578,119.88734436035156,9241
2005-05-20,136.6199951171875,140.77999877929688,135.1999969482422,138.83999633789062,123.25181579589844,16393
2005-05-23,144.0,145.7899932861328,141.10000610351562,142.69000244140625,126.66957092285156,8020
2005-05-24,145.60000610351562,145.60000610351562,138.39999389648438,139.64999389648438,123.97087860107422,4250
2005-05-25,139.4199981689453,143.0,138.0,139.0800018310547,123.46487426757812,1859
2005-05-26,141.8000030517578,141.8000030517578,135.00999450683594,136.05999755859375,120.78392791748047,1453
2005-05-27,141.39999389648438,141.77999877929688,133.0,134.0800018310547,119.02626037597656,1824
2005-05-30,134.1999969482422,135.8000030517578,130.61000061035156,131.52999877929688,116.7625503540039,5553
2005-05-31,129.2100067138672,132.39999389648438,129.2100067138672,131.07000732421875,116.35420227050781,2893
2005-06-01,136.0,137.6300048828125,132.67999267578125,137.3800048828125,121.95574188232422,2006
2005-06-02,138.02000427246094,140.0,135.02000427246094,135.60000610351562,120.37560272216797,748
2005-06-03,134.02999877929688,137.60000610351562,134.02999877929688,135.17999267578125,120.00275421142578,1487
2005-06-06,135.9499969482422,135.9499969482422,133.0,133.25,118.28942108154297,881
2005-06-07,133.8000030517578,136.0,133.0,133.42999267578125,118.44921112060547,2153
2005-06-08,136.0,137.0,132.47999572753906,133.27999877929688,118.31607055664062,1300
2005-06-09,136.75999450683594,136.75999450683594,131.10000610351562,131.77999877929688,116.9844741821289,777
2005-06-10,134.0,134.0,130.39999389648438,130.55999755859375,115.90145111083984,980
2005-06-13,133.1999969482422,133.1999969482422,126.4000015258789,130.0,115.40434265136719,3295
2005-06-14,132.60000610351562,132.60000610351562,128.5,130.14999389648438,115.53748321533203,1649
2005-06-15,131.77999877929688,131.8000030517578,128.39999389648438,128.49000549316406,114.06385803222656,1639
2005-06-16,128.42999267578125,130.0,128.39999389648438,129.0500030517578,114.56099700927734,1621
2005-06-17,129.0500030517578,129.0500030517578,123.19999694824219,124.02999877929688,110.10460662841797,2620
2005-06-20,125.0,136.44000244140625,115.0,131.52000427246094,116.75366973876953,11864
2005-06-21,136.39999389648438,144.67999267578125,130.8000030517578,134.1300048828125,119.07064056396484,26801
2005-06-22,134.80999755859375,135.17999267578125,131.60000610351562,131.6699981689453,116.88683319091797,2868
2005-06-23,132.0,133.8000030517578,128.39999389648438,131.42999267578125,116.67376708984375,2198
2005-06-24,131.02999877929688,133.7899932861328,131.0,131.42999267578125,116.67376708984375,915
2005-06-27,132.97999572753906,133.0,129.0,130.1999969482422,115.58187103271484,870
2005-06-28,130.6300048828125,133.60000610351562,125.69999694824219,129.7899932861328,115.21791076660156,3839
2005-06-29,131.3000030517578,131.3000030517578,128.3000030517578,129.9600067138672,115.36882019042969,731
2005-06-30,132.1699981689453,138.39999389648438,132.1699981689453,136.00999450683594,120.73954010009766,8146
2005-07-01,137.8000030517578,139.8000030517578,132.1999969482422,134.1199951171875,119.061767578125,37805
2005-07-04,139.60000610351562,139.60000610351562,130.0,132.5399932861328,117.6591567993164,7130
2005-07-05,133.1999969482422,141.0,133.0,135.5500030517578,120.33120727539062,3033
2005-07-06,147.0,147.0,136.0,137.0500030517578,121.66278839111328,4188
2005-07-07,138.89999389648438,138.89999389648438,133.8000030517578,134.27999877929688,119.20377349853516,1150
2005-07-08,134.0,136.75999450683594,133.80999755859375,136.0500030517578,120.77507781982422,1669
2005-07-11,136.0,137.97999572753906,133.8000030517578,134.13999938964844,119.07949829101562,1238
2005-07-12,135.60000610351562,136.97000122070312,134.60000610351562,135.4499969482422,120.242431640625,2120
2005-07-13,135.0500030517578,136.60000610351562,135.0,135.0,119.84296417236328,3024
2005-07-14,136.60000610351562,136.80999755859375,135.0,135.00999450683594,119.85184478759766,1641
2005-07-15,135.1999969482422,139.5,135.0,135.0500030517578,119.88734436035156,3667
2005-07-18,138.9600067138672,140.1999969482422,134.66000366210938,139.91000366210938,124.20167541503906,3044
2005-07-19,140.39999389648438,144.0,138.8000030517578,140.7899932861328,124.98285675048828,3126
2005-07-20,140.60000610351562,141.39999389648438,138.0,140.75999450683594,124.95626068115234,2141
2005-07-21,137.4199981689453,145.0,137.4199981689453,142.49000549316406,126.49201202392578,6121
2005-07-22,144.8800048828125,146.97999572753906,143.0,145.32000732421875,129.0043182373047,6271
2005-07-25,146.0,159.60000610351562,141.39999389648438,147.17999267578125,130.6554412841797,16476
2005-07-26,147.0,152.05999755859375,147.0,147.58999633789062,131.01943969726562,1629
2005-07-27,148.75999450683594,149.0,147.42999267578125,148.72000122070312,132.02255249023438,486
2005-07-28,148.72000122070312,148.72000122070312,148.72000122070312,148.72000122070312,132.02255249023438,0
2005-07-29,142.39999389648438,149.8000030517578,142.39999389648438,147.0500030517578,130.54005432128906,1897
2005-08-01,148.0,155.97000122070312,140.00999450683594,151.8300018310547,134.78338623046875,5965
2005-08-02,155.4199981689453,163.6999969482422,144.0,158.69000244140625,140.87318420410156,31441
2005-08-03,160.1999969482422,165.60000610351562,159.8000030517578,164.19000244140625,145.7556610107422,6398
2005-08-04,165.39999389648438,180.61000061035156,165.0,180.61000061035156,160.33212280273438,10889
2005-08-05,187.0,188.0,172.0,176.25,156.4616241455078,32483
2005-08-08,179.0,185.07000732421875,175.0,181.77000427246094,161.36184692382812,15571
2005-08-09,183.8000030517578,184.60000610351562,178.39999389648438,180.44000244140625,160.1811981201172,3776
2005-08-10,175.6999969482422,183.97999572753906,175.6999969482422,176.89999389648438,157.03866577148438,2377
2005-08-11,181.8000030517578,181.8000030517578,175.0,177.1999969482422,157.30496215820312,4010
2005-08-12,176.0,182.17999267578125,176.0,177.3300018310547,157.42037963867188,1437
2005-08-16,177.97999572753906,184.97999572753906,177.97999572753906,182.85000610351562,162.3206024169922,5586
2005-08-17,184.5800018310547,192.0,182.0,192.0,170.44329833984375,9187
2005-08-18,199.0,201.60000610351562,193.39999389648438,196.0500030517578,174.03860473632812,5045
2005-08-19,201.60000610351562,203.5399932861328,195.60000610351562,198.80999755859375,176.4887237548828,3025
2005-08-22,202.0,203.60000610351562,191.0,193.55999755859375,171.82815551757812,2412
2005-08-23,192.39999389648438,196.60000610351562,186.0,186.99000549316406,165.99581909179688,4442
2005-08-24,189.1999969482422,189.1999969482422,180.1999969482422,184.17999267578125,163.5012969970703,2428
2005-08-25,185.0,193.0,183.25999450683594,192.25,170.66525268554688,6100
2005-08-26,193.0,200.0,192.8000030517578,196.00999450683594,174.00308227539062,4632
2005-08-29,196.0,202.0,192.1999969482422,199.5500030517578,177.1456298828125,3699
2005-08-30,200.00999450683594,200.00999450683594,193.44000244140625,197.77999877929688,175.5743865966797,1846
2005-08-31,197.60000610351562,203.39999389648438,195.41000366210938,199.50999450683594,177.11013793945312,2675
2005-09-01,205.0,205.0,196.05999755859375,197.77000427246094,179.6168212890625,1442
2005-09-02,200.99000549316406,207.66000366210938,198.3000030517578,207.66000366210938,188.59901428222656,6426
2005-09-05,212.0,217.75999450683594,208.02000427246094,212.49000549316406,192.98565673828125,2550
2005-09-06,216.8000030517578,216.8000030517578,210.0,211.3300018310547,191.93214416503906,4335
2005-09-08,213.8000030517578,220.0,211.0,218.0,197.9898681640625,2852
2005-09-09,213.0,220.0,213.0,214.74000549316406,195.0290985107422,2683
2005-09-12,213.0,225.0,210.02000427246094,221.22000122070312,200.91432189941406,3704
2005-09-13,220.0,223.8000030517578,217.0,219.89999389648438,199.7154998779297,3494
2005-09-14,220.0,223.97999572753906,218.0,219.85000610351562,199.67010498046875,2180
2005-09-15,230.8000030517578,230.8000030517578,220.0,229.7899932861328,208.69772338867188,3159
2005-09-16,231.0,236.0,231.0,233.4600067138672,212.03082275390625,2093
2005-09-19,229.0,234.99000549316406,227.39999389648438,232.6699981689453,211.31333923339844,3294
2005-09-20,226.39999389648438,230.8000030517578,226.39999389648438,227.86000061035156,206.94483947753906,1252
2005-09-21,222.1999969482422,222.91000366210938,216.47000122070312,218.32000732421875,198.28054809570312,3567
2005-09-22,226.0,228.0,207.41000366210938,207.41000366210938,188.37196350097656,4236
2005-09-23,200.0,208.0,198.0,203.80999755859375,185.10238647460938,10947
2005-09-26,204.8000030517578,214.0,204.39999389648438,210.3000030517578,190.99667358398438,2481
2005-09-27,202.60000610351562,220.82000732421875,202.60000610351562,220.82000732421875,200.55104064941406,1377
2005-09-28,223.8000030517578,231.8699951171875,221.0,231.57000732421875,210.31431579589844,5515
2005-09-29,237.1999969482422,240.0,231.0,236.0,214.33767700195312,4353
2005-09-30,240.0,247.8000030517578,235.1999969482422,246.41000366210938,223.7921600341797,4513
2005-10-03,252.0,254.0,248.60000610351562,252.19000244140625,229.04159545898438,3599
2005-10-04,253.0,262.0,252.0,258.9800109863281,235.20838928222656,4043
2005-10-05,260.0,262.0,252.0,260.6000061035156,236.67967224121094,4100
2005-10-06,256.0,258.0,252.39999389648438,254.94000244140625,231.5391845703125,3333
2005-10-07,259.3999938964844,259.3999938964844,242.60000610351562,255.07000732421875,231.6572723388672,2127
2005-10-10,255.8000030517578,264.6000061035156,252.1999969482422,262.0899963378906,238.0328826904297,3038
2005-10-11,270.989990234375,270.989990234375,256.0299987792969,258.20001220703125,234.49996948242188,2065
2005-10-13,259.8900146484375,262.9800109863281,258.0,259.0,235.22654724121094,756
2005-10-14,260.79998779296875,260.79998779296875,249.00999450683594,252.52000427246094,229.34132385253906,1790
2005-10-17,242.4199981689453,252.8000030517578,227.27000427246094,243.72999572753906,221.358154296875,3243
2005-10-18,244.02000427246094,246.0,220.4600067138672,240.00999450683594,217.97959899902344,1214
2005-10-19,228.00999450683594,232.0,218.0,223.4499969482422,202.9396514892578,2401
2005-10-20,218.0,230.0,201.25999450683594,208.64999389648438,189.49810791015625,5336
2005-10-21,220.0,220.0,198.08999633789062,207.19000244140625,188.172119140625,2109
2005-10-24,208.02999877929688,219.97000122070312,208.0,214.0500030517578,194.40243530273438,643
2005-10-25,219.77999877929688,223.77999877929688,216.1999969482422,219.83999633789062,199.6610107421875,807
2005-10-26,220.0,220.0,204.0,205.1699981689453,186.33755493164062,1601
2005-10-27,204.1999969482422,209.99000549316406,204.0,207.24000549316406,188.21755981445312,618
2005-10-28,200.41000366210938,207.0,196.02999877929688,198.25999450683594,180.06179809570312,2742
2005-10-31,202.97999572753906,208.0,201.0,206.75,187.77252197265625,1953
2005-11-02,221.60000610351562,232.0,216.0,225.5399932861328,204.83778381347656,1193
2005-11-04,225.5399932861328,225.5399932861328,225.5399932861328,225.5399932861328,204.83778381347656,0
2005-11-07,205.0,235.72999572753906,205.0,234.4499969482422,212.92994689941406,1372
2005-11-08,230.1999969482422,238.0,230.1999969482422,235.67999267578125,214.04705810546875,2082
2005-11-09,234.0,238.0,233.0,235.0,213.4294891357422,820
2005-11-10,235.0,240.0,234.0,237.74000549316406,215.91795349121094,3363
2005-11-11,239.99000549316406,258.79998779296875,217.02000427246094,244.77999877929688,222.311767578125,8215
2005-11-14,255.0,255.0,247.0,253.3800048828125,230.12237548828125,647
2005-11-16,254.0,260.0,254.0,258.510009765625,234.781494140625,3209
2005-11-17,258.79998779296875,258.79998779296875,252.02000427246094,255.41000366210938,231.96604919433594,2914
2005-11-18,254.0,254.0,249.2100067138672,250.69000244140625,227.67929077148438,2706
2005-11-21,250.69000244140625,253.8000030517578,248.49000549316406,250.80999755859375,227.7882537841797,423
2005-11-22,244.39999389648438,252.39999389648438,244.39999389648438,251.69000244140625,228.58750915527344,899
2005-11-23,246.0,255.5399932861328,245.0,247.6199951171875,224.8910675048828,957
2005-11-24,251.99000549316406,251.99000549316406,228.0,244.5800018310547,222.13014221191406,3123
2005-11-25,246.0,256.0,238.0,251.00999450683594,227.96990966796875,1376
2005-11-28,251.60000610351562,252.0,247.8800048828125,250.05999755859375,227.1071014404297,1415
2005-11-29,250.0,250.0,246.0,250.0,227.05262756347656,337
2005-11-30,250.0,251.8000030517578,248.52000427246094,250.25999450683594,227.28878784179688,908
2005-12-01,255.0,255.0,248.0,251.0500030517578,228.0062713623047,1283
2005-12-02,253.0,258.0,253.0,254.58999633789062,231.2213134765625,3691
2005-12-05,255.0,258.0,254.0,255.02999877929688,231.6209259033203,1584
2005-12-06,252.0,254.0,250.8000030517578,252.0,228.86904907226562,1389
2005-12-07,251.0,254.97000122070312,246.39999389648438,247.27000427246094,224.57321166992188,1722
2005-12-08,249.0,252.0,246.0500030517578,248.99000549316406,226.1352996826172,22931
2005-12-09,242.00999450683594,258.0,242.00999450683594,254.3000030517578,230.9579315185547,1267
2005-12-12,252.99000549316406,254.0,252.0,253.42999267578125,230.1677703857422,684
2005-12-13,257.6000061035156,257.6000061035156,249.0,252.0,228.86904907226562,305
2005-12-14,249.0,253.39999389648438,242.0,247.66000366210938,224.9274139404297,13409
2005-12-15,245.0399932861328,254.77999877929688,240.0,243.25,220.92222595214844,3154
2005-12-16,243.8000030517578,246.0,239.0,243.35000610351562,221.0130615234375,1816
2005-12-19,230.39999389648438,251.13999938964844,230.39999389648438,247.97000122070312,225.2089385986328,646
2005-12-20,245.9199981689453,265.0,245.9199981689453,262.0400085449219,237.9875030517578,17853
2005-12-21,263.0,270.0,252.0,266.92999267578125,242.42861938476562,5575
2005-12-22,271.3999938964844,288.79998779296875,269.79998779296875,283.05999755859375,257.0780944824219,8006
2005-12-23,290.0,292.79998779296875,278.0,280.1600036621094,254.4442596435547,4598
2005-12-26,282.20001220703125,282.20001220703125,275.6000061035156,277.0799865722656,251.6468963623047,2044
2005-12-27,274.0,279.94000244140625,274.0,277.4599914550781,251.99208068847656,5528
2005-12-28,278.0,284.0,278.0,282.44000244140625,256.51495361328125,11576
2005-12-29,279.20001220703125,296.94000244140625,279.20001220703125,294.3999938964844,267.3771667480469,3023
2005-12-30,299.6000061035156,304.0,295.0,300.0,272.463134765625,4670
2006-01-02,307.0,307.0,299.0,300.3500061035156,272.7810363769531,1421
2006-01-03,301.0,306.9800109863281,300.0,300.9599914550781,273.3350524902344,3132
2006-01-04,298.0,302.0,298.0,300.20001220703125,272.6448059082031,727
2006-01-05,300.6000061035156,300.6000061035156,296.0,299.2799987792969,271.8092041015625,1751
2006-01-06,300.0,300.0,296.6099853515625,297.0,269.7384948730469,647
2006-01-09,297.0,299.79998779296875,294.3999938964844,296.6199951171875,269.39337158203125,1682
2006-01-10,296.6199951171875,297.9599914550781,291.20001220703125,294.0799865722656,267.0865478515625,1030
2006-01-12,295.0,306.79998779296875,294.0,303.5199890136719,275.6600341796875,2344
2006-01-13,308.0,317.0,305.739990234375,312.5899963378906,283.8974914550781,3465
2006-01-16,312.5899963378906,312.5899963378906,299.79998779296875,310.4800109863281,281.9812316894531,1023
2006-01-17,313.989990234375,314.0,306.4100036621094,306.4100036621094,278.2847595214844,3931
2006-01-18,293.6300048828125,309.0,293.3999938964844,304.1400146484375,276.22314453125,3688
2006-01-19,310.0,325.0,308.0,321.92999267578125,292.3802185058594,2750
2006-01-20,329.6000061035156,352.0,322.3999938964844,347.67999267578125,315.7666015625,3802
2006-01-23,350.30999755859375,359.7900085449219,346.0,354.510009765625,321.9697570800781,1423
2006-01-24,359.79998779296875,359.79998779296875,342.0,347.0400085449219,315.1854248046875,1646
2006-01-25,351.0,351.0,334.3999938964844,339.42999267578125,308.27386474609375,1120
2006-01-27,340.0,344.0,334.0,337.489990234375,306.51190185546875,2248
2006-01-30,337.489990234375,341.94000244140625,311.2099914550781,331.6499938964844,301.20794677734375,840
2006-01-31,334.0,334.0,325.0,331.9700012207031,301.4986267089844,1848
2006-02-01,335.79998779296875,339.95001220703125,311.20001220703125,313.7300109863281,284.93292236328125,1294
2006-02-02,309.0,320.0,300.0,306.6300048828125,278.48455810546875,2017
2006-02-03,302.20001220703125,311.79998779296875,295.0,300.0799865722656,272.5357971191406,443
2006-02-06,300.0799865722656,312.0,300.0799865722656,305.2699890136719,277.2493896484375,3928
2006-02-07,312.8999938964844,312.8999938964844,300.04998779296875,300.7699890136719,273.16253662109375,505
2006-02-08,300.79998779296875,310.0,300.6000061035156,306.010009765625,277.9215393066406,3599
2006-02-10,302.04998779296875,308.0,302.0,305.05999755859375,277.0587463378906,333
2006-02-13,307.20001220703125,352.0,307.20001220703125,346.6499938964844,314.8312072753906,2973
2006-02-14,369.19000244140625,370.0,325.2300109863281,331.2900085449219,300.88104248046875,1923
2006-02-15,340.0,343.4700012207031,322.0,329.17999267578125,298.9647521972656,960
2006-02-16,335.79998779296875,339.6000061035156,328.010009765625,336.0899963378906,305.2404479980469,7288
2006-02-17,340.0,342.79998779296875,318.0,322.9700012207031,293.3247375488281,724
2006-02-20,330.3999938964844,332.0,315.510009765625,326.0299987792969,296.1039123535156,418
2006-02-21,340.0,340.0,323.010009765625,332.4800109863281,301.96185302734375,3484
2006-02-22,332.3999938964844,335.6000061035156,320.0,329.1000061035156,298.89208984375,1333
2006-02-23,332.0,339.5,324.0,333.69000244140625,303.0606994628906,379
2006-02-24,350.0,350.0,327.0,330.1000061035156,299.80029296875,5177
2006-02-27,322.010009765625,338.9800109863281,320.0,325.1400146484375,295.2955322265625,1205
2006-02-28,333.489990234375,336.0,325.6000061035156,330.05999755859375,299.7639465332031,622
2006-03-01,337.79998779296875,337.79998779296875,330.32000732421875,332.69000244140625,302.152587890625,678
2006-03-02,338.0,365.0,333.0,345.7900085449219,314.05010986328125,7559
2006-03-03,357.1000061035156,362.0,349.0,352.29998779296875,319.9626159667969,2735
2006-03-06,364.0,380.0,364.0,375.95001220703125,341.4417724609375,6696
2006-03-07,389.0,389.0,372.0,374.2699890136719,339.9159240722656,3972
2006-03-08,377.3999938964844,380.0,366.0899963378906,368.0,334.22149658203125,1634
2006-03-09,355.0,366.0,350.010009765625,359.2699890136719,326.29278564453125,4630
2006-03-10,356.0400085449219,377.6000061035156,356.0,367.8599853515625,334.09429931640625,6125
2006-03-13,382.0,403.0,364.3999938964844,389.3500061035156,353.6117248535156,8470
2006-03-14,390.0,409.0,389.42999267578125,399.17999267578125,362.5394287109375,5617
2006-03-16,409.0,409.0,396.0199890136719,397.489990234375,361.004638671875,5079
2006-03-17,407.79998779296875,407.8999938964844,396.6000061035156,400.04998779296875,363.32958984375,6527
2006-03-20,408.0,408.760009765625,401.0,404.6300048828125,367.4892578125,4779
2006-03-21,391.6000061035156,410.0,391.6000061035156,396.75,360.3324890136719,712
2006-03-22,396.20001220703125,404.0,389.6000061035156,390.9200134277344,355.0376281738281,5530
2006-03-23,390.0,396.0,370.0199890136719,381.75,346.7093811035156,3725
2006-03-24,380.0,389.9800109863281,374.0,379.70001220703125,344.8475036621094,5635
2006-03-27,366.0,391.989990234375,366.0,382.1199951171875,347.04541015625,14502
2006-03-28,389.7900085449219,389.7900085449219,373.20001220703125,374.3599853515625,339.9976501464844,11875
2006-03-29,374.1099853515625,386.0,371.260009765625,382.44000244140625,347.33599853515625,2947
2006-03-30,400.0,400.20001220703125,373.05999755859375,380.3299865722656,345.4197082519531,9296
2006-03-31,380.29998779296875,385.9800109863281,378.0,379.5299987792969,344.6931457519531,8645
2006-04-03,380.2200012207031,400.0,380.2099914550781,398.95001220703125,362.3305969238281,8819
2006-04-04,417.6000061035156,423.0,390.0,419.80999755859375,381.2758483886719,7548
2006-04-05,429.0,438.0,412.20001220703125,418.9599914550781,380.5038757324219,3469
2006-04-07,428.17999267578125,460.8599853515625,420.5,455.92999267578125,414.0804748535156,8509
2006-04-10,454.0,466.010009765625,436.20001220703125,439.5199890136719,399.17669677734375,5015
2006-04-12,447.0,447.0,420.0,423.1600036621094,384.3183898925781,4277
2006-04-13,422.0,422.0,390.0,407.69000244140625,370.268310546875,11554
2006-04-17,407.6000061035156,434.0,407.6000061035156,425.8299865722656,386.7432556152344,2165
2006-04-18,411.20001220703125,428.3999938964844,411.20001220703125,424.9599914550781,385.9530944824219,975
2006-04-19,438.0,459.0,436.0,442.4700012207031,401.85589599609375,5136
2006-04-20,452.79998779296875,452.79998779296875,430.0,436.8299865722656,396.7336120605469,2032
2006-04-21,448.0,448.0,415.0,419.6700134277344,381.1487121582031,2442
2006-04-24,410.0,461.6400146484375,410.0,454.1700134277344,412.48199462890625,2681
2006-04-25,463.6000061035156,495.79998779296875,451.1099853515625,476.9200134277344,433.1437683105469,4969
2006-04-26,497.9800109863281,498.0,453.6000061035156,488.2900085449219,443.47003173828125,3269
2006-04-27,494.20001220703125,505.739990234375,470.0,476.4700012207031,432.7350769042969,2010
2006-04-28,460.0,486.0,460.0,479.7699890136719,435.732177734375,1541
2006-05-02,520.0,549.7999877929688,517.1099853515625,529.02001953125,480.46142578125,4362
2006-05-03,556.0,556.0,520.0,524.8200073242188,476.64703369140625,2175
2006-05-04,536.4000244140625,536.4000244140625,508.0,512.0800170898438,465.076416015625,2128
2006-05-05,513.0,515.0,480.20001220703125,490.70001220703125,445.6589660644531,2980
2006-05-08,500.0,516.0,485.010009765625,487.05999755859375,442.3529357910156,1584
2006-05-09,483.0,494.9700012207031,482.0400085449219,491.07000732421875,445.9949645996094,1682
2006-05-10,492.9700012207031,522.9600219726562,492.79998779296875,502.6199951171875,456.4847412109375,2394
2006-05-11,515.4000244140625,515.4000244140625,490.0,498.989990234375,453.1880187988281,3241
2006-05-12,488.0,510.0,488.0,501.8500061035156,455.785400390625,1679
2006-05-15,506.0,506.0,472.6099853515625,479.0400085449219,435.06915283203125,4608
2006-05-16,457.0,515.7999877929688,432.0,474.80999755859375,431.22747802734375,4858
2006-05-17,514.0,514.0,482.0,486.94000244140625,442.2440185546875,3060
2006-05-18,466.3999938964844,480.20001220703125,440.0,460.0899963378906,417.85858154296875,4438
2006-05-19,450.0,472.739990234375,414.0799865722656,416.0299987792969,377.8428039550781,4969
2006-05-22,420.0,420.0,375.0,388.79998779296875,353.11224365234375,6346
2006-05-23,350.5,415.0,350.5,387.8800048828125,352.27667236328125,2173
2006-05-24,392.0,426.6700134277344,391.0,422.260009765625,383.5009765625,5324
2006-05-25,419.79998779296875,419.79998779296875,387.1000061035156,408.6199951171875,371.1130065917969,1820
2006-05-26,438.0,438.0,412.3999938964844,415.2300109863281,377.1162109375,1654
2006-05-29,414.0,424.0,414.0,421.010009765625,382.3656921386719,1466
2006-05-30,420.0,440.0,420.0,425.4700012207031,386.41632080078125,5353
2006-05-31,404.0,433.0,402.0,423.1300048828125,384.29107666015625,3873
2006-06-01,420.20001220703125,425.0,391.010009765625,401.6199951171875,364.7554626464844,3958
2006-06-02,402.20001220703125,402.20001220703125,376.0,387.1199951171875,351.58642578125,3461
2006-06-05,397.79998779296875,418.0,390.0,396.3999938964844,360.0146484375,6243
2006-06-06,367.79998779296875,395.6000061035156,356.7799987792969,376.42999267578125,341.877685546875,6791
2006-06-07,365.0,368.0,338.7900085449219,338.7900085449219,307.6925964355469,2241
2006-06-08,333.0,337.6000061035156,304.9100036621094,304.9100036621094,276.92242431640625,1899
2006-06-09,295.0,320.010009765625,289.6700134277344,312.2200012207031,283.56146240234375,7323
2006-06-12,313.0,327.82000732421875,308.0,317.2200012207031,288.10260009765625,2364
2006-06-13,302.0,314.0,301.3599853515625,301.3599853515625,273.69830322265625,1137
2006-06-14,300.0,300.0,286.29998779296875,286.29998779296875,260.0207214355469,1043
2006-06-15,279.9800109863281,280.0,272.0,272.0,247.0332794189453,946
2006-06-16,283.79998779296875,284.0,263.8399963378906,277.1700134277344,251.7287139892578,9615
2006-06-19,266.0,272.79998779296875,263.3599853515625,269.239990234375,244.5265655517578,2207
2006-06-20,270.20001220703125,275.0,255.8000030517578,262.4100036621094,238.32351684570312,6036
2006-06-21,259.20001220703125,275.5299987792969,259.20001220703125,275.5299987792969,250.23922729492188,1418
2006-06-22,289.0,289.30999755859375,282.2099914550781,289.30999755859375,262.75439453125,936
2006-06-23,286.6000061035156,299.6000061035156,276.0,284.05999755859375,257.98626708984375,4405
2006-06-26,274.3999938964844,281.8299865722656,267.7300109863281,267.95001220703125,243.35504150390625,888
2006-06-27,260.0,275.0,254.55999755859375,265.3599853515625,241.00274658203125,1264
2006-06-28,252.39999389648438,272.70001220703125,252.39999389648438,260.9700012207031,237.0156707763672,583
2006-06-29,268.67999267578125,269.0,257.20001220703125,263.29998779296875,239.1318359375,520
2006-06-30,263.0400085449219,276.4700012207031,263.0400085449219,276.4700012207031,251.0929412841797,1796
2006-07-03,277.0,284.0,277.0,280.2900085449219,254.5623321533203,1412
2006-07-04,285.79998779296875,290.0,270.20001220703125,276.8699951171875,251.4562225341797,722
2006-07-05,275.20001220703125,282.989990234375,268.4100036621094,280.2799987792969,254.55323791503906,981
2006-07-06,275.0,276.3900146484375,271.239990234375,274.6700134277344,249.4582061767578,1709
2006-07-07,280.0,280.0,262.0,265.30999755859375,240.95733642578125,2126
2006-07-10,277.79998779296875,277.79998779296875,264.20001220703125,266.3299865722656,241.8837127685547,529
2006-07-11,268.0,271.79998779296875,266.20001220703125,270.4800109863281,245.6527862548828,263
2006-07-12,263.260009765625,282.79998779296875,263.20001220703125,273.5,248.39552307128906,2480
2006-07-13,279.0,279.3999938964844,268.2099914550781,272.6300048828125,247.60540771484375,484
2006-07-14,272.0,272.989990234375,266.70001220703125,268.1000061035156,243.49124145507812,676
2006-07-17,267.3999938964844,272.5400085449219,255.05999755859375,259.3800048828125,235.57167053222656,606
2006-07-18,260.239990234375,260.239990234375,246.4199981689453,246.64999389648438,224.01011657714844,2349
2006-07-19,249.60000610351562,249.60000610351562,234.32000732421875,234.47000122070312,212.94810485839844,1512
2006-07-20,243.8000030517578,243.8000030517578,225.0,234.22000122070312,212.7210693359375,786
2006-07-21,234.60000610351562,234.60000610351562,222.50999450683594,222.50999450683594,202.0858917236328,491
2006-07-24,212.0,225.0,211.38999938964844,216.4499969482422,196.58213806152344,765
2006-07-25,219.8000030517578,227.27999877929688,211.0,226.02000427246094,205.27374267578125,3008
2006-07-26,228.0,237.3300018310547,226.1999969482422,237.3300018310547,215.5455780029297,1081
2006-07-27,247.39999389648438,249.1999969482422,243.0,249.1999969482422,226.3260498046875,787
2006-07-28,258.0,261.6600036621094,254.0,259.67999267578125,235.84408569335938,1861
2006-07-31,269.79998779296875,270.0,255.1199951171875,260.7200012207031,236.78863525390625,6837
2006-08-01,257.79998779296875,257.79998779296875,247.69000244140625,248.02000427246094,225.25437927246094,1355
2006-08-02,238.0,256.0,237.0,248.02000427246094,225.25437927246094,905
2006-08-03,238.1999969482422,260.0,238.1999969482422,246.9499969482422,224.28256225585938,2111
2006-08-04,247.61000061035156,254.0,240.0,250.16000366210938,227.19793701171875,1938
2006-08-07,246.39999389648438,250.0,240.8000030517578,246.77999877929688,224.12818908691406,949
2006-08-08,242.61000061035156,259.0,242.61000061035156,258.3399963378906,234.6270751953125,1184
2006-08-09,257.0,271.260009765625,257.0,267.5799865722656,243.01893615722656,1985
2006-08-10,258.0,275.0,258.0,267.6600036621094,247.7205047607422,1078
2006-08-11,270.0,273.0,264.1000061035156,269.6600036621094,249.57151794433594,1085
2006-08-14,278.0,278.82000732421875,267.0,274.92999267578125,254.4489288330078,436
2006-08-16,278.0,302.42999267578125,262.010009765625,302.0,279.50238037109375,5076
2006-08-17,320.0,320.0,299.79998779296875,302.5899963378906,280.0483703613281,5732
2006-08-18,302.0,314.0,292.25,310.8800048828125,287.7207946777344,3073
2006-08-21,312.0,318.0,309.4100036621094,314.2200012207031,290.81201171875,4227
2006-08-22,318.8999938964844,319.0,310.0,315.2799987792969,291.7929992675781,3763
2006-08-23,314.0,314.8900146484375,302.20001220703125,310.0,286.9063720703125,2646
2006-08-24,298.69000244140625,318.0,298.69000244140625,303.2099914550781,280.6221923828125,1320
2006-08-25,317.6000061035156,317.6000061035156,300.79998779296875,304.75,282.0475158691406,1941
2006-08-28,306.0,310.0,303.0,306.1400146484375,283.3338928222656,2809
2006-08-29,309.20001220703125,309.6000061035156,296.0,298.70001220703125,276.44818115234375,834
2006-08-30,305.0,314.6000061035156,298.0,304.30999755859375,281.6402587890625,1252
2006-08-31,310.0,310.0,303.0,303.4100036621094,280.80731201171875,2274
2006-09-01,309.0,310.0,301.0,304.3800048828125,281.7051086425781,3006
2006-09-04,294.0,311.79998779296875,294.0,310.3800048828125,287.2580871582031,1651
2006-09-05,316.0,326.8999938964844,313.0,316.2900085449219,292.7277526855469,9750
2006-09-06,324.79998779296875,347.9200134277344,320.0,347.9200134277344,322.00152587890625,15523
2006-09-07,338.3599853515625,382.20001220703125,335.6000061035156,362.3800048828125,335.38433837890625,37915
2006-09-08,369.0,377.6000061035156,361.79998779296875,364.8800048828125,337.6980895996094,15003
2006-09-11,369.6000061035156,377.6000061035156,362.0,363.8599853515625,336.7540588378906,17088
2006-09-12,372.0,378.0,354.0,365.239990234375,338.0312194824219,35516
2006-09-13,372.1000061035156,396.3999938964844,372.1000061035156,385.04998779296875,356.3655700683594,275428
2006-09-14,387.0,389.0,372.6000061035156,373.70001220703125,345.8610534667969,101488
2006-09-15,376.6000061035156,376.6000061035156,361.0,362.54998779296875,335.5416564941406,81763
2006-09-18,357.5,362.0,352.6000061035156,354.29998779296875,327.9061584472656,51881
2006-09-19,353.0,363.45001220703125,336.1499938964844,341.0,315.5970458984375,133770
2006-09-20,340.0,340.0,320.0,327.1000061035156,302.7325134277344,98450
2006-09-21,329.0,348.45001220703125,326.0,335.79998779296875,310.7843933105469,109924
2006-09-22,335.8999938964844,338.0,317.3999938964844,320.1499938964844,296.30029296875,85155
2006-09-25,329.0,329.0,303.25,310.29998779296875,287.18402099609375,106311
2006-09-26,314.3999938964844,324.29998779296875,310.0,315.75,292.2280578613281,49245
2006-09-27,323.0,323.0,310.04998779296875,312.04998779296875,288.8035888671875,26692
2006-09-28,314.0,317.0,308.0,309.95001220703125,286.86016845703125,18655
2006-09-29,314.75,318.0,311.0,315.95001220703125,292.4132080078125,24742
2006-10-03,328.3999938964844,328.3999938964844,315.0,316.8999938964844,293.2923583984375,29615
2006-10-04,317.5,321.0,312.0,314.04998779296875,290.6546936035156,20952
2006-10-05,324.8999938964844,324.8999938964844,315.0,316.6499938964844,293.06097412109375,28742
2006-10-06,315.20001220703125,337.5,315.0,330.70001220703125,306.0643615722656,67814
2006-10-09,331.0,355.0,325.0,341.8999938964844,316.42999267578125,67789
2006-10-10,345.1499938964844,351.8999938964844,337.0,339.5,314.2087707519531,24849
2006-10-11,340.0,343.45001220703125,327.0,328.75,304.2595520019531,14899
2006-10-12,328.0,335.8999938964844,322.0,324.1000061035156,299.9560241699219,52608
2006-10-13,329.79998779296875,336.5,326.0,333.04998779296875,308.2392578125,35641
2006-10-16,335.1000061035156,342.95001220703125,332.5,334.75,309.8126525878906,22876
2006-10-17,334.0,338.0,331.25,335.6000061035156,310.5992736816406,25701
2006-10-18,335.0,345.0,335.0,343.5,317.9107666015625,26487
2006-10-19,345.0,377.8500061035156,342.5,377.8500061035156,349.7018737792969,118975
2006-10-20,383.0,407.8999938964844,372.20001220703125,391.25,362.1036071777344,277455
2006-10-23,399.3999938964844,399.3999938964844,366.1000061035156,371.8999938964844,344.1950988769531,27092
2006-10-26,373.8999938964844,387.5,365.1499938964844,369.3500061035156,341.8350830078125,36412
2006-10-27,379.3999938964844,379.3999938964844,368.29998779296875,373.29998779296875,345.4908142089844,34558
2006-10-30,370.0,387.5,368.1000061035156,371.3500061035156,343.68609619140625,51451
2006-10-31,367.0,377.0,356.25,360.6000061035156,333.7369079589844,21928
2006-11-01,359.0,359.0,337.0,346.20001220703125,320.4096374511719,93462
2006-11-02,358.0,358.95001220703125,345.04998779296875,350.5,324.3892822265625,65548
2006-11-03,345.1000061035156,368.0,345.1000061035156,363.29998779296875,336.2357482910156,91725
2006-11-06,366.75,383.79998779296875,364.0,378.1499938964844,349.97955322265625,57465
2006-11-07,380.0,392.0,372.0,376.0,347.98974609375,43564
2006-11-08,378.0,383.0,355.0,360.75,333.8757629394531,24965
2006-11-09,366.8999938964844,371.0,357.25,360.8999938964844,334.0145568847656,11620
2006-11-10,359.0,397.0,358.0,384.3999938964844,355.7638854980469,191405
2006-11-13,389.0,395.0,380.29998779296875,384.6000061035156,355.9490051269531,58326
2006-11-14,394.0,394.0,384.0,385.20001220703125,356.50433349609375,28150
2006-11-15,389.8999938964844,391.5,381.3999938964844,383.0,354.4682312011719,29080
2006-11-16,382.0,386.95001220703125,361.0,363.75,336.65228271484375,13061
2006-11-17,370.0,376.95001220703125,365.0,368.70001220703125,341.2335205078125,17081
2006-11-20,359.8999938964844,372.0,351.0,369.79998779296875,342.2515869140625,14391
2006-11-21,369.8999938964844,406.79998779296875,369.8999938964844,392.54998779296875,363.3067932128906,3294328
2006-11-22,400.0,413.0,398.1000061035156,401.5,371.5900573730469,181241
2006-11-23,406.79998779296875,410.0,396.04998779296875,399.8500061035156,370.0630187988281,146322
2006-11-24,402.0,403.8999938964844,390.0,392.5,363.260498046875,31916
2006-11-27,394.20001220703125,404.0,382.0,386.1499938964844,357.3835754394531,190878
2006-11-28,385.8999938964844,391.0,382.0,385.29998779296875,356.59686279296875,30879
2006-11-29,389.5,414.8999938964844,388.0,401.79998779296875,371.8676452636719,3369917
2006-11-30,414.8999938964844,414.8999938964844,401.0,402.6000061035156,372.60809326171875,76894
2006-12-01,407.70001220703125,410.0,396.54998779296875,401.45001220703125,371.5437927246094,60534
2006-12-04,408.0,408.0,399.1000061035156,401.25,371.3586120605469,37800
2006-12-05,408.0,408.29998779296875,375.0,404.20001220703125,374.0888977050781,26464
2006-12-06,404.1000061035156,405.0,387.0,397.79998779296875,368.1656799316406,27243
2006-12-07,400.5,407.54998779296875,395.5,404.29998779296875,374.1814880371094,19220
2006-12-08,400.0,404.95001220703125,390.0,392.6499938964844,363.39935302734375,46875
2006-12-11,400.0,403.0,369.0,381.29998779296875,352.8948669433594,32849
2006-12-12,362.1000061035156,395.0,362.1000061035156,381.20001220703125,352.80224609375,31253
2006-12-13,381.0,381.0,355.0,374.20001220703125,346.32373046875,223996
2006-12-14,378.0,389.8500061035156,376.0,380.95001220703125,352.57098388671875,15573
2006-12-15,389.8999938964844,394.70001220703125,382.0,386.3999938964844,357.6149597167969,14398
2006-12-18,393.75,397.8999938964844,379.0,390.25,361.1780700683594,8416
2006-12-19,390.0,390.0,375.1499938964844,380.79998779296875,352.43212890625,4550
2006-12-20,388.0,398.95001220703125,377.0,382.70001220703125,354.19061279296875,6541
2006-12-21,386.0,386.0,372.04998779296875,374.1000061035156,346.231201171875,5096
2006-12-22,374.0,385.0,373.0,378.1000061035156,349.9332580566406,7321
2006-12-26,388.0,409.8999938964844,379.0,393.6499938964844,364.3247985839844,99354
2006-12-27,403.0,410.0,390.0,391.5,362.33502197265625,67556
2006-12-28,399.5,399.5,384.0,385.95001220703125,357.19842529296875,19292
2006-12-29,380.5,387.8500061035156,365.1499938964844,368.3999938964844,340.95587158203125,37107
2007-01-02,385.0,385.0,372.25,376.29998779296875,348.2673034667969,13670
2007-01-03,383.0,395.8999938964844,371.5,387.1499938964844,358.30908203125,27628
2007-01-04,391.5,391.8999938964844,380.1499938964844,381.75,353.31134033203125,11636
2007-01-05,380.3500061035156,385.8999938964844,375.1000061035156,377.75,349.60931396484375,8865
2007-01-08,378.0,382.79998779296875,369.0,371.45001220703125,343.77862548828125,12148
2007-01-09,378.75,379.0,372.04998779296875,373.79998779296875,345.9535827636719,6902
2007-01-10,374.0,377.0,365.1499938964844,366.1499938964844,338.87347412109375,6437
2007-01-11,365.0,372.5,365.0,369.20001220703125,341.69622802734375,6877
2007-01-12,374.75,376.70001220703125,371.0,371.29998779296875,343.63983154296875,7844
2007-01-15,365.0,379.0,365.0,376.29998779296875,348.2673034667969,14546
2007-01-16,382.0,382.0,373.0,379.75,351.4602966308594,9278
2007-01-17,380.25,389.0,372.0,376.20001220703125,348.17486572265625,16335
2007-01-18,379.75,379.75,368.20001220703125,369.79998779296875,342.2515869140625,4405
2007-01-19,379.0,379.3500061035156,368.79998779296875,371.70001220703125,344.0099792480469,3889
2007-01-22,370.0,371.6499938964844,364.0,370.1000061035156,342.5292053222656,13316
2007-01-23,370.5,374.75,365.0,366.3999938964844,339.1048889160156,2325
2007-01-24,370.5,375.0,365.1499938964844,367.1000061035156,339.75274658203125,4947
2007-01-25,370.0,374.0,366.45001220703125,371.6499938964844,343.9637451171875,135205
2007-01-29,371.0,383.95001220703125,370.5,372.25,344.51904296875,17952
2007-01-31,350.0,385.0,350.0,379.8999938964844,351.59912109375,17757
2007-02-01,360.0,385.0,360.0,368.3999938964844,340.95587158203125,13509
2007-02-02,370.25,376.8500061035156,368.0,370.25,342.66802978515625,9858
2007-02-05,365.54998779296875,379.3500061035156,365.1000061035156,365.8999938964844,338.64208984375,8305
2007-02-06,369.0,369.0,361.45001220703125,364.6499938964844,337.4852294921875,8638
2007-02-07,363.0,368.0,360.0,363.6000061035156,336.5133972167969,18191
2007-02-08,363.1000061035156,367.25,346.5,351.6000061035156,325.4073486328125,13969
2007-02-09,342.0,358.95001220703125,342.0,354.20001220703125,327.81365966796875,17889
2007-02-12,343.1000061035156,369.95001220703125,331.04998779296875,347.75,321.84417724609375,26518
2007-02-13,341.3500061035156,358.0,339.1000061035156,349.3500061035156,323.3249816894531,11239
2007-02-14,348.3999938964844,353.0,333.0,347.8999938964844,321.98297119140625,19949
2007-02-15,355.0,355.0,338.0,342.5,316.9852600097656,27346
2007-02-19,335.0,360.0,335.0,345.1000061035156,319.3916320800781,34572
2007-02-20,345.0,345.25,342.04998779296875,343.8999938964844,318.2810363769531,6585
2007-02-21,349.8999938964844,349.8999938964844,340.5,347.6000061035156,321.7053527832031,11051
2007-02-22,343.1000061035156,350.0,343.0,344.75,319.06768798828125,15454
2007-02-23,342.1499938964844,350.0,335.25,343.5,317.9107666015625,11542
2007-02-26,347.5,362.79998779296875,338.04998779296875,341.8500061035156,316.3836669921875,8641
2007-02-27,337.1000061035156,347.6499938964844,337.1000061035156,341.1000061035156,315.68963623046875,3769
2007-02-28,321.6000061035156,360.0,310.04998779296875,336.8500061035156,311.7561950683594,12022
2007-03-01,321.0,348.95001220703125,303.5,321.5,297.5496520996094,21827
2007-03-02,322.0,335.0,320.0,322.0,298.01239013671875,3758
2007-03-05,303.45001220703125,314.95001220703125,289.79998779296875,295.54998779296875,273.5328674316406,19842
2007-03-06,308.95001220703125,315.0,280.0,301.29998779296875,278.8544616699219,10253
2007-03-07,303.0,303.8999938964844,276.0,287.20001220703125,265.8049011230469,8620
2007-03-08,290.0,304.8999938964844,280.25,301.45001220703125,278.9933776855469,2982
2007-03-09,307.0,309.0,285.54998779296875,303.1499938964844,280.566650390625,4795
2007-03-12,301.0,333.5,301.0,332.70001220703125,307.9153137207031,11749
2007-03-13,334.0,366.0,322.0,361.1499938964844,334.2459411621094,25759
2007-03-14,330.0,355.0,330.0,346.95001220703125,321.10369873046875,7670
2007-03-15,359.8999938964844,364.0,355.0,359.95001220703125,333.13531494140625,32291
2007-03-16,349.6499938964844,352.0,341.95001220703125,342.75,317.2166442871094,3297
2007-03-19,331.29998779296875,345.0,326.04998779296875,334.54998779296875,309.62750244140625,7708
2007-03-20,341.8999938964844,342.95001220703125,335.20001220703125,336.0,310.9695129394531,2376
2007-03-21,346.3500061035156,352.75,338.0,346.8500061035156,321.01123046875,18399
2007-03-22,349.0,358.70001220703125,346.25,354.70001220703125,328.2763977050781,85450
2007-03-23,340.0,355.95001220703125,340.0,352.1499938964844,325.9164123535156,4233
2007-03-26,336.3500061035156,363.75,336.3500061035156,360.0,333.181640625,9663
2007-03-28,353.25,363.0,345.0,359.45001220703125,332.672607421875,5613
2007-03-29,364.0,366.8999938964844,353.04998779296875,364.1499938964844,337.0224609375,3535
2007-03-30,360.1000061035156,364.1000061035156,356.6499938964844,362.0,335.0325927734375,2782
2007-04-02,347.0,353.8500061035156,343.8999938964844,343.8999938964844,318.2810363769531,22712
2007-04-03,340.0,353.8500061035156,327.0,329.0,304.490966796875,6079
2007-04-04,338.6499938964844,338.6499938964844,325.5,328.29998779296875,303.84307861328125,5763
2007-04-05,325.0,335.0,322.5,328.6000061035156,304.1208190917969,3819
2007-04-09,334.0,338.0,329.04998779296875,332.1499938964844,307.40631103515625,5625
2007-04-10,338.70001220703125,363.3999938964844,335.20001220703125,353.25,326.9344177246094,7835
2007-04-11,343.5,384.70001220703125,343.5,378.0,349.84063720703125,70392
2007-04-12,372.0,396.0,372.0,380.25,351.9230651855469,23843
2007-04-13,378.0,378.0,362.20001220703125,368.6499938964844,341.187255859375,2404
2007-04-16,384.5,384.5,363.04998779296875,372.5,344.7503967285156,3724
2007-04-17,382.0,385.0,367.1000061035156,370.6000061035156,342.991943359375,2975
2007-04-18,364.0,376.95001220703125,364.0,369.5,341.9738464355469,2479
2007-04-19,361.1000061035156,380.0,352.1499938964844,358.04998779296875,331.3768615722656,31670
2007-04-20,369.0,380.0,358.8999938964844,365.1499938964844,337.9479064941406,23308
2007-04-23,371.0,372.0,353.1000061035156,366.6499938964844,339.336181640625,11001
2007-04-24,362.8500061035156,370.0,361.8999938964844,365.70001220703125,338.4569396972656,4101
2007-04-25,369.8500061035156,372.0,364.0,367.70001220703125,340.3079833984375,4711
2007-04-26,366.5,370.0,355.0,356.8999938964844,330.31256103515625,7303
2007-04-27,355.0,355.0,325.0,331.25,306.57330322265625,22393
2007-04-30,336.95001220703125,341.25,330.0,336.70001220703125,311.61737060546875,3209
2007-05-03,343.1000061035156,343.1000061035156,318.04998779296875,331.6000061035156,306.8972473144531,12581
2007-05-04,333.0,337.0,319.0,330.3999938964844,305.7866516113281,3853
2007-05-07,336.5,339.75,331.0,333.04998779296875,308.2392578125,3829
2007-05-08,333.0,334.0,322.20001220703125,325.3999938964844,301.1591491699219,1935
2007-05-09,333.8999938964844,333.8999938964844,321.29998779296875,331.70001220703125,306.9898681640625,2108
2007-05-10,333.0,333.75,322.1000061035156,324.8500061035156,300.650146484375,1725
2007-05-11,320.04998779296875,326.5,319.20001220703125,320.29998779296875,296.4390869140625,2512
2007-05-14,320.70001220703125,330.5,320.70001220703125,324.29998779296875,300.14105224609375,1708
2007-05-15,329.0,333.0,315.1000061035156,322.8500061035156,298.79913330078125,5683
2007-05-16,325.6000061035156,328.0,318.1000061035156,324.5,300.326171875,5126
2007-05-17,334.8999938964844,345.0,327.8500061035156,332.04998779296875,307.31378173828125,10572
2007-05-18,330.0,334.3999938964844,322.0,325.1499938964844,300.9278259277344,9516
2007-05-21,334.8999938964844,336.0,320.5,331.1000061035156,306.4345397949219,8266
2007-05-22,327.25,335.0,325.1000061035156,330.29998779296875,305.6941223144531,5742
2007-05-23,334.0,334.0,318.0,323.8999938964844,299.7709045410156,45743
2007-05-24,333.0,333.0,323.6499938964844,324.70001220703125,300.51129150390625,33214
2007-05-25,315.29998779296875,328.0,315.29998779296875,318.25,294.5417785644531,46486
2007-05-28,340.0,340.0,322.0,324.54998779296875,300.3724365234375,7802
2007-05-29,328.0,329.0,322.5,326.3500061035156,302.0383605957031,4345
2007-05-30,326.1000061035156,359.0,326.1000061035156,340.1499938964844,314.810302734375,95634
2007-05-31,349.8999938964844,359.8999938964844,335.0,338.20001220703125,313.005615234375,30467
2007-06-01,338.0,343.04998779296875,330.0,333.70001220703125,308.84088134765625,7562
2007-06-04,342.8999938964844,342.8999938964844,325.04998779296875,331.0,306.34197998046875,3679
2007-06-05,326.20001220703125,338.5,323.0,335.29998779296875,310.3216247558594,3155
2007-06-06,327.1000061035156,333.0,323.20001220703125,324.95001220703125,300.7427062988281,6491
2007-06-07,325.0,334.8999938964844,317.04998779296875,332.3999938964844,307.63775634765625,7190
2007-06-08,323.04998779296875,329.45001220703125,323.0,325.70001220703125,301.4368591308594,1875
2007-06-11,331.0,333.79998779296875,325.1000061035156,330.20001220703125,305.60162353515625,4857
2007-06-12,326.1000061035156,350.0,326.1000061035156,334.04998779296875,309.1647644042969,25387
2007-06-13,339.25,367.5,335.04998779296875,367.5,340.1228942871094,134467
2007-06-14,374.0,388.8999938964844,374.0,380.29998779296875,351.9692687988281,107193
2007-06-15,384.0,384.5,365.0,368.1499938964844,340.7244873046875,19604
2007-06-18,370.0,384.0,350.0,376.79998779296875,348.7300109863281,93861
2007-06-19,376.79998779296875,377.0,365.0,368.3500061035156,340.90960693359375,8966
2007-06-20,370.0,373.8999938964844,360.0,361.0,334.10711669921875,9104
2007-06-21,361.0,373.8999938964844,361.0,371.45001220703125,343.77862548828125,8882
2007-06-22,374.0,376.0,361.0,373.70001220703125,345.8610534667969,4820
2007-06-25,373.0,382.0,361.0,362.95001220703125,335.91180419921875,5973
2007-06-26,363.1000061035156,374.0,362.0,365.20001220703125,337.9942321777344,8627
2007-06-27,366.0,371.8999938964844,361.25,363.1000061035156,336.0506896972656,10525
2007-06-28,367.0,376.8999938964844,365.0,374.29998779296875,346.4162902832031,8476
2007-06-29,381.0,387.0,375.29998779296875,377.79998779296875,349.65557861328125,41268
2007-07-02,381.8999938964844,389.0,375.1499938964844,377.95001220703125,349.79443359375,12174
2007-07-03,379.0,390.0,377.0,383.54998779296875,354.9772644042969,21723
2007-07-04,389.0,391.0,380.20001220703125,381.6000061035156,353.1724853515625,12477
2007-07-05,385.0,390.0,368.0,376.3500061035156,348.31365966796875,11745
2007-07-06,376.3999938964844,394.0,374.0,384.6000061035156,355.9490051269531,12037
2007-07-09,386.0,388.0,374.79998779296875,376.54998779296875,348.49871826171875,5184
2007-07-10,388.0,388.0,374.0,374.95001220703125,347.01788330078125,5018
2007-07-11,373.5,378.6000061035156,368.0,370.70001220703125,343.08447265625,2707
2007-07-12,375.79998779296875,388.0,374.0,375.1000061035156,347.1567077636719,28591
2007-07-13,380.95001220703125,414.95001220703125,371.3999938964844,395.54998779296875,366.0832214355469,67409
2007-07-16,400.0,402.75,390.1499938964844,395.3500061035156,365.8981628417969,34894
2007-07-17,397.0,398.8500061035156,390.0,395.1499938964844,365.7130432128906,21112
2007-07-18,380.1000061035156,393.5,380.1000061035156,390.45001220703125,361.3631896972656,10333
2007-07-19,390.0,404.0,390.0,395.25,365.8056640625,12081
2007-07-20,395.0,398.0,390.04998779296875,394.04998779296875,364.6950378417969,17633
2007-07-23,373.0,396.0,373.0,395.04998779296875,365.62054443359375,8369
2007-07-24,387.54998779296875,394.0,384.95001220703125,385.6000061035156,356.87451171875,11804
2007-07-25,384.0,387.0,374.0,375.25,347.2955627441406,9927
2007-07-26,375.25,381.0,370.0,371.5,343.824951171875,5231
2007-07-27,371.5,374.0,352.0,356.3500061035156,329.8035583496094,7539
2007-07-30,369.3999938964844,373.29998779296875,343.0,367.29998779296875,339.9377746582031,8765
2007-07-31,383.8999938964844,395.0,373.0,388.45001220703125,359.5121765136719,15222
2007-08-01,400.0,400.0,362.1499938964844,375.54998779296875,347.5731506347656,8941
2007-08-02,355.3999938964844,384.20001220703125,354.54998779296875,370.6499938964844,343.0382080078125,3031
2007-08-03,415.0,415.0,362.1000061035156,380.95001220703125,352.57098388671875,23622
2007-08-06,366.0,380.0,355.0,363.3999938964844,336.32830810546875,24433
2007-08-07,375.0,384.5,371.1000061035156,379.0,350.76617431640625,10697
2007-08-08,385.0,388.0,376.45001220703125,382.6499938964844,354.144287109375,10286
2007-08-09,389.95001220703125,389.95001220703125,372.04998779296875,376.04998779296875,348.0359802246094,6453
2007-08-10,363.1000061035156,384.0,356.04998779296875,374.8999938964844,346.9716491699219,20361
2007-08-13,369.04998779296875,376.79998779296875,365.0,372.95001220703125,345.1668701171875,17169
2007-08-14,370.0,379.79998779296875,367.04998779296875,367.8999938964844,340.49310302734375,1867
2007-08-16,360.0,362.0,351.0,353.20001220703125,326.88818359375,9591
2007-08-17,346.25,360.5,331.54998779296875,347.75,321.84417724609375,15459
2007-08-20,357.0,359.8999938964844,331.5,342.54998779296875,317.031494140625,6929
2007-08-21,346.1000061035156,358.0,338.0,351.79998779296875,325.5924072265625,12393
2007-08-22,340.54998779296875,350.0,340.54998779296875,345.79998779296875,320.0394287109375,21662
2007-08-23,354.8999938964844,360.0,338.0,347.45001220703125,321.5665283203125,13742
2007-08-24,344.0,344.45001220703125,336.0,339.75,314.44012451171875,3386
2007-08-27,348.45001220703125,350.0,343.0,344.54998779296875,318.8824768066406,5510
2007-08-28,346.1000061035156,359.95001220703125,346.1000061035156,350.29998779296875,324.20416259765625,14550
2007-08-29,345.0,350.0,342.0,345.6499938964844,319.900634765625,3967
2007-08-30,350.0,351.45001220703125,345.6000061035156,348.8999938964844,322.9085388183594,2173
2007-08-31,354.0,357.8999938964844,346.04998779296875,354.45001220703125,328.0450744628906,13613
2007-09-03,354.0,368.0,350.1499938964844,366.20001220703125,338.9197692871094,3730
2007-09-04,373.0,385.0,362.75,378.75,350.5347900390625,8699
2007-09-05,380.1000061035156,383.8999938964844,363.29998779296875,369.1000061035156,341.6037292480469,7487
2007-09-06,374.8999938964844,379.0,363.0,368.20001220703125,340.7707824707031,4737
2007-09-07,365.1000061035156,379.3999938964844,356.20001220703125,362.3999938964844,335.40283203125,3211
2007-09-10,359.0,359.0,352.5,356.1000061035156,331.03363037109375,3198
2007-09-11,369.6499938964844,391.04998779296875,356.5,372.25,346.0468444824219,76341
2007-09-12,363.1000061035156,379.8999938964844,363.1000061035156,371.0,344.88482666015625,2673
2007-09-13,370.0,374.5,361.1000061035156,365.3999938964844,339.6789855957031,4126
2007-09-14,374.3999938964844,380.0,366.0,370.20001220703125,344.1412048339844,14239
2007-09-17,374.3999938964844,380.0,370.3999938964844,374.45001220703125,348.09197998046875,7834
2007-09-18,373.0,379.8999938964844,373.0,376.3500061035156,349.85821533203125,6853
2007-09-19,378.0,401.0,376.0,389.6000061035156,362.17559814453125,102382
2007-09-20,399.0,412.0,381.25,399.3999938964844,371.28570556640625,135644
2007-09-21,413.20001220703125,418.0,391.04998779296875,392.8500061035156,365.1967468261719,100467
2007-09-24,394.0,409.8999938964844,392.0,404.25,375.7943115234375,37007
2007-09-25,406.0,416.0,396.0,405.3500061035156,376.81689453125,38720
2007-09-26,410.95001220703125,435.0,406.25,422.45001220703125,392.7132263183594,112843
2007-09-27,437.0,437.0,422.75,425.1000061035156,395.17669677734375,31925
2007-09-28,438.75,438.75,424.0,424.1000061035156,394.2471008300781,18429
2007-10-01,424.04998779296875,427.0,424.0,426.29998779296875,396.29217529296875,28039
2007-10-03,425.0,440.0,423.0,433.6000061035156,403.0783386230469,35200
2007-10-04,436.0,463.8999938964844,429.0,446.3999938964844,414.977294921875,37134
2007-10-05,450.0,460.0,450.0,455.20001220703125,423.1578369140625,25662
2007-10-08,457.0,463.04998779296875,452.0,457.20001220703125,425.01708984375,70592
2007-10-09,460.0,492.0,442.04998779296875,470.95001220703125,437.79925537109375,46928
2007-10-10,499.0,499.0,461.1000061035156,481.1499938964844,447.28125,58351
2007-10-11,482.0,500.0,482.0,491.8500061035156,457.22802734375,17481
2007-10-12,482.0,499.0,482.0,493.20001220703125,458.4830322265625,20576
2007-10-15,499.0,539.0,492.1000061035156,510.6000061035156,474.65826416015625,53177
2007-10-16,530.0,530.0,471.0,494.8500061035156,460.01690673828125,88606
2007-10-17,450.0,509.0,450.0,501.5,466.1987609863281,22348
2007-10-18,529.7999877929688,545.0,455.0,462.75,430.1764221191406,20915
2007-10-19,465.1499938964844,488.0,448.0,456.3500061035156,424.22698974609375,23953
2007-10-22,425.0,504.79998779296875,425.0,484.5,450.3954162597656,12848
2007-10-23,524.9000244140625,525.0499877929688,493.0,500.8500061035156,465.59454345703125,21487
2007-10-24,505.0,505.0,480.04998779296875,488.1499938964844,453.7884826660156,17629
2007-10-25,490.0,497.0,475.1000061035156,477.5,443.88818359375,7303
2007-10-26,485.0,549.9500122070312,480.79998779296875,520.9500122070312,484.2796630859375,28439
2007-10-29,545.0,545.0,505.1000061035156,512.7000122070312,476.6104431152344,202667
2007-10-30,524.0,525.0,490.0,515.75,479.4456787109375,27743
2007-10-31,503.04998779296875,613.0,503.04998779296875,600.5499877929688,558.2765502929688,102904
2007-11-01,599.9000244140625,618.7999877929688,550.0,559.0999755859375,519.7443237304688,30489
2007-11-02,569.0,577.0,549.0,563.8499755859375,524.1598510742188,240733
2007-11-05,562.0,578.9500122070312,550.0499877929688,560.0999755859375,520.6737060546875,7197
2007-11-06,577.0,577.0,540.25,546.8499755859375,508.3564147949219,6438
2007-11-07,598.0,598.0,535.0,565.6500244140625,525.833251953125,6985
2007-11-08,511.1000061035156,559.0,511.1000061035156,543.0999755859375,504.87042236328125,5065
2007-11-12,524.0,564.9000244140625,517.0,551.2999877929688,512.4932861328125,48479
2007-11-13,560.0,563.0,511.0,538.0999755859375,500.22247314453125,7505
2007-11-14,585.0,585.0,550.25,576.0999755859375,535.547607421875,28992
2007-11-15,597.2999877929688,600.0,570.0999755859375,577.0499877929688,536.4306640625,41986
2007-11-16,593.2999877929688,650.0,580.0,623.25,579.378662109375,61669
2007-11-19,618.0999755859375,650.0,618.0999755859375,636.0,591.2311401367188,19568
2007-11-20,636.0,660.0,635.5,640.0,594.9495239257812,10426
2007-11-21,660.0,660.0,610.0,627.1500244140625,583.004150390625,27494
2007-11-22,668.8499755859375,668.8499755859375,561.0,612.7999877929688,569.6641845703125,15518
2007-11-23,612.7999877929688,646.25,584.5,601.0,558.6949462890625,67379
2007-11-26,629.0,629.9500122070312,606.0,608.4500122070312,565.6204833984375,14942
2007-11-27,619.9500122070312,619.9500122070312,587.0999755859375,590.0,548.4691772460938,189056
2007-11-28,594.0,632.0,594.0,619.5,575.8926391601562,19648
2007-11-29,620.0,631.9500122070312,608.2999877929688,618.2999877929688,574.7770385742188,12404
2007-11-30,600.0,645.0,600.0,620.0,576.3574829101562,44060
2007-12-03,606.0999755859375,648.5,606.0999755859375,635.0499877929688,590.3479614257812,53662
2007-12-04,654.4000244140625,654.4000244140625,635.0,649.4500122070312,603.7344360351562,212387
2007-12-05,694.9000244140625,694.9000244140625,625.0,652.5999755859375,606.6627197265625,71915
2007-12-06,694.4000244140625,694.4000244140625,651.9000244140625,675.5,627.95068359375,38259
2007-12-07,690.25,700.0,668.0,678.0,630.2747192382812,62491
2007-12-10,749.0,749.0,626.0,662.7999877929688,616.1447143554688,48681
2007-12-11,665.0,670.0,655.0,665.5,618.6546630859375,43032
2007-12-12,666.8499755859375,666.8499755859375,645.0,656.2999877929688,610.1022338867188,30065
2007-12-13,690.0,690.0,646.0,650.0499877929688,604.2921752929688,6441
2007-12-14,590.0,669.9000244140625,590.0,653.9000244140625,607.8711547851562,10868
2007-12-17,645.0,668.9500122070312,639.0,649.25,603.5484619140625,8627
2007-12-18,610.25,720.0,610.25,645.0999755859375,599.6904907226562,3149
2007-12-19,645.0999755859375,660.0,630.0,645.5499877929688,600.1089477539062,3262
2007-12-20,641.0499877929688,658.7999877929688,641.0499877929688,650.4500122070312,604.6639404296875,1263
2007-12-24,631.0,672.0,625.0,635.4000244140625,590.6734008789062,84412
2007-12-26,646.7999877929688,646.7999877929688,621.0999755859375,623.1500244140625,579.2857666015625,11281
2007-12-27,632.8499755859375,644.9500122070312,625.0,631.4500122070312,587.0013427734375,178487
2007-12-28,638.0,651.0,631.0,646.9500122070312,601.410400390625,7649
2007-12-31,659.75,700.0,641.0,649.5499877929688,603.8272705078125,62384
2008-01-01,668.9500122070312,668.9500122070312,650.0,657.4000244140625,611.124755859375,7391
2008-01-02,626.0,670.0,625.0,659.1500244140625,612.7516479492188,164672
2008-01-03,650.0,690.0,650.0,669.5499877929688,622.4194946289062,277047
2008-01-04,670.0,709.0,670.0,687.1500244140625,638.78076171875,100624
2008-01-07,690.0,710.0,685.0,690.9500122070312,642.3131713867188,230263
2008-01-08,700.0,704.0,665.0,672.5999755859375,625.2548828125,31208
2008-01-09,690.0,772.2999877929688,685.0,690.7999877929688,642.1736450195312,100502
2008-01-10,790.0,790.0,651.0,664.2999877929688,617.5390625,38536
2008-01-11,655.0,681.7000122070312,630.0,665.2999877929688,618.4686889648438,25255
2008-01-14,657.0,680.0,656.0,667.0999755859375,620.1419677734375,23598
2008-01-15,695.0,699.0,665.0,667.0999755859375,620.1419677734375,8522
2008-01-16,680.0,680.0,640.0,664.0,617.2601928710938,4040
2008-01-17,696.0,712.0,664.5,671.6500244140625,624.3717041015625,358804
2008-01-18,668.0499877929688,668.0499877929688,642.5499877929688,655.1500244140625,609.0330810546875,9540
2008-01-21,640.0,650.0,579.0,634.8499755859375,590.162109375,13310
2008-01-22,624.0,624.0,507.8999938964844,575.75,535.2222290039062,5274
2008-01-23,605.0,640.0,578.0999755859375,630.6500244140625,586.2577514648438,6474
2008-01-24,600.0,684.0,576.0,605.5,562.8780517578125,2459
2008-01-25,605.0,650.0,583.0499877929688,632.5,587.9775390625,19069
2008-01-28,648.0,664.0,558.0,653.8499755859375,607.8245849609375,10156
2008-01-29,670.0,690.0,642.0,682.1500244140625,634.1326293945312,5348
2008-01-30,675.0,695.0,640.0,640.0999755859375,595.04248046875,1700
2008-01-31,645.0,690.0,625.0,630.0999755859375,585.7465209960938,9360
2008-02-01,625.0,646.0,620.0,632.6500244140625,588.1168823242188,3941
2008-02-04,659.0,686.0,621.0499877929688,628.2000122070312,583.9801635742188,56480
2008-02-05,634.0,643.7999877929688,628.0,636.1500244140625,591.3705444335938,7386
2008-02-06,625.0,633.7000122070312,605.0,620.5999755859375,576.9152221679688,7973
2008-02-07,615.0499877929688,632.0,592.0499877929688,597.2999877929688,555.2553100585938,4696
2008-02-08,651.0,651.0,570.0,573.7000122070312,533.316650390625,7282
2008-02-11,580.0,589.9000244140625,525.0,556.5,517.3271484375,5457
2008-02-12,540.0,575.0,530.2999877929688,567.4500122070312,527.5064086914062,10540
2008-02-13,541.0,573.0,541.0,556.4000244140625,517.2343139648438,6543
2008-02-14,579.0,585.0,560.0,573.9000244140625,533.50244140625,4995
2008-02-15,550.0,625.7999877929688,547.2999877929688,612.2000122070312,569.1064453125,10507
2008-02-18,659.9500122070312,659.9500122070312,621.0999755859375,626.75,582.63232421875,5578
2008-02-19,638.0,640.2999877929688,621.0,635.75,590.9987182617188,19144
2008-02-20,615.0,645.0,615.0,635.7000122070312,590.9522705078125,2619
2008-02-21,630.0,654.0,625.0,636.2000122070312,591.4170532226562,12007
2008-02-22,635.0,644.0,613.0,629.7999877929688,585.4676513671875,34619
2008-02-25,631.9500122070312,632.0,614.2000122070312,623.3499755859375,579.4715576171875,2119
2008-02-26,635.0,645.0,610.0499877929688,614.3499755859375,571.1051025390625,191156
2008-02-27,624.0,630.0,615.2000122070312,621.0999755859375,577.3799438476562,76360
2008-02-28,643.2999877929688,643.2999877929688,615.0,620.0,576.3574829101562,67369
2008-02-29,623.0,656.0,562.0999755859375,641.4500122070312,596.2975463867188,67903
2008-03-03,619.0,629.9000244140625,580.0,583.6500244140625,542.5661010742188,2603
2008-03-04,590.0,598.0,542.0,590.5499877929688,548.9804077148438,18809
2008-03-05,598.0,603.0,575.5,597.5999755859375,555.5341796875,4909
2008-03-07,570.0,601.0,525.5999755859375,599.5,557.300537109375,6210
2008-03-10,520.0,596.0,520.0,590.5,548.9339599609375,7952
2008-03-11,595.0,605.0,580.0,591.9500122070312,550.2819213867188,6926
2008-03-12,608.0,610.0,552.0,566.0999755859375,526.25146484375,2343
2008-03-13,561.25,575.0,491.3500061035156,516.5,480.1429138183594,28709
2008-03-14,515.2999877929688,535.0499877929688,508.25,534.7000122070312,497.0618591308594,8576
2008-03-17,521.0,521.0,490.0,513.0,476.8892517089844,152383
2008-03-18,569.9500122070312,569.9500122070312,475.1000061035156,515.0499877929688,478.7950134277344,5555
2008-03-19,560.0,564.9500122070312,473.0,483.8999938964844,449.837646484375,40250
2008-03-24,500.0,500.0,481.0,486.0,451.7898254394531,8237
2008-03-25,569.0,569.0,499.95001220703125,512.7999877929688,476.70330810546875,6816
2008-03-26,530.0,550.0,490.0,531.7999877929688,494.3658752441406,115690
2008-03-27,530.0,563.0,530.0,554.0999755859375,515.09619140625,738126
2008-03-28,555.0,600.0,555.0,592.0499877929688,550.3748779296875,2570
2008-03-31,600.0,624.0,558.0,613.9500122070312,570.7333374023438,34937
2008-04-01,615.0,615.0,560.0,567.9000244140625,527.9249267578125,7317
2008-04-02,580.0999755859375,597.0,565.0,567.5499877929688,527.599365234375,52240
2008-04-03,579.9000244140625,579.9000244140625,565.0,570.2999877929688,530.1558837890625,71202
2008-04-04,565.5499877929688,568.8499755859375,553.5999755859375,564.5,524.7640991210938,1165
2008-04-07,570.0,574.9000244140625,555.0,566.0999755859375,526.25146484375,2048
2008-04-08,573.5,575.5,557.0,570.6500244140625,530.481201171875,730
2008-04-09,594.0,594.0,557.0,559.4000244140625,520.0231323242188,58418
2008-04-10,565.0499877929688,570.0,551.0499877929688,559.7999877929688,520.39501953125,796
2008-04-11,555.0,645.0,545.0499877929688,587.2999877929688,545.9592895507812,23130
2008-04-15,571.9500122070312,592.0,570.0,585.0499877929688,543.8675537109375,24916
2008-04-16,590.0499877929688,600.0,577.0999755859375,590.0999755859375,548.5621337890625,2767
2008-04-17,599.9500122070312,600.0,585.0,599.9000244140625,557.67236328125,26372
2008-04-21,633.7999877929688,633.7999877929688,591.4500122070312,609.7999877929688,566.8754272460938,16954
2008-04-22,581.0,620.0,581.0,613.0999755859375,569.943115234375,14837
2008-04-23,600.0,609.9000244140625,595.0,597.8499755859375,555.7666625976562,1578
2008-04-24,600.5,608.9000244140625,600.0,600.5,558.22998046875,802
2008-04-25,595.5,604.0,590.0,601.0499877929688,558.7413940429688,3561
2008-04-28,586.0,602.0,583.0,594.0,552.1875610351562,5789
2008-04-29,591.0,605.0,591.0,600.1500244140625,557.90478515625,4425
2008-04-30,600.0,604.9000244140625,590.0,594.5499877929688,552.6989135742188,39637
2008-05-02,600.0,601.0,590.3499755859375,594.75,552.8847045898438,6058
2008-05-05,585.5999755859375,604.5,585.5999755859375,597.7000122070312,555.6271362304688,18460
2008-05-06,597.0,607.0,591.0,592.8499755859375,551.1185302734375,1459
2008-05-07,608.0,613.0,590.0999755859375,594.4000244140625,552.5595703125,125551
2008-05-08,606.9500122070312,606.9500122070312,583.1500244140625,587.5499877929688,546.1915283203125,887
2008-05-09,600.0,600.0,575.0,580.4000244140625,539.5448608398438,6528
2008-05-12,584.9000244140625,585.0,565.0,579.0999755859375,538.3363647460938,4259
2008-05-13,580.0,598.0,572.5999755859375,580.2999877929688,539.451904296875,257817
2008-05-14,579.9000244140625,579.9000244140625,570.2000122070312,571.9500122070312,531.6897583007812,337
2008-05-15,575.0,611.0,555.0,570.8499755859375,530.6671142578125,229851
2008-05-16,570.8499755859375,588.5,561.5,566.75,526.8558349609375,7868
2008-05-20,572.0,595.0,567.0499877929688,586.6500244140625,545.35498046875,7255
2008-05-21,580.0,603.0,570.1500244140625,599.4500122070312,557.2539672851562,7037
2008-05-22,595.0,595.0,575.2000122070312,579.7999877929688,538.9871826171875,2603
2008-05-23,585.0499877929688,592.0,560.5999755859375,566.4500122070312,526.576904296875,2359
2008-05-26,565.25,579.9500122070312,552.0,560.0999755859375,520.6737060546875,2750
2008-05-27,644.0,644.0,535.7000122070312,539.5999755859375,501.6167907714844,57733
2008-05-28,528.5,552.7999877929688,520.5,527.0499877929688,489.9502868652344,1818
2008-05-29,535.0,541.9000244140625,512.5999755859375,525.0,488.0445556640625,36275
2008-05-30,535.0,625.0,519.2999877929688,566.0,526.1585083007812,12832
2008-06-02,566.0,599.7999877929688,532.4500122070312,543.7000122070312,505.42828369140625,7424
2008-06-03,496.0,551.9000244140625,496.0,522.4000244140625,485.6275939941406,1840
2008-06-04,507.20001220703125,523.0,500.0,506.20001220703125,470.5679016113281,37701
2008-06-05,495.0,514.9500122070312,495.0,510.45001220703125,474.518798828125,3231
2008-06-06,504.20001220703125,509.75,490.04998779296875,495.29998779296875,460.4351501464844,1163
2008-06-09,470.70001220703125,510.0,457.0,499.6499938964844,464.4789733886719,36588
2008-06-10,486.5,495.0,452.70001220703125,463.79998779296875,431.15252685546875,2909
2008-06-11,472.8999938964844,485.0,455.0,479.3500061035156,445.6079406738281,3810
2008-06-12,448.04998779296875,490.0,425.6000061035156,480.25,446.444580078125,1408
2008-06-13,470.0,490.0,468.0,484.1499938964844,450.0700988769531,21035
2008-06-16,485.04998779296875,500.0,485.04998779296875,494.54998779296875,459.7379455566406,1616
2008-06-17,520.0,528.9500122070312,485.0,490.3999938964844,455.8801574707031,310
2008-06-18,527.7999877929688,527.7999877929688,484.0,501.6499938964844,466.33819580078125,1854
2008-06-19,472.0,519.0,472.0,511.8999938964844,475.86669921875,1312
2008-06-20,493.04998779296875,513.9500122070312,490.0,496.70001220703125,461.7366027832031,2188
2008-06-23,471.0,496.0,453.0,472.1499938964844,438.9147644042969,32312
2008-06-24,490.0,563.5999755859375,467.1000061035156,475.25,441.79656982421875,46922
2008-06-25,488.45001220703125,490.0,450.6000061035156,470.0,436.9161376953125,1004350
2008-06-26,499.95001220703125,500.0,467.6000061035156,475.29998779296875,441.8430480957031,2486
2008-06-27,460.0,472.8999938964844,431.5,445.3500061035156,414.00128173828125,7302
2008-06-30,450.0,467.95001220703125,420.6000061035156,426.20001220703125,396.19921875,3844
2008-07-01,423.1000061035156,440.0,390.1000061035156,423.3999938964844,393.5963439941406,14187
2008-07-02,430.0,430.0,385.04998779296875,414.5,385.32281494140625,42007
2008-07-03,402.04998779296875,410.0,371.1499938964844,380.75,353.948486328125,16950
2008-07-04,372.20001220703125,450.29998779296875,363.5,445.20001220703125,413.86181640625,41282
2008-07-07,452.0,477.29998779296875,425.1499938964844,433.54998779296875,403.0318298339844,3093
2008-07-08,430.0,472.29998779296875,419.0,448.20001220703125,416.65069580078125,32139
2008-07-09,450.0,471.0,447.04998779296875,449.79998779296875,418.13800048828125,5989
2008-07-10,440.0,458.5,433.0,438.79998779296875,407.9122619628906,1270
2008-07-11,441.0,445.0,420.0,433.95001220703125,403.40374755859375,821
2008-07-14,425.0,446.0,411.0,422.29998779296875,392.57379150390625,3243
2008-07-15,421.0,424.1000061035156,405.8999938964844,414.45001220703125,385.2763366699219,728
2008-07-16,405.0,416.8999938964844,365.1499938964844,387.5,360.2233581542969,18580
2008-07-17,394.0,404.6000061035156,385.0,392.1499938964844,364.5460510253906,1851
2008-07-18,399.95001220703125,412.0,378.0,404.70001220703125,376.212646484375,2210
2008-07-21,419.8999938964844,419.8999938964844,385.0,410.3999938964844,381.5113830566406,200474
2008-07-22,415.0,432.0,396.0,429.54998779296875,399.31341552734375,11960
2008-07-23,450.0,459.0,423.0,450.8500061035156,419.1141052246094,12343
2008-07-24,462.0,471.95001220703125,431.1000061035156,451.45001220703125,419.6718444824219,5353
2008-07-25,470.0,470.0,421.0,443.75,412.513916015625,4590
2008-07-28,469.0,469.0,425.1499938964844,456.8500061035156,424.6917724609375,2201
2008-07-29,436.0,450.0,426.0,429.6000061035156,399.3598937988281,3643
2008-07-30,440.0,440.0,422.0,426.1000061035156,396.1063232421875,2234
2008-07-31,422.75,441.0,415.04998779296875,435.8999938964844,405.2164306640625,16862
2008-08-01,459.0,459.0,371.0,430.5,400.196533203125,7222
2008-08-04,440.0,464.0,435.0,457.29998779296875,425.1100769042969,10817
2008-08-05,472.0,485.0,461.0,468.70001220703125,435.7076110839844,3014
2008-08-06,480.0,487.0,450.5,456.1499938964844,424.04095458984375,2196
2008-08-07,450.5,465.0,450.5,460.3999938964844,427.99188232421875,1378
2008-08-08,454.04998779296875,465.0,453.04998779296875,458.54998779296875,426.2721252441406,1102
2008-08-11,460.0,479.95001220703125,460.0,475.45001220703125,441.98248291015625,3977
2008-08-12,467.0,479.0,467.0,470.75,437.6133117675781,709
2008-08-13,461.8500061035156,484.0,461.75,479.70001220703125,445.9333801269531,3529
2008-08-14,467.25,476.3999938964844,467.0,470.0,436.9161376953125,960
2008-08-18,460.1000061035156,465.0,450.25,460.1000061035156,427.7129821777344,599
2008-08-19,465.0,475.8999938964844,451.25,465.45001220703125,432.6863708496094,848
2008-08-20,467.0,484.8500061035156,467.0,480.04998779296875,446.2586364746094,54167
2008-08-21,475.0,485.0,470.04998779296875,474.29998779296875,440.91339111328125,584
2008-08-22,472.0,477.0,462.04998779296875,476.95001220703125,443.37689208984375,9943
2008-08-25,466.1499938964844,480.0,466.1499938964844,479.70001220703125,445.9333801269531,1510
2008-08-26,475.0,479.0,471.0,476.1000061035156,442.58673095703125,4422
2008-08-27,476.45001220703125,480.0,467.29998779296875,470.8999938964844,437.75274658203125,16747
2008-08-28,470.0,477.95001220703125,460.0,465.04998779296875,432.3144836425781,55751
2008-08-29,479.0,479.8999938964844,468.0,475.8999938964844,442.4008483886719,29069
2008-09-01,478.0,484.95001220703125,470.04998779296875,480.04998779296875,446.2586364746094,1264
2008-09-02,441.0,480.0,441.0,475.1000061035156,441.6570739746094,614
2008-09-04,475.0,475.0,463.0,464.04998779296875,433.2086181640625,426
2008-09-05,460.0,475.0,460.0,466.6000061035156,435.58917236328125,1186
2008-09-08,497.0,497.0,462.29998779296875,476.29998779296875,444.6444396972656,3293
2008-09-09,470.0,472.95001220703125,465.0,470.0,438.76318359375,2818
2008-09-10,465.04998779296875,472.0,464.95001220703125,468.75,437.5962219238281,5580
2008-09-11,458.20001220703125,468.0,458.1499938964844,463.45001220703125,432.6484375,302
2008-09-12,473.0,478.95001220703125,458.0,475.0,443.43084716796875,124754
2008-09-15,441.1000061035156,460.0,430.0,460.0,429.42779541015625,4220
2008-09-16,436.0,476.5,435.0,470.95001220703125,439.64996337890625,1842
2008-09-17,456.29998779296875,467.8999938964844,420.70001220703125,431.95001220703125,403.2419738769531,3079
2008-09-18,420.0,449.70001220703125,400.0,434.70001220703125,405.8092346191406,35099
2008-09-19,442.0,442.25,426.0,434.95001220703125,406.0426025390625,25493
2008-09-22,436.0,444.8999938964844,417.6000061035156,419.0,391.1527099609375,1056
2008-09-23,422.0,422.0,391.20001220703125,409.79998779296875,382.5640869140625,2572
2008-09-24,410.04998779296875,439.0,394.0,408.75,381.5838623046875,28779
2008-09-25,418.0,440.0,385.0,429.6000061035156,401.0481872558594,12962
2008-09-26,430.0,430.0,400.3999938964844,409.75,382.51739501953125,11662
2008-09-29,415.1499938964844,419.0,348.0,351.8500061035156,328.46551513671875,17563
2008-09-30,370.0,389.95001220703125,326.0,370.6499938964844,346.01605224609375,9064
2008-10-01,375.0,376.95001220703125,361.6499938964844,372.6499938964844,347.88311767578125,99109
2008-10-03,374.0,374.0,335.0,349.6000061035156,326.3650817871094,2108
2008-10-06,350.0,354.70001220703125,308.1000061035156,313.6000061035156,292.7577209472656,1752
2008-10-07,315.5,340.0,291.29998779296875,302.6499938964844,282.5354309082031,1617
2008-10-08,268.04998779296875,298.0,259.8500061035156,280.1000061035156,261.484130859375,16631
2008-10-10,252.0,271.0,229.60000610351562,254.0500030517578,237.1654815673828,2735
2008-10-13,283.70001220703125,284.0,240.0,253.14999389648438,236.3252716064453,25211
2008-10-14,270.0,275.0,255.0,258.04998779296875,240.89962768554688,4037
2008-10-15,240.5,262.95001220703125,235.0,242.60000610351562,226.47650146484375,3100
2008-10-16,231.0,265.0,203.0,251.6999969482422,234.9716796875,8300
2008-10-17,270.0,279.0,236.3000030517578,255.4499969482422,238.472412109375,23249
2008-10-20,266.70001220703125,267.0,216.3000030517578,241.39999389648438,225.356201171875,6618
2008-10-21,237.4499969482422,250.0,237.4499969482422,247.5,231.05081176757812,92396
2008-10-22,254.89999389648438,254.89999389648438,239.0,244.0,227.78343200683594,431
2008-10-23,222.10000610351562,244.0,222.0,224.3000030517578,209.39273071289062,5537
2008-10-24,217.0,220.0,190.0,197.25,184.14048767089844,2076
2008-10-27,190.0,213.0,171.0,197.0,183.90711975097656,1702
2008-10-29,204.0,209.6999969482422,192.3000030517578,205.39999389648438,191.74880981445312,746
2008-10-31,224.4499969482422,232.0,200.14999389648438,214.9499969482422,200.6641082763672,203722
2008-11-03,235.0,235.0,222.5,225.0,210.04620361328125,209624
2008-11-04,225.0,225.0,205.0,215.39999389648438,201.0841827392578,1841
2008-11-05,220.25,220.25,203.25,206.0,192.30894470214844,87836
2008-11-06,197.0,218.0,185.0500030517578,210.75,196.74325561523438,3617
2008-11-07,208.9499969482422,214.0,201.0,212.5,198.37693786621094,712
2008-11-10,220.0,249.9499969482422,215.0,240.85000610351562,224.8427734375,4751
2008-11-11,240.0,240.0,216.0,220.1999969482422,205.56517028808594,1495
2008-11-12,220.0,222.0,211.10000610351562,216.25,201.8777313232422,925
2008-11-14,216.0,220.0,215.0,219.60000610351562,205.00506591796875,910
2008-11-17,210.0,217.8000030517578,204.0,205.0500030517578,191.42210388183594,889
2008-11-18,204.0,204.0,195.0,195.5500030517578,182.553466796875,11539
2008-11-19,184.3000030517578,204.0,169.0,175.35000610351562,163.69601440429688,13010
2008-11-20,169.5500030517578,169.5500030517578,156.1999969482422,162.0,151.2332763671875,1956
2008-11-21,168.89999389648438,168.89999389648438,142.0,155.3000030517578,144.97853088378906,15889
2008-11-24,158.89999389648438,164.39999389648438,151.0,158.4499969482422,147.919189453125,18816
2008-11-25,177.9499969482422,177.9499969482422,126.80000305175781,126.80000305175781,118.37269592285156,36292
2008-11-26,118.0,139.9499969482422,108.1500015258789,130.85000610351562,122.15352630615234,28747
2008-11-27,130.85000610351562,130.85000610351562,130.85000610351562,130.85000610351562,122.15352630615234,0
2008-11-28,125.0,136.0,125.0,130.60000610351562,121.92015075683594,1618
2008-12-01,138.0,144.0,133.5,134.9499969482422,125.98104095458984,3574
2008-12-02,130.0,148.9499969482422,128.35000610351562,129.85000610351562,121.21998596191406,13917
2008-12-03,134.4499969482422,134.9499969482422,125.25,127.55000305175781,119.07283782958984,3135
2008-12-04,128.35000610351562,129.0,125.19999694824219,127.05000305175781,118.60608673095703,7876
2008-12-05,125.05000305175781,135.0,125.0,126.80000305175781,118.37269592285156,5993
2008-12-08,133.0,135.0,126.0,130.4499969482422,121.78010559082031,9638
2008-12-10,126.0999984741211,132.89999389648438,126.0999984741211,130.1999969482422,121.5467300415039,3359
2008-12-11,129.0,149.0,129.0,142.89999389648438,133.4026641845703,42552
2008-12-12,140.0,149.0,134.10000610351562,145.1999969482422,135.54978942871094,15674
2008-12-15,145.10000610351562,159.0,145.10000610351562,158.35000610351562,147.8258514404297,12856
2008-12-16,150.0,185.0,150.0,180.5,168.5037078857422,95317
2008-12-17,198.0,199.0,166.1999969482422,171.60000610351562,160.19520568847656,33328
2008-12-18,167.0,188.8000030517578,167.0,187.10000610351562,174.6650848388672,33149
2008-12-19,185.0,203.6999969482422,184.10000610351562,194.9499969482422,181.9933624267578,39616
2008-12-22,202.8000030517578,203.85000610351562,183.0,186.14999389648438,173.77821350097656,3502
2008-12-23,183.0,183.0,174.10000610351562,175.9499969482422,164.25611877441406,1479
2008-12-24,168.0500030517578,177.8000030517578,160.10000610351562,168.9499969482422,157.7213592529297,32528
2008-12-26,169.1999969482422,179.0,167.1999969482422,172.89999389648438,161.40882873535156,1199
2008-12-29,177.9499969482422,190.0,175.25,183.9499969482422,171.72442626953125,16836
2008-12-30,185.0,187.5,177.9499969482422,180.89999389648438,168.87713623046875,5272
2008-12-31,180.89999389648438,183.0,166.0,172.64999389648438,161.17543029785156,6875
2009-01-02,174.0,195.39999389648438,174.0,195.3000030517578,182.32008361816406,11639
2009-01-05,200.0,206.3000030517578,188.1999969482422,192.8000030517578,179.98622131347656,10009
2009-01-06,195.35000610351562,195.35000610351562,185.0,190.75,178.07247924804688,2959
2009-01-07,189.0,194.5,171.6999969482422,171.6999969482422,160.28858947753906,15859
2009-01-09,170.89999389648438,170.89999389648438,154.60000610351562,157.8000030517578,147.31236267089844,13118
2009-01-12,164.0,165.9499969482422,150.0500030517578,152.75,142.59800720214844,23099
2009-01-13,145.1999969482422,162.89999389648438,145.1999969482422,149.14999389648438,139.23727416992188,17608
2009-01-14,157.0,163.0,147.0,149.85000610351562,139.8907928466797,11810
2009-01-15,146.0,151.5,135.0,147.1999969482422,137.41688537597656,28013
2009-01-16,145.0,149.1999969482422,132.5,136.6999969482422,127.61470031738281,27548
2009-01-19,145.0,148.75,138.3000030517578,141.1999969482422,131.81565856933594,17140
2009-01-20,141.1999969482422,144.89999389648438,139.0,143.64999389648438,134.102783203125,26970
2009-01-21,142.0,146.89999389648438,140.0,145.75,136.063232421875,29699
2009-01-22,149.89999389648438,149.89999389648438,131.5,136.89999389648438,127.80144500732422,11454
2009-01-23,139.8000030517578,139.89999389648438,126.1500015258789,128.3000030517578,119.77301025390625,3199
2009-01-27,135.8000030517578,135.8000030517578,126.05000305175781,132.85000610351562,124.0206069946289,3664
2009-01-28,134.9499969482422,138.0,131.6999969482422,136.25,127.19463348388672,1736
2009-01-29,137.0,140.89999389648438,131.0,135.6999969482422,126.68118286132812,2249
2009-01-30,130.1999969482422,136.8000030517578,130.1999969482422,135.5500030517578,126.54114532470703,1629
2009-02-02,139.14999389648438,149.14999389648438,139.14999389648438,143.1999969482422,133.68270874023438,33175
2009-02-03,146.0,152.6999969482422,135.10000610351562,139.14999389648438,129.90188598632812,18855
2009-02-04,135.5,140.0,133.25,135.85000610351562,126.82124328613281,4316
2009-02-05,135.0,135.3000030517578,130.0500030517578,134.39999389648438,125.46759033203125,14623
2009-02-06,132.6999969482422,139.8000030517578,132.0,137.9499969482422,128.7816162109375,31808
2009-02-09,139.0,151.75,134.5,147.64999389648438,137.83694458007812,24180
2009-02-10,152.0,160.0,145.35000610351562,147.35000610351562,137.55691528320312,6737
2009-02-11,142.0,162.0,135.75,156.60000610351562,146.19216918945312,33531
2009-02-12,150.25,162.0,149.5,150.4499969482422,140.45089721679688,20269
2009-02-13,155.0,161.89999389648438,150.0,153.25,143.0647735595703,16889
2009-02-16,154.60000610351562,162.0,147.64999389648438,150.8000030517578,140.77761840820312,3732
2009-02-17,149.0,149.0,140.0500030517578,141.14999389648438,131.76893615722656,1720
2009-02-18,140.25,144.89999389648438,138.0500030517578,139.85000610351562,130.5553741455078,1593
2009-02-19,144.5,144.5,132.8000030517578,134.85000610351562,125.8876724243164,3670
2009-02-20,129.10000610351562,134.85000610351562,129.0,129.85000610351562,121.21998596191406,14489
2009-02-24,125.19999694824219,129.89999389648438,120.0,126.1500015258789,117.76590728759766,19850
2009-02-25,125.0,130.89999389648438,121.05000305175781,123.4000015258789,115.19866943359375,7177
2009-02-26,122.0,129.9499969482422,122.0,128.14999389648438,119.6329574584961,8944
2009-02-27,124.5999984741211,127.4000015258789,122.0999984741211,123.3499984741211,115.15198516845703,1839
2009-03-02,122.0,125.0,114.0999984741211,116.5,108.75724792480469,3385
2009-03-03,116.6500015258789,119.9000015258789,109.0,117.0,109.22400665283203,52583
2009-03-04,119.9000015258789,119.9000015258789,110.0,114.19999694824219,106.61009979248047,18985
2009-03-05,112.4000015258789,117.0,112.4000015258789,114.9000015258789,107.26359558105469,7546
2009-03-06,114.94999694824219,115.0,107.05000305175781,108.8499984741211,101.61566925048828,6762
2009-03-09,106.0,110.5,103.5,105.05000305175781,98.06824493408203,3097
2009-03-12,106.0,107.1500015258789,104.0,105.05000305175781,98.06824493408203,1503
2009-03-13,108.0,116.0,106.80000305175781,109.0999984741211,101.84904479980469,49338
2009-03-16,111.94999694824219,124.9000015258789,110.0999984741211,118.25,110.39093780517578,14342
2009-03-17,126.0,128.39999389648438,119.0,123.55000305175781,115.33868408203125,14084
2009-03-18,130.0,133.0,121.69999694824219,125.0999984741211,116.78567504882812,360256
2009-03-19,125.0,135.5,124.05000305175781,133.5,124.62739562988281,16052
2009-03-20,131.0,133.25,126.0,130.8000030517578,122.10684204101562,187971
2009-03-23,131.0,150.0,130.0,144.39999389648438,134.80296325683594,34018
2009-03-24,149.89999389648438,159.0,140.1999969482422,143.8000030517578,134.24282836914062,63803
2009-03-25,139.0,144.9499969482422,130.5500030517578,140.64999389648438,131.30218505859375,12547
2009-03-26,143.89999389648438,149.0,134.0,144.5500030517578,134.94300842285156,11149
2009-03-27,145.5,162.0,136.0,151.8000030517578,141.71116638183594,60769
2009-03-30,154.0,156.0,145.1999969482422,150.5,140.49754333496094,31696
2009-03-31,150.0,160.0,149.14999389648438,157.25,146.79893493652344,178130
2009-04-01,162.0,167.6999969482422,158.0,163.0500030517578,152.21347045898438,147097
2009-04-02,171.0,173.0,165.9499969482422,168.64999389648438,157.4412841796875,139742
2009-04-06,172.89999389648438,177.0,162.5500030517578,169.39999389648438,158.1414337158203,17951
2009-04-08,165.0,174.89999389648438,162.5,173.9499969482422,162.38905334472656,16195
2009-04-09,179.0,188.6999969482422,174.0,184.25,172.00450134277344,174298
2009-04-13,173.60000610351562,192.0,171.60000610351562,176.85000610351562,165.0963134765625,34364
2009-04-15,176.5,194.5500030517578,172.0,188.8000030517578,176.25209045410156,53701
2009-04-16,192.8000030517578,196.6999969482422,177.75,179.6999969482422,167.75686645507812,30393
2009-04-17,181.0,188.89999389648438,175.0500030517578,177.75,165.93649291992188,5950
2009-04-20,175.10000610351562,184.0,173.25,181.0,168.97047424316406,7557
2009-04-21,178.3000030517578,185.0,177.10000610351562,181.5,169.437255859375,7053
2009-04-22,183.0,191.5,172.0,174.85000610351562,163.22923278808594,16718
2009-04-23,179.89999389648438,183.0,175.0,178.6999969482422,166.82334899902344,252735
2009-04-24,181.0,189.0,181.0,181.14999389648438,169.11050415039062,11165
2009-04-27,180.0,185.9499969482422,173.0500030517578,176.75,165.00291442871094,17079
2009-04-28,180.0,180.0,170.0,174.10000610351562,162.529052734375,211682
2009-04-29,177.89999389648438,179.0,172.8000030517578,176.85000610351562,165.0963134765625,9077
2009-04-30,177.0,177.0,177.0,177.0,165.236328125,0
2009-05-04,182.0,194.5500030517578,181.85000610351562,194.25,181.33987426757812,42995
2009-05-05,194.0,194.39999389648438,185.0,189.4499969482422,176.85887145996094,16047
2009-05-06,189.89999389648438,198.9499969482422,189.0,196.35000610351562,183.30030822753906,42667
2009-05-07,199.9499969482422,207.0500030517578,195.0,198.9499969482422,185.72750854492188,11935
2009-05-08,203.75,204.0,195.10000610351562,200.10000610351562,186.8010711669922,31191
2009-05-11,202.0,204.0,190.0,196.6999969482422,183.62704467773438,37969
2009-05-12,193.89999389648438,203.0,192.0,200.9499969482422,187.59457397460938,7812
2009-05-13,205.0,205.0,194.6999969482422,201.0,187.64125061035156,32386
2009-05-14,199.0,220.0,195.60000610351562,217.5500030517578,203.09130859375,34863
2009-05-15,223.0,224.89999389648438,215.14999389648438,217.4499969482422,202.99795532226562,8419
2009-05-18,217.4499969482422,217.4499969482422,217.4499969482422,217.4499969482422,202.99795532226562,0
2009-05-19,260.0,260.95001220703125,249.9499969482422,260.95001220703125,243.6068878173828,65879
2009-05-20,267.0,313.1499938964844,267.0,303.54998779296875,283.3756408691406,339749
2009-05-21,324.0,333.0,300.1499938964844,307.5,287.06317138671875,187335
2009-05-22,316.79998779296875,333.0,308.0,332.25,310.168212890625,132118
2009-05-25,332.0,351.5,332.0,350.25,326.971923828125,23585
2009-05-26,360.0,376.3500061035156,348.0,357.79998779296875,334.0201110839844,50356
2009-05-27,373.0,393.0,366.0,382.1000061035156,356.7051086425781,78729
2009-05-28,392.29998779296875,399.0,364.0,369.45001220703125,344.8958435058594,126276
2009-05-29,371.0,387.95001220703125,371.0,385.70001220703125,360.0658264160156,69078
2009-06-01,391.0,405.0,375.04998779296875,400.25,373.6488342285156,21045
2009-06-02,404.8999938964844,408.0,380.25,384.6499938964844,359.08563232421875,19811
2009-06-03,385.0,397.0,371.20001220703125,379.79998779296875,354.5579528808594,24827
2009-06-04,380.0,395.0,371.0,393.5,367.3474426269531,8727
2009-06-05,394.0,404.0,381.20001220703125,383.95001220703125,358.43212890625,40523
2009-06-08,384.0,385.95001220703125,367.0,369.75,345.1759033203125,30117
2009-06-09,363.29998779296875,385.0,363.25,379.45001220703125,354.2312316894531,8079
2009-06-10,391.0,397.0,371.0,382.04998779296875,356.65838623046875,51618
2009-06-11,383.0,383.0,362.95001220703125,369.8500061035156,345.269287109375,14089
2009-06-12,379.95001220703125,386.0,368.0,383.04998779296875,357.5919189453125,22680
2009-06-15,376.6000061035156,385.0,363.8999938964844,380.04998779296875,354.7914123535156,15112
2009-06-16,377.8999938964844,383.0,365.0,371.95001220703125,347.2297058105469,75732
2009-06-17,370.0,382.95001220703125,370.0,380.1000061035156,354.8380126953125,28678
2009-06-18,377.5,378.0,361.1000061035156,361.1000061035156,337.1007995605469,8035
2009-06-19,355.1499938964844,366.95001220703125,343.04998779296875,346.54998779296875,323.517822265625,4500
2009-06-22,352.5,363.8999938964844,342.6499938964844,361.8999938964844,337.84759521484375,14930
2009-06-23,348.0,362.0,345.3500061035156,357.79998779296875,334.0201110839844,4772
2009-06-24,356.0,369.3999938964844,356.0,365.04998779296875,340.7882385253906,11652
2009-06-25,365.0,383.29998779296875,365.0,380.95001220703125,355.63153076171875,5824
2009-06-26,383.54998779296875,391.0,376.54998779296875,380.45001220703125,355.164794921875,3582
2009-06-29,382.20001220703125,399.5,382.0,398.79998779296875,372.29522705078125,138864
2009-06-30,410.0,410.0,378.8999938964844,393.1000061035156,366.9739990234375,12583
2009-07-01,394.0,395.95001220703125,373.45001220703125,390.6000061035156,364.6401672363281,43798
2009-07-02,395.0,399.95001220703125,385.0,390.0,364.08001708984375,26388
2009-07-03,390.0,409.5,387.04998779296875,393.8500061035156,367.6741638183594,13215
2009-07-06,399.0,410.0,376.0,382.8500061035156,357.4052734375,24201
2009-07-07,384.8999938964844,427.0,341.0,374.8999938964844,349.98358154296875,65047
2009-07-08,368.0,370.04998779296875,350.0,351.54998779296875,328.1854553222656,6263
2009-07-09,345.0,355.0,336.0,341.79998779296875,319.08349609375,6805
2009-07-10,343.0,372.0,316.20001220703125,327.1000061035156,305.3604736328125,7929
2009-07-13,324.0,335.5,312.1499938964844,329.20001220703125,307.3208923339844,12333
2009-07-14,335.0,379.0,335.0,362.8500061035156,338.7344665527344,7747
2009-07-15,385.0,404.0,366.6000061035156,384.6000061035156,359.0389404296875,10367
2009-07-16,396.29998779296875,404.54998779296875,370.1000061035156,390.04998779296875,364.126708984375,16796
2009-07-17,402.8999938964844,409.0,399.0,403.25,376.4494323730469,89239
2009-07-20,413.0,450.0,390.1499938964844,408.5,381.3504943847656,51607
2009-07-21,391.0,411.0,382.25,395.29998779296875,369.0278015136719,7036
2009-07-22,411.8999938964844,411.8999938964844,370.1000061035156,375.54998779296875,350.5904235839844,6817
2009-07-23,391.79998779296875,391.8500061035156,381.1499938964844,383.3999938964844,357.9186706542969,4686
2009-07-24,386.25,394.79998779296875,378.1000061035156,388.04998779296875,362.2596740722656,5205
2009-07-27,388.04998779296875,398.95001220703125,383.0,387.3500061035156,361.6061706542969,4247
2009-07-28,388.0,394.0,382.5,385.0,359.412353515625,17961
2009-07-29,382.5,392.29998779296875,370.5,374.3500061035156,349.4701843261719,6415
2009-07-30,360.0,394.95001220703125,351.25,385.0,359.412353515625,14061
2009-07-31,390.0,393.6499938964844,374.0,383.20001220703125,357.73199462890625,7770
2009-08-03,393.0,393.0,374.0,378.70001220703125,353.53106689453125,7831
2009-08-04,388.8999938964844,390.0,375.0,376.0,351.0105285644531,5742
2009-08-05,362.75,400.0,350.1000061035156,382.20001220703125,356.79840087890625,152044
2009-08-06,382.1000061035156,394.79998779296875,376.04998779296875,381.70001220703125,356.33172607421875,6509
2009-08-07,375.54998779296875,380.0,368.0,370.5,345.87603759765625,9842
2009-08-10,377.0,382.0,355.1499938964844,362.75,338.64111328125,4733
2009-08-11,361.1000061035156,365.79998779296875,345.0,347.5,324.4046630859375,4817
2009-08-12,347.0,362.0,346.20001220703125,356.70001220703125,332.9931640625,8012
2009-08-13,372.0,376.20001220703125,362.29998779296875,372.04998779296875,347.322998046875,12064
2009-08-14,381.95001220703125,381.95001220703125,367.6000061035156,372.45001220703125,347.6964416503906,14313
2009-08-17,370.0,378.0,365.0,369.20001220703125,344.6623840332031,3462
2009-08-18,365.20001220703125,381.0,355.04998779296875,378.04998779296875,352.9242248535156,6104
2009-08-19,373.04998779296875,384.95001220703125,370.04998779296875,381.20001220703125,355.86492919921875,2492
2009-08-20,361.75,387.0,361.75,380.8500061035156,357.4133605957031,5212
2009-08-21,375.0,392.29998779296875,374.8500061035156,387.5,363.6541442871094,4814
2009-08-24,395.0,409.0,385.0,400.5,375.8541259765625,15238
2009-08-25,385.5,424.45001220703125,385.5,419.8500061035156,394.013427734375,72052
2009-08-26,419.0,436.0,419.0,430.25,403.77337646484375,14859
2009-08-27,425.0,430.0,419.0,425.04998779296875,398.8934020996094,8539
2009-08-28,430.0,436.0,425.95001220703125,434.95001220703125,408.1842041015625,153994
2009-08-31,434.0,462.0,422.5,458.3999938964844,430.1910705566406,58979
2009-09-01,459.0,470.0,427.0,430.3500061035156,403.86724853515625,42320
2009-09-02,425.5,452.95001220703125,412.75,423.8999938964844,397.8141784667969,23791
2009-09-03,448.0,448.0,410.0,416.3999938964844,390.7757263183594,3458
2009-09-04,420.0,433.3999938964844,415.1000061035156,427.3500061035156,401.05181884765625,5384
2009-09-07,419.0,442.0,419.0,437.1000061035156,410.2018737792969,6605
2009-09-08,441.0,448.95001220703125,435.1000061035156,438.45001220703125,411.4688415527344,267540
2009-09-09,453.5,463.0,428.20001220703125,456.8999938964844,428.7834167480469,8786
2009-09-10,472.29998779296875,482.0,437.54998779296875,451.6000061035156,423.8095397949219,18934
2009-09-11,469.6000061035156,469.6000061035156,438.04998779296875,453.45001220703125,425.5457458496094,5579
2009-09-14,444.04998779296875,452.0,440.0,448.1000061035156,420.52496337890625,21607
2009-09-15,446.5,463.8500061035156,439.0,458.3999938964844,430.1910705566406,17760
2009-09-16,460.0,462.0,450.0,455.6000061035156,427.5633850097656,6322
2009-09-17,460.0,462.0,448.29998779296875,460.0,431.69268798828125,36553
2009-09-18,462.3500061035156,474.0,452.5,471.20001220703125,442.2034606933594,26556
2009-09-22,485.0,530.0,461.04998779296875,512.9500122070312,481.38427734375,47263
2009-09-23,508.0,528.7999877929688,486.0,512.5499877929688,481.00885009765625,44487
2009-09-24,510.0,510.0,489.1000061035156,494.0,463.6003723144531,41763
2009-09-25,494.95001220703125,495.0,482.04998779296875,485.29998779296875,455.43572998046875,13105
2009-09-29,495.0,509.95001220703125,488.0,498.8500061035156,468.1519470214844,13361
2009-09-30,501.8999938964844,514.9000244140625,495.1499938964844,506.29998779296875,475.1434326171875,15291
2009-10-01,509.0,515.0,497.0,510.3500061035156,478.9442443847656,26069
2009-10-05,510.3500061035156,512.5,501.0,506.3500061035156,475.19036865234375,22401
2009-10-06,520.0,520.0,490.1499938964844,506.04998779296875,474.90887451171875,21079
2009-10-07,505.8999938964844,517.0,505.8999938964844,515.0499877929688,483.35498046875,5691
2009-10-08,512.0499877929688,515.0,498.0,512.0499877929688,480.5395812988281,6374
2009-10-09,509.1499938964844,524.9500122070312,505.0,519.9500122070312,487.9534912109375,9450
2009-10-12,535.0,546.0,505.04998779296875,509.8999938964844,478.52197265625,11184
2009-10-13,510.0,510.0,510.0,510.0,478.61578369140625,0
2009-10-14,510.5,532.0,509.1499938964844,528.6500244140625,496.1180725097656,8374
2009-10-15,547.0999755859375,547.0999755859375,528.0,534.4500122070312,501.5611267089844,35781
2009-10-16,538.0,539.0,522.0499877929688,532.3499755859375,499.59039306640625,13473
2009-10-20,539.0,539.0,520.0499877929688,526.5,494.10040283203125,2938
2009-10-21,520.0,534.9000244140625,520.0,529.25,496.68115234375,9324
2009-10-22,525.0,535.0999755859375,521.0499877929688,530.0,497.385009765625,18716
2009-10-23,540.0,540.0,530.3499755859375,539.7000122070312,506.4881591796875,9903
2009-10-26,530.2000122070312,538.9500122070312,511.1499938964844,527.4500122070312,494.99200439453125,9068
2009-10-27,530.0,530.0,485.1499938964844,520.0999755859375,488.09423828125,5719
2009-10-28,507.0,528.4500122070312,507.0,520.0,488.0003662109375,10761
2009-10-29,500.0,520.0,483.0,518.75,486.8273620605469,17844
2009-10-30,522.0,525.0,515.0,522.75,490.5811462402344,2609
2009-11-03,498.0,506.1000061035156,490.1000061035156,500.3500061035156,469.5596008300781,28026
2009-11-04,500.3500061035156,515.0,475.5,498.04998779296875,467.4011535644531,2859
2009-11-05,492.79998779296875,512.0,487.6000061035156,507.6499938964844,476.4103698730469,3271
2009-11-06,512.5,518.9500122070312,505.04998779296875,506.1499938964844,475.002685546875,3173
2009-11-09,527.5,527.5,503.0,517.2999877929688,485.466552734375,4543
2009-11-10,538.0,538.0,505.0,506.3999938964844,475.2372741699219,3314
2009-11-11,517.7999877929688,517.7999877929688,501.5,507.1499938964844,475.941162109375,1017
2009-11-12,509.0,524.7999877929688,503.6000061035156,513.0499877929688,481.47808837890625,7348
2009-11-13,514.2000122070312,518.0,501.5,506.20001220703125,475.0495910644531,1965
2009-11-16,519.0,519.0,505.04998779296875,508.0,476.73883056640625,7651
2009-11-17,509.95001220703125,510.0,503.0,506.45001220703125,475.2842102050781,51895
2009-11-18,507.0,511.0,501.0,502.5,471.5772705078125,1962
2009-11-19,500.0,517.0,500.0,512.25,480.727294921875,3682
2009-11-20,514.2999877929688,518.0,495.5,515.1500244140625,483.4488830566406,3350
2009-11-23,515.0,524.0,505.29998779296875,516.4500122070312,484.66888427734375,1206
2009-11-24,525.0,544.0,509.95001220703125,529.25,496.68115234375,129689
2009-11-25,532.5,532.5,518.0499877929688,518.0999755859375,486.2173156738281,917
2009-11-26,527.8499755859375,544.9000244140625,522.2000122070312,531.2999877929688,498.60498046875,71825
2009-11-27,525.0,525.0,500.0,520.25,488.2350158691406,80354
2009-11-30,516.0,558.0,516.0,550.8499755859375,516.9519653320312,21824
2009-12-01,540.0,549.0,516.1500244140625,532.4000244140625,499.6373291015625,20437
2009-12-02,548.0,548.4500122070312,526.2999877929688,529.5,496.9158020019531,4166
2009-12-03,535.0,545.0,531.5499877929688,539.6500244140625,506.4411926269531,7336
2009-12-04,538.5,543.9000244140625,532.0999755859375,541.25,507.9427490234375,1969
2009-12-07,546.25,546.25,528.2000122070312,529.6500244140625,497.0565490722656,1549
2009-12-08,534.0,538.0,526.5,535.4500122070312,502.49969482421875,4467
2009-12-09,543.9000244140625,543.9000244140625,528.0,530.1500244140625,497.5259094238281,1114
2009-12-10,515.0,554.9000244140625,510.54998779296875,541.4500122070312,508.13037109375,10097
2009-12-11,553.0,553.0,518.0,520.9000244140625,488.84503173828125,25685
2009-12-14,520.0,531.2000122070312,508.8500061035156,527.6500244140625,495.1797180175781,6130
2009-12-15,526.0999755859375,537.0,521.4000244140625,535.1500244140625,502.2181701660156,3797
2009-12-16,523.2000122070312,536.9000244140625,523.2000122070312,534.4000244140625,501.5142822265625,674
2009-12-17,535.0,542.0,525.5,537.0,503.9543151855469,4899
2009-12-18,540.0,554.0,530.0,549.0999755859375,515.3095703125,7885
2009-12-21,542.0,545.0,532.0,540.1500244140625,506.9104309082031,4326
2009-12-22,544.0,554.0,520.0,528.2000122070312,495.6957702636719,5018
2009-12-23,540.0,540.0,531.7000122070312,535.0999755859375,502.171142578125,892
2009-12-24,532.0999755859375,555.0,530.0999755859375,549.8499755859375,516.0134887695312,5833
2009-12-29,535.0,550.0,535.0,536.75,503.7196044921875,2788
2009-12-30,539.9500122070312,561.0,525.0,553.6500244140625,519.5796508789062,40329
2009-12-31,561.0,562.0,545.0,556.8499755859375,522.582763671875,46469
2010-01-04,555.0,562.0,550.0,551.5999755859375,517.65576171875,1910
2010-01-05,559.9000244140625,563.5,546.0,551.9000244140625,517.9373168945312,32776
2010-01-06,556.75,556.75,542.0,547.0999755859375,513.4326171875,2006
2010-01-07,562.9000244140625,562.9000244140625,535.0,538.5999755859375,505.45574951171875,3460
2010-01-08,555.0,555.0,528.3499755859375,543.25,509.81976318359375,23688
2010-01-11,546.0,547.0,531.25,545.0499877929688,511.5087890625,93010
2010-01-12,543.5,552.5,536.0,536.7000122070312,503.6727600097656,9555
2010-01-13,538.9000244140625,539.0,526.0499877929688,529.9000244140625,497.2912292480469,4411
2010-01-14,543.0,548.25,535.0999755859375,546.2999877929688,512.6819458007812,20592
2010-01-15,541.1500244140625,547.0,536.25,542.9500122070312,509.5381774902344,1180
2010-01-18,542.0,560.0,527.5999755859375,531.6500244140625,498.9334716796875,211052
2010-01-19,542.0,542.0,525.0,529.4000244140625,496.8219909667969,4241
2010-01-20,532.0499877929688,547.0,529.9000244140625,534.5999755859375,501.7018737792969,17170
2010-01-21,535.0,544.8499755859375,523.2000122070312,530.2000122070312,497.57275390625,26835
2010-01-22,527.2000122070312,534.5499877929688,491.1000061035156,522.5499877929688,490.39349365234375,10301
2010-01-25,515.2000122070312,529.9000244140625,510.20001220703125,513.9500122070312,482.32275390625,5373
2010-01-27,512.5,518.5,502.0,503.75,472.7503967285156,6392
2010-01-28,508.1499938964844,511.0,496.25,502.0,471.1080322265625,2070
2010-01-29,502.0,525.0,491.0,510.8999938964844,479.4603576660156,1776
2010-02-01,510.25,510.25,465.0,467.95001220703125,439.1534729003906,51461
2010-02-02,470.0,480.0,443.25,460.8500061035156,432.49041748046875,154336
2010-02-03,450.0,464.6499938964844,441.0,445.70001220703125,418.2726745605469,48827
2010-02-04,445.0,449.79998779296875,426.0,427.8500061035156,401.5211486816406,125832
2010-02-05,422.0,430.0,405.0,419.0,393.2157287597656,12452
2010-02-08,421.0,426.8999938964844,412.25,416.75,391.1041564941406,2731
2010-02-09,420.75,420.75,414.0,415.1000061035156,389.5556945800781,2472
2010-02-10,420.0,430.0,417.6499938964844,428.04998779296875,401.70880126953125,13963
2010-02-11,425.0,440.0,420.0,433.79998779296875,407.1048889160156,186833
2010-02-15,415.0,440.0,412.0,424.6499938964844,398.5179748535156,8473
2010-02-16,425.0,427.95001220703125,418.0,420.6000061035156,394.71728515625,2886
2010-02-17,434.5,434.5,423.20001220703125,428.0,401.6618957519531,22935
2010-02-18,432.0,449.0,420.0,437.20001220703125,410.2957763671875,31546
2010-02-19,437.3500061035156,437.3500061035156,425.04998779296875,429.04998779296875,402.647216796875,1204
2010-02-22,433.0,435.0,422.0,432.6499938964844,406.0256652832031,11261
2010-02-23,418.6000061035156,433.75,418.6000061035156,425.5,399.31573486328125,2633
2010-02-24,417.3999938964844,427.8999938964844,417.3999938964844,423.29998779296875,397.2510681152344,1642
2010-02-25,428.6499938964844,428.70001220703125,414.25,424.20001220703125,398.0957336425781,3740
2010-02-26,426.0,468.0,422.25,445.25,417.850341796875,32280
2010-03-02,460.6000061035156,472.0,448.29998779296875,462.25,433.80419921875,9891
2010-03-03,465.0,485.0,465.0,473.54998779296875,444.4088134765625,5354
2010-03-04,475.0,479.8999938964844,469.0,474.75,445.53497314453125,16809
2010-03-05,479.0,479.0,457.25,463.75,435.2118835449219,7085
2010-03-08,475.0,475.0,455.5,459.6499938964844,431.36419677734375,2747
2010-03-09,456.0,457.6499938964844,447.54998779296875,451.3999938964844,423.6218566894531,1243
2010-03-10,463.0,463.0,439.0,441.95001220703125,414.7533874511719,5042
2010-03-11,436.29998779296875,447.8500061035156,435.0,439.75,412.68878173828125,12733
2010-03-12,439.1000061035156,448.8999938964844,433.6000061035156,435.0,408.2311096191406,7738
2010-03-15,448.8500061035156,448.8500061035156,425.1000061035156,434.5,407.7618713378906,9575
2010-03-16,446.5,446.5,437.0,443.5,416.20806884765625,2780
2010-03-17,449.0,450.0,441.25,443.20001220703125,415.926513671875,2470
2010-03-18,442.0,448.3500061035156,436.0,440.95001220703125,413.8150329589844,19534
2010-03-19,445.0,445.0,431.1499938964844,434.8999938964844,408.13720703125,2829
2010-03-22,428.0,435.5,426.0,432.70001220703125,406.07269287109375,22104
2010-03-23,432.0,436.0,430.20001220703125,431.8500061035156,405.2749938964844,24677
2010-03-25,432.0,434.95001220703125,421.0,433.3999938964844,406.7295837402344,3962
2010-03-26,435.0,448.0,435.0,443.8999938964844,416.5834045410156,22706
2010-03-29,445.0,464.0,430.0,449.45001220703125,421.79193115234375,50396
2010-03-30,450.0,452.0,441.04998779296875,448.6000061035156,420.9942321777344,40788
2010-03-31,444.0,462.29998779296875,442.54998779296875,452.29998779296875,424.46649169921875,206606
2010-04-01,374.0,470.0,371.0,447.70001220703125,420.1495666503906,115007
2010-04-05,459.95001220703125,479.95001220703125,438.20001220703125,468.8999938964844,440.0450134277344,12910
2010-04-06,465.0,477.0,451.25,465.6499938964844,436.99493408203125,73023
2010-04-07,478.0,478.0,465.1000061035156,472.6000061035156,443.51727294921875,47759
2010-04-08,480.0,499.79998779296875,475.0,477.79998779296875,448.39727783203125,10898
2010-04-09,478.0,478.0,470.0,471.70001220703125,442.6726989746094,17813
2010-04-12,475.0,494.3999938964844,457.0,472.3500061035156,443.2826232910156,101242
2010-04-13,474.6000061035156,485.0,474.6000061035156,477.3500061035156,447.9749450683594,4682
2010-04-15,498.6499938964844,509.79998779296875,482.1499938964844,490.54998779296875,460.3626708984375,10779
2010-04-16,483.20001220703125,487.95001220703125,474.0,478.79998779296875,449.33575439453125,4496
2010-04-19,471.0,478.8500061035156,460.5,466.54998779296875,437.8395690917969,4123
2010-04-20,468.5,479.0,466.95001220703125,475.29998779296875,446.05108642578125,20210
2010-04-21,473.29998779296875,506.3999938964844,473.29998779296875,497.70001220703125,467.07269287109375,69981
2010-04-22,492.5,499.8999938964844,485.6000061035156,488.1000061035156,458.0634765625,7015
2010-04-23,487.29998779296875,489.3999938964844,480.0,482.8500061035156,453.13653564453125,1415
2010-04-26,475.1499938964844,485.29998779296875,475.1499938964844,479.54998779296875,450.03961181640625,4646
2010-04-27,477.0,492.0,476.25,484.8999938964844,455.06036376953125,19143
2010-04-28,485.0,500.0,480.04998779296875,488.45001220703125,458.3919372558594,21853
2010-04-29,488.0,516.0,483.6499938964844,497.0,466.415771484375,139247
2010-04-30,508.0,508.0,480.0,482.0,452.3388671875,91773
2010-05-03,483.5,486.0,471.3500061035156,481.75,452.104248046875,5249
2010-05-04,481.0,498.1000061035156,462.75,488.04998779296875,458.0165100097656,24233
2010-05-05,488.04998779296875,506.8999938964844,475.1000061035156,503.1000061035156,472.1403503417969,25511
2010-05-06,506.0,508.0,491.1000061035156,497.75,467.1196594238281,5813
2010-05-07,489.0,496.0,485.5,493.6000061035156,463.2250061035156,11208
2010-05-10,495.5,503.79998779296875,485.1000061035156,489.29998779296875,459.1896057128906,3988
2010-05-11,490.0,490.0,475.20001220703125,480.29998779296875,450.7434387207031,1041
2010-05-12,480.0,489.0,478.5,480.6499938964844,451.0718994140625,1423
2010-05-13,480.6000061035156,494.0,475.0,492.25,461.9580383300781,13182
2010-05-14,487.0,490.0,465.75,471.1000061035156,442.1095886230469,5492
2010-05-17,489.0,489.0,460.0,475.0,445.76959228515625,4092
2010-05-18,484.95001220703125,492.0,476.70001220703125,487.8999938964844,457.87579345703125,15881
2010-05-19,483.0,488.8999938964844,463.0,469.6000061035156,440.7018737792969,2714
2010-05-20,470.0,487.8999938964844,449.04998779296875,468.1499938964844,439.3410949707031,23266
2010-05-21,452.0,487.3999938964844,450.0,474.20001220703125,445.0188903808594,2356
2010-05-24,474.5,486.3999938964844,462.1499938964844,467.20001220703125,438.4496154785156,1577
2010-05-25,460.1000061035156,471.25,451.0,454.6000061035156,426.6249694824219,1216
2010-05-26,461.0,468.0,446.5,461.29998779296875,432.9127197265625,5125
2010-05-27,449.79998779296875,468.0,449.79998779296875,465.6000061035156,436.9480895996094,1783
2010-05-28,474.0,478.3999938964844,465.0,478.0,448.5849914550781,3485
2010-05-31,478.0,491.95001220703125,472.0,488.0,457.9696350097656,13117
2010-06-01,495.1499938964844,495.95001220703125,475.70001220703125,476.8500061035156,447.5057373046875,10761
2010-06-02,479.1000061035156,492.0,477.1499938964844,488.29998779296875,458.2510986328125,2125
2010-06-03,495.0,502.6499938964844,492.20001220703125,493.3999938964844,463.03729248046875,4556
2010-06-04,485.0,499.95001220703125,485.0,491.3500061035156,461.1134948730469,3604
2010-06-07,496.0,496.0,480.0,487.1000061035156,457.125,9131
2010-06-08,490.0,492.0,472.45001220703125,475.0,445.76959228515625,2214
2010-06-09,476.04998779296875,482.0,473.0,480.04998779296875,450.5088195800781,2509
2010-06-10,477.04998779296875,495.0,477.04998779296875,489.95001220703125,459.7995910644531,12759
2010-06-11,494.0,497.0,481.1499938964844,485.8999938964844,455.9988098144531,17682
2010-06-14,489.0,495.0,476.3999938964844,478.25,448.8196105957031,4052
2010-06-15,479.25,482.54998779296875,473.0,475.04998779296875,445.8165283203125,4611
2010-06-16,470.0,488.1000061035156,470.0,480.45001220703125,450.8842468261719,21050
2010-06-17,476.5,483.3500061035156,470.1000061035156,472.1499938964844,443.0950012207031,4186
2010-06-18,488.0,488.0,467.04998779296875,469.79998779296875,440.8895568847656,3539
2010-06-21,467.0,494.29998779296875,467.0,473.8500061035156,444.69036865234375,39127
2010-06-22,471.0,481.0,470.0,480.1499938964844,450.6026916503906,35357
2010-06-23,482.0,490.8999938964844,469.8500061035156,488.45001220703125,458.3919372558594,8167
2010-06-24,486.0,493.29998779296875,479.0,480.3999938964844,450.8372802734375,1549
2010-06-25,478.0,489.8999938964844,475.0,482.79998779296875,453.089599609375,1408
2010-06-28,478.5,487.95001220703125,473.0,476.04998779296875,446.7549743652344,3369
2010-06-29,494.70001220703125,494.70001220703125,475.70001220703125,485.8500061035156,455.951904296875,25308
2010-06-30,481.0,494.70001220703125,481.0,491.5,461.25421142578125,2265
2010-07-01,482.0,488.70001220703125,474.0,475.04998779296875,445.8165283203125,3030
2010-07-02,480.0,499.0,468.04998779296875,469.3500061035156,440.4673156738281,4009
2010-07-05,470.0,472.0,458.04998779296875,460.75,432.396484375,5424
2010-07-06,461.0,466.8999938964844,450.0,459.3500061035156,431.0826721191406,7509
2010-07-07,469.29998779296875,469.29998779296875,455.0,462.5,434.038818359375,12646
2010-07-08,474.0,490.0,468.0,482.8999938964844,453.1834411621094,16077
2010-07-09,481.1499938964844,488.0,473.0,473.75,444.5965270996094,2105
2010-07-12,473.5,480.0,472.6000061035156,474.95001220703125,445.72271728515625,2406
2010-07-13,475.5,479.75,472.04998779296875,474.8500061035156,445.62884521484375,1197
2010-07-14,475.1000061035156,485.8500061035156,475.1000061035156,483.79998779296875,454.02801513671875,2810
2010-07-15,483.0,494.0,483.0,490.25,460.0811462402344,7662
2010-07-16,492.45001220703125,492.45001220703125,487.0,491.6000061035156,461.34808349609375,6131
2010-07-19,494.1000061035156,499.75,479.0,480.6499938964844,451.0718994140625,3200
2010-07-20,481.0,490.0,481.0,483.0,453.2773132324219,1810
2010-07-21,485.0,485.0,473.04998779296875,474.75,445.53497314453125,4250
2010-07-22,479.0,484.5,475.54998779296875,481.6499938964844,453.9225769042969,655
2010-07-23,485.95001220703125,486.0,470.1499938964844,472.8999938964844,445.6763610839844,1960
2010-07-26,475.0,483.0,474.1499938964844,481.8999938964844,454.158203125,2136
2010-07-27,475.0,495.95001220703125,475.0,480.1000061035156,452.4619140625,1745
2010-07-28,480.0,491.95001220703125,478.5,485.20001220703125,457.2683410644531,2894
2010-07-29,478.0,489.0,478.0,482.6000061035156,454.8179626464844,2090
2010-07-30,485.0,489.0,478.0,485.54998779296875,457.59808349609375,29591
2010-08-02,478.0,488.0,478.0,481.8999938964844,454.158203125,1899
2010-08-03,482.20001220703125,486.79998779296875,482.20001220703125,484.25,456.3729553222656,2396
2010-08-04,480.1000061035156,485.0,480.1000061035156,484.95001220703125,457.03265380859375,1229
2010-08-05,481.04998779296875,489.0,468.6000061035156,478.8500061035156,451.2838439941406,32375
2010-08-06,489.8999938964844,490.0,475.0,481.8999938964844,454.158203125,50164
2010-08-09,481.8999938964844,492.29998779296875,476.20001220703125,482.20001220703125,454.4409484863281,6380
2010-08-10,479.1000061035156,490.0,479.1000061035156,481.3500061035156,453.639892578125,12854
2010-08-11,484.0,488.8500061035156,484.0,485.0,457.0798034667969,33733
2010-08-12,487.8999938964844,487.8999938964844,479.0,486.0,458.0221862792969,374
2010-08-13,491.95001220703125,491.95001220703125,480.0,480.1499938964844,452.50897216796875,609
2010-08-16,482.04998779296875,505.0,481.3500061035156,500.8999938964844,472.064453125,18355
2010-08-17,505.0,515.0,502.0,506.04998779296875,476.91796875,4909
2010-08-18,510.0,513.9000244140625,485.0,487.70001220703125,459.6243591308594,4440
2010-08-19,494.8500061035156,494.8999938964844,481.5,484.04998779296875,456.1844482421875,5887
2010-08-20,485.0,494.8500061035156,480.20001220703125,487.04998779296875,459.0116882324219,2989
2010-08-23,490.0,493.0,482.0,484.5,456.60858154296875,1263
2010-08-24,482.1499938964844,490.0,482.1499938964844,484.95001220703125,457.03265380859375,20316
2010-08-25,482.04998779296875,484.79998779296875,468.0,471.0,443.8857727050781,4181
2010-08-26,485.0,485.0,469.04998779296875,470.79998779296875,443.6972351074219,938
2010-08-27,464.54998779296875,477.0,458.95001220703125,470.79998779296875,443.6972351074219,16096
2010-08-30,470.5,482.0,468.1000061035156,469.95001220703125,442.8961486816406,1436
2010-08-31,463.54998779296875,470.0,462.0,466.95001220703125,440.06884765625,1555
2010-09-01,463.0,487.0,463.0,485.8999938964844,457.9279479980469,2873
2010-09-02,480.1000061035156,486.8500061035156,478.0,483.04998779296875,455.2420349121094,855
2010-09-03,489.8999938964844,489.8999938964844,476.29998779296875,477.75,450.24713134765625,513
2010-09-06,480.1000061035156,483.1499938964844,472.0,474.25,446.94866943359375,2486
2010-09-07,476.1000061035156,478.95001220703125,475.29998779296875,476.70001220703125,449.2575988769531,833
2010-09-08,475.1000061035156,483.95001220703125,470.0,471.8999938964844,444.7339172363281,2512
2010-09-09,479.95001220703125,501.8500061035156,471.04998779296875,497.8999938964844,469.2371826171875,14396
2010-09-13,502.29998779296875,512.4000244140625,485.20001220703125,489.04998779296875,460.8965759277344,7271
2010-09-14,475.6000061035156,498.8500061035156,475.6000061035156,481.6499938964844,453.9225769042969,2101
2010-09-15,484.0,497.8999938964844,480.25,495.3999938964844,466.88104248046875,3471
2010-09-16,498.0,498.0,485.04998779296875,485.1000061035156,457.17401123046875,2096
2010-09-17,488.5,505.0,488.5,490.79998779296875,462.5458679199219,3586
2010-09-20,481.0,498.0,452.5,478.1499938964844,450.6240539550781,13972
2010-09-21,478.0,484.45001220703125,466.0,469.95001220703125,442.8961486816406,133732
2010-09-22,473.0,473.79998779296875,432.29998779296875,470.5,443.41448974609375,4236
2010-09-23,470.0,474.95001220703125,466.29998779296875,470.6000061035156,443.5087890625,1437
2010-09-24,475.0,482.0,468.1000061035156,475.95001220703125,448.5507507324219,58502
2010-09-27,486.8500061035156,488.0,475.25,480.75,453.07440185546875,11273
2010-09-28,486.3999938964844,486.3999938964844,475.0,480.6499938964844,452.9801940917969,3583
2010-09-29,484.0,484.0,470.04998779296875,472.29998779296875,445.11090087890625,10764
2010-09-30,475.0,475.0,468.1499938964844,473.95001220703125,446.6658935546875,5675
2010-10-01,469.0,490.95001220703125,469.0,488.0,459.9070739746094,7081
2010-10-04,488.5,488.5,477.1499938964844,483.0,455.1949462890625,1651
2010-10-05,480.1000061035156,485.29998779296875,478.0,480.04998779296875,452.41473388671875,12260
2010-10-06,480.6000061035156,487.3999938964844,474.0,474.8999938964844,447.5611877441406,145478
2010-10-07,475.25,486.0,474.1000061035156,483.79998779296875,455.9488220214844,11038
2010-10-08,480.1499938964844,488.0,480.0,484.3999938964844,456.5142822265625,2599
2010-10-11,489.0,489.0,483.1499938964844,484.45001220703125,456.5614318847656,2313
2010-10-12,480.04998779296875,491.79998779296875,477.0,482.70001220703125,454.9122009277344,16625
2010-10-13,484.75,484.75,475.04998779296875,478.25,450.7183532714844,15912
2010-10-14,484.5,484.5,474.0,475.1000061035156,447.7496643066406,6814
2010-10-15,475.04998779296875,475.5,468.5,470.6499938964844,443.5558166503906,2957
2010-10-18,478.5,478.75,468.0,476.95001220703125,449.4931640625,3737
2010-10-19,479.0,483.0,478.0,480.25,452.60321044921875,1384
2010-10-20,476.95001220703125,485.0,475.0,483.3500061035156,455.52471923828125,1776
2010-10-21,484.20001220703125,490.0,479.04998779296875,487.8500061035156,459.7657470703125,99050
2010-10-22,488.0,488.0,477.0,483.3999938964844,455.57183837890625,1899
2010-10-25,489.79998779296875,489.79998779296875,479.8999938964844,480.75,453.07440185546875,4947
2010-10-26,482.5,486.0,480.0,484.6000061035156,456.70281982421875,2583
2010-10-27,481.0,492.0,479.8999938964844,487.8999938964844,459.8128356933594,3516
2010-10-28,487.8999938964844,495.0,481.1000061035156,484.79998779296875,456.89129638671875,1226
2010-10-29,478.1000061035156,495.95001220703125,478.1000061035156,493.95001220703125,465.5145568847656,2358
2010-11-01,486.1000061035156,490.0,481.29998779296875,482.8500061035156,455.0535583496094,249
2010-11-02,481.29998779296875,491.29998779296875,481.29998779296875,485.0,457.0798034667969,523
2010-11-03,481.0,484.3999938964844,472.0,472.6499938964844,445.4407043457031,3869
2010-11-04,474.29998779296875,476.5,464.0,468.45001220703125,441.4825134277344,3412
2010-11-08,478.0,478.0,467.0,468.8999938964844,441.9066467285156,13979
2010-11-09,475.0,475.0,467.6000061035156,468.1499938964844,441.19976806640625,918
2010-11-10,481.0,481.0,464.0,466.20001220703125,439.3620300292969,2478
2010-11-11,461.6000061035156,474.20001220703125,451.0,465.45001220703125,438.65521240234375,1021
2010-11-12,462.0,471.29998779296875,460.0,463.45001220703125,436.77032470703125,3384
2010-11-15,459.1499938964844,482.6499938964844,459.1499938964844,478.95001220703125,451.3780822753906,7857
2010-11-16,478.0,480.0,446.5,460.3999938964844,433.8959045410156,10539
2010-11-18,476.0,476.0,444.0,447.04998779296875,421.3144226074219,2836
2010-11-19,450.0,450.5,428.70001220703125,434.1499938964844,409.15704345703125,10386
2010-11-22,428.20001220703125,441.8999938964844,417.20001220703125,424.8999938964844,400.4395446777344,6785
2010-11-23,416.79998779296875,431.0,416.79998779296875,422.0,397.70654296875,22211
2010-11-24,425.0,430.0,420.25,421.04998779296875,396.8111572265625,2330
2010-11-25,417.0,486.95001220703125,396.5,452.29998779296875,426.26220703125,12421
2010-11-26,456.0,466.0,405.25,409.70001220703125,386.1146240234375,13395
2010-11-29,401.1499938964844,412.0,397.0,399.29998779296875,376.31329345703125,3493
2010-11-30,391.25,399.95001220703125,386.0,390.54998779296875,368.0669860839844,7293
2010-12-01,388.0,408.0,386.0,403.04998779296875,379.847412109375,3529
2010-12-02,411.0,434.3999938964844,406.0,426.29998779296875,401.7590026855469,5234
2010-12-03,436.8999938964844,437.0,412.5,415.6000061035156,391.67498779296875,1178
2010-12-06,416.1000061035156,435.0,415.1000061035156,430.8500061035156,406.04705810546875,32046
2010-12-07,450.0,450.0,405.1499938964844,425.6499938964844,401.1463928222656,2311
2010-12-08,418.0,425.0,415.0,420.3500061035156,396.1514892578125,15050
2010-12-09,415.04998779296875,426.75,411.0,413.25,389.4602355957031,2800
2010-12-10,415.0,430.0,410.0,418.25,394.17242431640625,2871
2010-12-13,442.0,442.0,406.1000061035156,429.6499938964844,404.9161376953125,23250
2010-12-14,440.0,446.70001220703125,427.1000061035156,439.45001220703125,414.1519775390625,23370
2010-12-15,430.3500061035156,441.0,429.1499938964844,430.8500061035156,406.04705810546875,100162
2010-12-16,426.79998779296875,435.70001220703125,421.0,421.04998779296875,396.8111572265625,15459
2010-12-20,416.1000061035156,431.6000061035156,416.1000061035156,419.1000061035156,394.9734802246094,318
2010-12-21,421.0,437.79998779296875,410.0,411.95001220703125,388.2350769042969,1197
2010-12-22,410.0,418.95001220703125,398.6499938964844,403.1499938964844,379.9416809082031,7329
2010-12-23,419.5,463.45001220703125,408.0,439.5,414.1990966796875,37071
2010-12-24,435.20001220703125,435.20001220703125,412.0,415.45001220703125,391.5335998535156,9694
2010-12-27,411.3999938964844,418.0,405.0,407.8500061035156,384.37109375,5935
2010-12-28,403.6000061035156,427.29998779296875,403.6000061035156,405.79998779296875,382.4391174316406,4106
2010-12-29,414.8500061035156,420.8999938964844,406.0,408.1499938964844,384.6538391113281,1735
2010-12-30,408.0,415.95001220703125,406.6499938964844,410.8999938964844,387.2455139160156,1716
2010-12-31,408.25,415.0,408.25,410.75,387.1041564941406,16583
2011-01-03,412.5,423.0,411.0,415.5,391.5806884765625,3019
2011-01-04,415.04998779296875,418.95001220703125,406.29998779296875,409.75,386.1617431640625,4481
2011-01-05,422.95001220703125,422.95001220703125,406.0,410.70001220703125,387.0570373535156,938
2011-01-06,415.04998779296875,415.04998779296875,402.1000061035156,406.20001220703125,382.8161315917969,1692
2011-01-07,401.5,402.6000061035156,383.0,386.54998779296875,364.29730224609375,4299
2011-01-10,390.75,411.95001220703125,390.75,395.54998779296875,372.7791442871094,14395
2011-01-11,405.0,405.0,385.0,386.1000061035156,363.8731994628906,1792
2011-01-12,394.95001220703125,402.0,382.0,394.5,371.78961181640625,2029
2011-01-13,387.1000061035156,393.0,382.0,383.70001220703125,361.61138916015625,2200
2011-01-14,417.29998779296875,422.0,374.1000061035156,379.8500061035156,357.9830017089844,2738
2011-01-17,375.3999938964844,384.5,367.8999938964844,370.3999938964844,349.0770263671875,2908
2011-01-18,390.0,394.0,358.20001220703125,362.5,341.6318359375,2935
2011-01-19,365.0,370.0,361.20001220703125,363.75,342.8098449707031,924
2011-01-20,334.70001220703125,364.20001220703125,334.70001220703125,360.3999938964844,339.6526794433594,6242
2011-01-21,360.0,360.0,354.1499938964844,355.6499938964844,335.1761474609375,1372
2011-01-24,355.1499938964844,358.0,346.1499938964844,349.0,328.9089660644531,2681
2011-01-25,348.0,348.0,329.20001220703125,335.79998779296875,316.46881103515625,47422
2011-01-27,335.0,354.79998779296875,327.0,348.6499938964844,328.5790710449219,67812
2011-01-28,352.0,352.0,329.0,336.8500061035156,317.4583740234375,2476
2011-01-31,331.0,352.25,331.0,350.0,329.85137939453125,12849
2011-02-01,350.0,358.95001220703125,345.0,349.04998779296875,328.9560546875,1571
2011-02-02,350.20001220703125,352.6000061035156,340.0,341.8999938964844,322.21771240234375,2756
2011-02-03,349.0,389.0,341.04998779296875,355.3999938964844,334.9405212402344,2089051
2011-02-04,356.0,356.0,341.5,346.1000061035156,326.1758728027344,16430
2011-02-07,352.0,352.0,341.5,342.75,323.0187683105469,8981
2011-02-08,359.0,359.0,333.75,336.95001220703125,317.5526428222656,6608
2011-02-09,336.95001220703125,336.95001220703125,322.70001220703125,325.0,306.29058837890625,10328
2011-02-10,353.0,353.0,315.0,320.1000061035156,301.6726989746094,7833
2011-02-11,335.70001220703125,335.70001220703125,310.1499938964844,322.75,304.1701354980469,6834
2011-02-14,379.0,379.0,325.0,333.3500061035156,314.1598815917969,2244
2011-02-15,329.8500061035156,339.70001220703125,319.8999938964844,329.75,310.7671203613281,7430
2011-02-16,332.0,340.0,315.0,336.0,316.6573181152344,1437
2011-02-17,337.0,337.0,326.25,334.95001220703125,315.6678161621094,2162
2011-02-18,349.0,375.0,321.5,330.1499938964844,311.1441345214844,19195
2011-02-21,324.0,339.95001220703125,324.0,337.3999938964844,317.9766845703125,8122
2011-02-22,341.0,341.0,327.54998779296875,333.8500061035156,314.6311340332031,4977
2011-02-23,339.0,339.0,325.54998779296875,330.75,311.7095642089844,407
2011-02-24,328.0,354.0,325.5,340.8999938964844,321.2752380371094,14758
2011-02-25,333.0,340.04998779296875,328.0,329.70001220703125,310.72003173828125,4565
2011-02-28,338.75,338.75,322.25,326.04998779296875,307.28009033203125,2595
2011-03-01,330.0,336.79998779296875,325.0,330.8500061035156,311.8038024902344,1776
2011-03-03,340.0,340.0,322.25,324.04998779296875,305.3952331542969,2169
2011-03-04,334.0,334.0,320.1000061035156,321.8500061035156,303.3219299316406,1950
2011-03-07,324.5,329.8999938964844,311.5,320.45001220703125,302.00250244140625,3016
2011-03-08,342.0,342.0,318.6000061035156,322.29998779296875,303.74603271484375,10017
2011-03-09,328.79998779296875,328.79998779296875,318.0,320.8500061035156,302.3794250488281,21502
2011-03-10,318.0,331.79998779296875,315.29998779296875,328.3999938964844,309.4949035644531,78844
2011-03-11,318.1499938964844,328.75,297.1000061035156,309.54998779296875,291.7300109863281,180762
2011-03-14,312.0,324.0,310.20001220703125,318.25,299.9291076660156,16630
2011-03-15,318.25,322.0,310.0,316.54998779296875,298.3269958496094,2145
2011-03-16,313.54998779296875,324.79998779296875,313.45001220703125,319.04998779296875,300.6830749511719,1453
2011-03-17,311.29998779296875,322.79998779296875,311.29998779296875,320.04998779296875,301.6255798339844,885
2011-03-18,317.0,327.25,317.0,325.0,306.29058837890625,5607
2011-03-21,329.0,368.79998779296875,316.04998779296875,342.6000061035156,322.87744140625,7455
2011-03-22,348.75,354.0,338.25,342.75,323.0187683105469,11662
2011-03-23,332.5,342.0,332.5,338.70001220703125,319.2019348144531,1619
2011-03-24,334.20001220703125,342.0,332.0,333.20001220703125,314.01849365234375,1829
2011-03-25,339.8999938964844,339.8999938964844,333.0,334.8500061035156,315.5735168457031,940
2011-03-28,335.8999938964844,344.0,328.54998779296875,331.70001220703125,312.6048583984375,14852
2011-03-29,325.54998779296875,337.29998779296875,325.54998779296875,328.20001220703125,309.3064270019531,3317
2011-03-30,327.70001220703125,337.0,325.54998779296875,326.6000061035156,307.79840087890625,4624
2011-03-31,326.70001220703125,339.95001220703125,325.0,328.54998779296875,309.63616943359375,316
2011-04-01,325.0,334.0,322.1499938964844,328.5,309.58905029296875,2471
2011-04-04,315.6000061035156,339.75,315.6000061035156,336.6000061035156,317.2228088378906,1644
2011-04-05,338.75,346.04998779296875,334.0,345.5,325.61041259765625,2065
2011-04-06,346.04998779296875,357.0,340.0,343.54998779296875,323.7726745605469,16466
2011-04-07,342.5,347.5,340.1499938964844,344.1499938964844,324.338134765625,1603
2011-04-08,353.95001220703125,353.95001220703125,342.0,349.54998779296875,329.4272766113281,6415
2011-04-11,350.0,350.0,342.1000061035156,346.1499938964844,326.2230224609375,715
2011-04-13,347.0,349.0,339.45001220703125,342.95001220703125,323.2072448730469,4211
2011-04-15,333.54998779296875,340.3500061035156,333.5,338.75,319.2490234375,2111
2011-04-18,330.1499938964844,340.3500061035156,326.0,328.8999938964844,309.9660339355469,5338
2011-04-19,325.54998779296875,334.8500061035156,320.0,330.70001220703125,311.66241455078125,14582
2011-04-20,340.0,345.0,323.1499938964844,341.29998779296875,321.6522216796875,2109
2011-04-21,336.70001220703125,343.95001220703125,332.1499938964844,335.45001220703125,316.1390075683594,823
2011-04-25,333.0,339.5,326.1499938964844,327.95001220703125,309.0707702636719,2187
2011-04-26,329.0,349.79998779296875,327.0,346.75,326.7884826660156,3658
2011-04-27,336.0,340.79998779296875,332.20001220703125,335.45001220703125,316.1390075683594,1021
2011-04-28,339.79998779296875,339.79998779296875,327.1000061035156,328.25,309.3534851074219,1011
2011-04-29,327.20001220703125,339.0,327.1000061035156,328.0,309.1178283691406,106249
2011-05-02,327.6000061035156,329.8999938964844,323.8999938964844,323.95001220703125,305.301025390625,585
2011-05-03,325.0,329.6000061035156,322.0,324.75,306.05499267578125,5561
2011-05-04,330.0,330.0,315.0,317.8500061035156,299.55218505859375,1068
2011-05-05,314.95001220703125,327.20001220703125,314.95001220703125,316.79998779296875,298.5626220703125,718
2011-05-06,328.3500061035156,333.0,315.75,330.1000061035156,311.0970153808594,5248
2011-05-09,353.95001220703125,354.0,324.5,329.0,310.0602722167969,946
2011-05-10,333.8999938964844,334.0,325.0,328.0,309.1178283691406,582
2011-05-11,322.29998779296875,333.70001220703125,322.20001220703125,326.5,307.7042236328125,618
2011-05-12,323.54998779296875,332.20001220703125,321.5,322.6499938964844,304.0758361816406,10464
2011-05-13,324.79998779296875,333.79998779296875,324.70001220703125,333.1000061035156,313.92431640625,2150
2011-05-16,325.45001220703125,332.3999938964844,317.0,324.54998779296875,305.866455078125,1047
2011-05-17,343.79998779296875,343.79998779296875,318.0,319.25,300.87158203125,676
2011-05-18,333.0,333.0,315.1499938964844,317.29998779296875,299.0338134765625,1117
2011-05-19,311.25,321.29998779296875,311.25,320.0,301.5784606933594,351
2011-05-20,318.0,329.0,315.1000061035156,316.3500061035156,298.1385498046875,1482
2011-05-23,315.75,317.70001220703125,310.0,311.25,293.3321533203125,418
2011-05-24,306.29998779296875,316.8999938964844,306.1000061035156,306.79998779296875,289.1383056640625,1172
2011-05-25,305.0,314.8999938964844,301.1000061035156,302.6000061035156,285.18011474609375,797
2011-05-26,300.20001220703125,308.70001220703125,300.20001220703125,303.1499938964844,285.6984558105469,702
2011-05-27,302.3500061035156,309.45001220703125,302.3500061035156,306.95001220703125,289.2796936035156,194
2011-05-30,303.1000061035156,313.95001220703125,295.0,303.3500061035156,285.8869323730469,15110
2011-05-31,299.1499938964844,307.0,299.1499938964844,302.45001220703125,285.0386962890625,1603
2011-06-01,299.0,307.8500061035156,299.0,304.0,286.4994812011719,360
2011-06-02,304.0,306.0,300.0,300.5,283.2009582519531,462
2011-06-03,305.0,310.8500061035156,301.0,301.54998779296875,284.19049072265625,853
2011-06-06,300.0,305.0,299.0,300.75,283.4365539550781,11549
2011-06-07,294.04998779296875,308.0,293.1499938964844,297.75,280.60931396484375,1452
2011-06-08,301.8500061035156,314.0,300.0,306.3999938964844,288.76129150390625,14798
2011-06-09,309.20001220703125,343.0,308.0,310.6000061035156,292.71954345703125,5947
2011-06-10,312.79998779296875,312.79998779296875,305.29998779296875,306.6499938964844,288.9969482421875,954
2011-06-13,296.1499938964844,308.0,296.1499938964844,301.54998779296875,284.19049072265625,1143
2011-06-14,302.95001220703125,304.95001220703125,296.1499938964844,298.1000061035156,280.9391174316406,1366
2011-06-15,306.79998779296875,306.79998779296875,296.0,297.45001220703125,280.3265380859375,2474
2011-06-16,304.20001220703125,304.20001220703125,298.5,299.45001220703125,282.21142578125,372
2011-06-17,296.3999938964844,299.95001220703125,290.0,292.5,275.6614685058594,944
2011-06-20,292.0,293.8999938964844,280.25,285.04998779296875,268.640380859375,1656
2011-06-21,292.1000061035156,293.5,281.1499938964844,284.79998779296875,268.40478515625,872
2011-06-22,283.1499938964844,290.0,270.54998779296875,272.6499938964844,256.9542541503906,2491
2011-06-23,272.0,273.25,267.0,271.3999938964844,255.7761993408203,1546
2011-06-24,271.1000061035156,280.95001220703125,271.1000061035156,275.6499938964844,259.7815246582031,1695
2011-06-27,283.8999938964844,283.8999938964844,267.54998779296875,269.6499938964844,254.12689208984375,924
2011-06-28,270.0,274.0,269.0,269.70001220703125,254.174072265625,1256
2011-06-29,268.0,278.6499938964844,267.0,270.75,255.16355895996094,3762
2011-06-30,269.0,272.45001220703125,265.0,268.1499938964844,252.7132568359375,12997
2011-07-01,268.0,271.70001220703125,265.0,265.25,249.98019409179688,2991
2011-07-04,271.0,271.0,266.0,267.79998779296875,252.3834228515625,7587
2011-07-05,269.95001220703125,269.95001220703125,265.1000061035156,265.54998779296875,250.26295471191406,1977
2011-07-06,266.0,273.8999938964844,265.0,267.8500061035156,252.43057250976562,16597
2011-07-07,268.0,269.0,264.0,265.8500061035156,250.54568481445312,3053
2011-07-08,268.0,285.0,267.5,275.04998779296875,259.216064453125,57025
2011-07-11,273.6000061035156,288.45001220703125,273.0,282.3999938964844,266.1429443359375,3797
2011-07-12,283.0,283.0,273.95001220703125,276.04998779296875,260.158447265625,1243
2011-07-13,266.1499938964844,280.0,266.1499938964844,277.75,261.7605895996094,2061
2011-07-14,279.79998779296875,284.0,276.0,282.75,266.4728088378906,1450
2011-07-15,289.8500061035156,289.8500061035156,284.04998779296875,286.04998779296875,269.5827941894531,630
2011-07-18,287.0,288.0,285.0,286.95001220703125,270.4310302734375,445
2011-07-19,285.0,291.8999938964844,283.25,289.79998779296875,273.1169128417969,1009
2011-07-20,294.0,309.95001220703125,294.0,307.75,290.0335693359375,181898
2011-07-21,261.0,311.95001220703125,261.0,309.0,291.21160888671875,35118
2011-07-22,305.1000061035156,310.0,300.6000061035156,307.1000061035156,289.4210205078125,626
2011-07-25,307.1000061035156,313.70001220703125,305.20001220703125,310.20001220703125,292.34259033203125,1576
2011-07-26,309.0,309.0,297.0,303.3500061035156,285.8869323730469,665
2011-07-27,300.29998779296875,303.0,292.3500061035156,300.45001220703125,283.1538391113281,2483
2011-07-28,303.3999938964844,303.3999938964844,291.04998779296875,300.0,282.7297058105469,87365
2011-07-29,295.0,303.45001220703125,268.1000061035156,300.0,282.7297058105469,5677
2011-08-01,297.1000061035156,303.5,295.5,300.04998779296875,282.77685546875,2398
2011-08-02,304.8500061035156,304.8500061035156,300.0,300.0,282.7297058105469,1111
2011-08-03,295.0,304.95001220703125,287.29998779296875,300.20001220703125,282.91827392578125,1283
2011-08-04,300.3500061035156,303.5,300.0,300.0,282.7297058105469,471
2011-08-05,295.0,302.0,273.1000061035156,291.95001220703125,275.1431579589844,18837
2011-08-08,286.0,294.8500061035156,270.0,284.25,267.88641357421875,5583
2011-08-09,280.0,289.75,275.0,280.1000061035156,263.975341796875,1999
2011-08-10,285.0,289.0,280.1000061035156,286.6499938964844,270.1482849121094,645
2011-08-11,283.0,292.0,281.1000061035156,288.1499938964844,271.56195068359375,1388
2011-08-12,289.95001220703125,290.0,280.0,281.6000061035156,265.3890380859375,1469
2011-08-16,286.0,294.0,278.0,283.95001220703125,267.603759765625,1168
2011-08-17,280.0,285.0,270.25,272.1499938964844,256.4830017089844,2068
2011-08-18,267.0,267.20001220703125,261.45001220703125,264.70001220703125,249.4619140625,2367
2011-08-19,264.0,267.79998779296875,255.0,264.8500061035156,249.603271484375,1147
2011-08-22,270.0,273.0,261.1000061035156,264.95001220703125,249.69754028320312,597
2011-08-23,263.0,272.6000061035156,263.0,265.54998779296875,250.26295471191406,443
2011-08-24,270.0,271.95001220703125,253.14999389648438,259.1499938964844,244.23135375976562,9630
2011-08-25,260.0,264.79998779296875,259.0,259.75,244.79685974121094,507
2011-08-26,254.0,267.25,252.25,254.4499969482422,239.8019561767578,737
2011-08-29,235.0,262.0,235.0,255.35000610351562,240.650146484375,5171
2011-08-30,259.6000061035156,260.0,217.0,229.8000030517578,216.57101440429688,116317
2011-09-02,238.75,238.75,230.0,233.14999389648438,219.72816467285156,2658
2011-09-05,230.10000610351562,244.4499969482422,229.89999389648438,239.60000610351562,225.8068389892578,2158
2011-09-06,234.0,245.89999389648438,232.9499969482422,240.5,226.65504455566406,1697
2011-09-07,244.39999389648438,252.0,237.0,249.60000610351562,237.2037353515625,4154
2011-09-08,254.0,254.0,245.0,251.0,238.53419494628906,1109
2011-09-09,252.0,254.0,244.0,246.25,234.02011108398438,413
2011-09-12,251.0,251.0,240.0,240.9499969482422,228.98333740234375,315
2011-09-13,244.9499969482422,246.5500030517578,241.5500030517578,245.39999389648438,233.2123260498047,347
2011-09-14,241.0,249.0,239.89999389648438,240.0,228.08050537109375,1254
2011-09-15,239.0,249.60000610351562,239.0,245.5,233.3073272705078,516
2011-09-16,250.0,250.0,241.0500030517578,248.35000610351562,236.01580810546875,1210
2011-09-19,244.0,244.0,240.10000610351562,241.3000030517578,229.3159637451172,842
2011-09-20,248.75,248.8000030517578,235.60000610351562,242.35000610351562,230.31381225585938,305
2011-09-21,240.0,244.9499969482422,237.64999389648438,241.75,229.74362182617188,935
2011-09-22,235.0,244.9499969482422,230.0,235.5,223.8040313720703,439
2011-09-23,225.1999969482422,237.75,225.1999969482422,230.10000610351562,218.67222595214844,787
2011-09-26,230.10000610351562,234.0,224.0500030517578,226.0,214.7758331298828,886
2011-09-27,232.0,237.0,225.0,227.1999969482422,215.9162139892578,682
2011-09-28,231.0,238.0,230.0,233.8000030517578,222.1884307861328,1129
2011-09-29,235.5,237.75,225.0,225.3000030517578,214.110595703125,491
2011-09-30,221.0,235.0,217.60000610351562,227.5,216.20132446289062,104126
2011-10-03,224.0,239.89999389648438,217.0,230.0500030517578,218.6246795654297,115890
2011-10-04,237.8000030517578,237.8000030517578,223.0,225.39999389648438,214.2056121826172,849
2011-10-05,224.0,228.0,219.89999389648438,222.9499969482422,211.8772735595703,663
2011-10-07,224.0,231.0,221.64999389648438,223.89999389648438,212.7801055908203,536
2011-10-10,225.0,226.0,220.0,222.0500030517578,211.02200317382812,356
2011-10-11,232.3000030517578,232.3000030517578,223.0500030517578,229.89999389648438,218.4821319580078,1169
2011-10-12,231.0,232.9499969482422,222.5,223.89999389648438,212.7801055908203,1663
2011-10-13,225.0,229.4499969482422,225.0,226.9499969482422,215.67864990234375,786
2011-10-14,223.6999969482422,229.6999969482422,223.6999969482422,225.0500030517578,213.8730010986328,186
2011-10-17,229.0,231.0,224.89999389648438,225.14999389648438,213.96800231933594,418
2011-10-18,221.14999389648438,223.9499969482422,217.0,217.5,206.69796752929688,1925
2011-10-19,218.0,223.0,212.0500030517578,214.64999389648438,203.98951721191406,244981
2011-10-20,215.9499969482422,218.9499969482422,208.1999969482422,209.39999389648438,199.000244140625,2468
2011-10-21,211.0,213.9499969482422,203.0,204.6999969482422,194.53367614746094,1988
2011-10-24,205.0500030517578,208.85000610351562,201.14999389648438,202.8000030517578,192.72802734375,1861
2011-10-25,204.64999389648438,209.89999389648438,201.10000610351562,206.10000610351562,195.86415100097656,372
2011-10-28,220.14999389648438,220.14999389648438,202.0500030517578,208.0500030517578,197.71730041503906,2567
2011-10-31,209.0,209.8000030517578,200.10000610351562,206.6999969482422,196.434326171875,1517
2011-11-01,205.5,210.10000610351562,204.75,209.4499969482422,199.0477752685547,5894
2011-11-02,209.0,209.89999389648438,202.60000610351562,209.39999389648438,199.000244140625,5297
2011-11-03,208.9499969482422,210.0,205.14999389648438,208.5500030517578,198.1924591064453,226542
2011-11-04,210.10000610351562,214.0,209.0,210.0,199.57044982910156,1358
2011-11-08,213.89999389648438,213.89999389648438,208.0,212.64999389648438,202.08883666992188,300
2011-11-09,210.10000610351562,214.0,208.0,208.10000610351562,197.76480102539062,451
2011-11-11,206.0,219.85000610351562,206.0,211.9499969482422,201.42359924316406,685
2011-11-14,209.0,214.0,200.10000610351562,202.5,192.44293212890625,1118
2011-11-15,200.0,203.0,191.5,202.10000610351562,192.0628204345703,2044
2011-11-16,202.5,218.39999389648438,194.0,210.75,200.283203125,2320
2011-11-17,210.75,215.0,195.25,199.39999389648438,189.4969024658203,1737
2011-11-18,196.0,198.10000610351562,191.5,198.0,188.1664276123047,503
2011-11-21,201.0,201.0,195.0,195.0,185.3154296875,420
2011-11-22,200.0,208.89999389648438,196.1999969482422,197.4499969482422,187.64373779296875,1320
2011-11-23,197.5,205.9499969482422,191.3000030517578,192.89999389648438,183.31971740722656,1244
2011-11-24,195.10000610351562,197.9499969482422,187.0,190.8000030517578,181.32400512695312,1425
2011-11-25,188.0,191.0,180.0,188.8000030517578,179.42333984375,1572
2011-11-28,191.0,204.89999389648438,186.14999389648438,193.6999969482422,184.07997131347656,4331
2011-11-29,194.85000610351562,199.89999389648438,188.0,194.6999969482422,185.0303192138672,3631
2011-11-30,191.1999969482422,204.85000610351562,191.1999969482422,203.39999389648438,193.2982177734375,3473
2011-12-01,200.0,205.6999969482422,199.0,200.5500030517578,190.58978271484375,381
2011-12-02,194.0,211.0,192.0,200.35000610351562,190.3997344970703,1178
2011-12-05,201.0,208.85000610351562,200.0,205.0,194.81878662109375,3879
2011-12-07,218.0,218.0,198.1999969482422,203.5500030517578,193.4407958984375,1816
2011-12-08,201.0,227.8000030517578,199.85000610351562,211.1999969482422,200.7108612060547,7235
2011-12-09,211.0,211.0,198.5,206.4499969482422,196.19674682617188,2132
2011-12-12,209.85000610351562,216.0,201.0500030517578,210.10000610351562,199.66551208496094,332
2011-12-13,206.0,212.39999389648438,202.10000610351562,210.0,199.57044982910156,1257
2011-12-14,212.4499969482422,212.4499969482422,195.0,196.5,186.74090576171875,151670
2011-12-15,196.0,196.0,186.60000610351562,190.75,181.2764892578125,1973
2011-12-16,190.0,195.0,186.0,188.3000030517578,178.9481658935547,897
2011-12-19,183.0,186.0,176.0500030517578,176.9499969482422,168.161865234375,1017
2011-12-20,177.0,180.9499969482422,160.0,162.39999389648438,154.33447265625,2381
2011-12-21,164.0500030517578,169.89999389648438,160.75,162.60000610351562,154.52456665039062,1784
2011-12-22,168.8000030517578,168.8000030517578,162.0,163.14999389648438,155.0472412109375,398
2011-12-23,166.25,179.9499969482422,166.10000610351562,172.39999389648438,163.83782958984375,2119
2011-12-26,184.14999389648438,184.14999389648438,170.5,174.14999389648438,165.5009307861328,580
2011-12-27,178.0,178.0,174.0,174.10000610351562,165.45339965820312,342
2011-12-28,172.14999389648438,178.89999389648438,170.0,172.14999389648438,163.6002655029297,268
2011-12-29,175.9499969482422,176.0,163.5,168.64999389648438,160.27407836914062,1470
2011-12-30,165.0,184.0,161.35000610351562,179.0500030517578,170.15757751464844,7377
2012-01-02,179.0500030517578,184.8000030517578,172.0500030517578,174.85000610351562,166.16615295410156,599
2012-01-03,174.3000030517578,182.5,171.1999969482422,175.3000030517578,166.59381103515625,3622
2012-01-04,175.0,176.9499969482422,171.35000610351562,173.10000610351562,164.50308227539062,520
2012-01-05,178.89999389648438,178.89999389648438,172.0500030517578,172.5,163.93287658691406,1101
2012-01-06,184.85000610351562,184.89999389648438,170.5,171.60000610351562,163.0775604248047,832
2012-01-09,179.5500030517578,179.5500030517578,168.0,170.5500030517578,162.07972717285156,1279
2012-01-10,186.9499969482422,186.9499969482422,168.10000610351562,180.0500030517578,171.10791015625,3337
2012-01-11,178.0,184.0,177.0,182.10000610351562,173.05612182617188,1209
2012-01-12,182.75,188.8000030517578,182.0,184.8000030517578,175.62200927734375,2004
2012-01-13,181.0,198.75,176.0,196.4499969482422,186.6934051513672,1061
2012-01-16,197.5,203.5,194.0,201.6999969482422,191.6826629638672,946
2012-01-17,201.0500030517578,210.8000030517578,198.0,207.8000030517578,197.479736328125,1447
2012-01-18,202.0,210.0,200.0,203.85000610351562,193.7259063720703,814
2012-01-19,200.0500030517578,203.3000030517578,195.25,196.0,186.26576232910156,1254
2012-01-20,206.89999389648438,206.89999389648438,197.25,198.5,188.64158630371094,538
2012-01-23,204.9499969482422,204.9499969482422,200.0500030517578,200.64999389648438,190.684814453125,376
2012-01-24,200.0,207.0,200.0,202.5,192.44293212890625,439
2012-01-25,200.35000610351562,206.8000030517578,200.35000610351562,201.8000030517578,191.77769470214844,1495
2012-01-27,204.9499969482422,205.0,185.0,193.14999389648438,183.55731201171875,4736
2012-01-30,212.60000610351562,212.60000610351562,185.60000610351562,187.60000610351562,178.282958984375,2578
2012-01-31,188.14999389648438,194.5500030517578,185.60000610351562,190.25,180.80133056640625,9938
2012-02-01,191.0,205.5,191.0,202.5500030517578,192.49046325683594,6840
2012-02-02,200.10000610351562,213.25,195.5,205.0,194.81878662109375,35528
2012-02-03,209.0,209.5,196.1999969482422,198.5,188.64158630371094,6059
2012-02-06,198.5500030517578,204.60000610351562,197.5500030517578,199.9499969482422,190.0195770263672,25199
2012-02-07,203.0,203.0,195.0,195.60000610351562,185.88563537597656,14518
2012-02-08,199.89999389648438,199.89999389648438,192.85000610351562,195.85000610351562,186.1232147216797,19816
2012-02-09,198.9499969482422,201.75,196.0500030517578,198.6999969482422,188.8316650390625,3714
2012-02-10,201.0,205.5,199.0,202.35000610351562,192.30039978027344,16787
2012-02-13,205.0,209.0,195.1999969482422,197.39999389648438,187.59622192382812,22006
2012-02-14,199.5,205.0,197.1999969482422,200.5,190.54226684570312,7091
2012-02-15,205.0,224.0,200.0500030517578,220.8000030517578,209.83407592773438,118002
2012-02-16,222.4499969482422,235.0,220.0,232.75,221.19058227539062,12910
2012-02-17,235.0,248.8000030517578,235.0,246.9499969482422,234.6853485107422,41558
2012-02-21,246.9499969482422,257.0,233.0500030517578,243.89999389648438,231.78680419921875,21244
2012-02-22,240.0,255.0,238.0,241.4499969482422,229.45851135253906,37615
2012-02-23,248.0,248.0,225.10000610351562,234.35000610351562,222.7111358642578,14253
2012-02-24,247.0,249.89999389648438,232.0,237.10000610351562,225.32456970214844,13476
2012-02-27,234.0500030517578,235.0,223.6999969482422,230.0,218.57717895507812,26199
2012-02-28,226.0,237.64999389648438,223.0,235.10000610351562,223.4239044189453,12560
2012-02-29,237.0,244.85000610351562,223.0,224.85000610351562,213.6829376220703,6192
2012-03-01,220.25,228.0,220.25,227.9499969482422,216.62896728515625,8411
2012-03-02,225.0,234.35000610351562,220.3000030517578,228.85000610351562,217.4842987060547,702
2012-03-05,231.0,232.0,221.25,223.6999969482422,212.59005737304688,2438
2012-03-06,221.0,233.14999389648438,215.0,230.14999389648438,218.71969604492188,2086
2012-03-07,229.5,229.9499969482422,222.39999389648438,228.0500030517578,216.72401428222656,713
2012-03-09,229.0,231.89999389648438,224.3000030517578,225.85000610351562,214.63327026367188,13785
2012-03-12,230.5500030517578,230.5500030517578,223.64999389648438,227.0500030517578,215.77366638183594,881
2012-03-13,224.5,235.0,224.14999389648438,233.39999389648438,221.80831909179688,2498
2012-03-14,238.0,240.0,221.5,232.5,220.9530029296875,2291
2012-03-15,235.64999389648438,235.64999389648438,229.0,232.85000610351562,221.28562927246094,949
2012-03-16,242.0,242.0,216.64999389648438,220.4499969482422,209.50144958496094,2432
2012-03-19,225.0,228.0,215.1999969482422,220.0,209.0737762451172,2251
2012-03-20,225.0,225.0,215.0,215.35000610351562,204.65475463867188,2565
2012-03-21,215.0,229.5,215.0,225.39999389648438,214.2056121826172,5777
2012-03-22,221.35000610351562,229.85000610351562,221.35000610351562,228.25,216.91407775878906,2992
2012-03-23,229.9499969482422,235.5,221.0,234.25,222.61610412597656,908
2012-03-26,233.9499969482422,235.0500030517578,225.0,233.9499969482422,222.3309783935547,1892
2012-03-27,234.0,237.0,227.10000610351562,233.35000610351562,221.76077270507812,1427
2012-03-28,242.0,242.0,223.60000610351562,233.5500030517578,221.9508514404297,2440
2012-03-29,227.10000610351562,234.5500030517578,227.0,228.0,216.676513671875,2143
2012-03-30,229.0,234.0,223.3000030517578,226.10000610351562,214.87086486816406,1494
2012-04-02,225.9499969482422,247.39999389648438,223.0,243.10000610351562,231.0265655517578,4660
2012-04-03,233.0,244.9499969482422,230.10000610351562,243.3000030517578,231.2166290283203,3583
2012-04-04,228.0,248.89999389648438,228.0,247.9499969482422,235.63568115234375,10987
2012-04-09,251.9499969482422,253.0,232.14999389648438,237.0,225.22952270507812,4342
2012-04-10,239.6999969482422,239.6999969482422,229.1999969482422,231.3000030517578,219.81259155273438,1521
2012-04-11,231.0,233.9499969482422,227.0,227.39999389648438,216.1062774658203,2724
2012-04-12,235.0,238.0,225.5,234.0500030517578,222.42599487304688,3723
2012-04-13,236.0,242.0,232.0,237.4499969482422,225.6571502685547,3217
2012-04-16,240.0,240.0,228.4499969482422,238.1999969482422,226.3699188232422,565
2012-04-17,237.0,244.5,235.0,241.60000610351562,229.60104370117188,2166
2012-04-18,235.5,249.5,231.0,232.1999969482422,220.66790771484375,1708
2012-04-19,234.75,235.0500030517578,234.75,234.8000030517578,223.13876342773438,6795
2012-04-20,230.5,239.0,230.25,232.3000030517578,220.762939453125,630
2012-04-23,230.0,237.89999389648438,222.0,225.1999969482422,214.01556396484375,1674
2012-04-24,224.0,227.89999389648438,217.25,223.8000030517578,212.68508911132812,5719
2012-04-25,227.89999389648438,228.8000030517578,223.0,223.0,211.92481994628906,306
2012-04-26,222.10000610351562,224.14999389648438,222.10000610351562,223.0500030517578,211.9723358154297,465
2012-04-27,218.0,238.9499969482422,218.0,231.10000610351562,219.62252807617188,2763
2012-04-30,226.0,234.9499969482422,225.35000610351562,230.35000610351562,218.9097900390625,1410
2012-05-02,233.85000610351562,233.85000610351562,225.14999389648438,229.39999389648438,218.00694274902344,670
2012-05-03,222.25,229.6999969482422,222.25,227.0500030517578,215.77366638183594,1049
2012-05-04,224.0500030517578,233.9499969482422,224.0500030517578,229.60000610351562,218.19703674316406,26460
2012-05-07,229.0,229.0,210.25,219.89999389648438,208.97877502441406,758
2012-05-08,224.0,225.0,222.6999969482422,223.1999969482422,212.1148681640625,1281
2012-05-09,220.6999969482422,225.9499969482422,215.14999389648438,218.1999969482422,207.3632049560547,1189
2012-05-10,221.9499969482422,221.9499969482422,214.14999389648438,215.5500030517578,204.84478759765625,472
2012-05-11,207.0500030517578,216.9499969482422,202.0,205.85000610351562,195.6265869140625,2130
2012-05-14,207.1999969482422,214.0,197.0,208.25,197.90737915039062,70952
2012-05-15,200.0,208.0,200.0,204.35000610351562,194.20106506347656,974
2012-05-16,202.0500030517578,204.0,201.14999389648438,201.60000610351562,191.587646484375,368
2012-05-17,215.75,220.0,204.0500030517578,213.8000030517578,203.1817169189453,1584
2012-05-18,211.6999969482422,214.89999389648438,208.0,214.8000030517578,204.13206481933594,125
2012-05-21,210.0500030517578,211.5,210.0,210.0,199.57044982910156,1741
2012-05-22,210.8000030517578,215.0500030517578,202.5,210.25,199.8080291748047,2618
2012-05-23,205.0,217.75,205.0,215.5,204.7973175048828,308
2012-05-24,207.4499969482422,214.0,207.4499969482422,212.0500030517578,201.51864624023438,366
2012-05-25,217.9499969482422,223.39999389648438,210.1999969482422,215.5,204.7973175048828,318
2012-05-28,216.3000030517578,218.0,212.0,217.0,206.22279357910156,194
2012-05-29,219.89999389648438,220.0,211.0,212.35000610351562,201.80374145507812,81
2012-05-30,222.8000030517578,230.0,212.0,212.1999969482422,201.66119384765625,205
2012-05-31,205.0,239.64999389648438,193.0,224.85000610351562,213.6829376220703,13431
2012-06-01,233.9499969482422,233.9499969482422,210.0,212.5500030517578,201.99380493164062,666
2012-06-04,205.5,216.1999969482422,205.0,206.1999969482422,195.9591827392578,56444
2012-06-05,209.0,216.8000030517578,209.0,213.0,202.4214324951172,241133
2012-06-06,225.0,225.0,206.35000610351562,211.85000610351562,201.32855224609375,2979
2012-06-07,219.0,219.0,212.0,213.8000030517578,203.1817169189453,1844
2012-06-08,233.0,233.0,207.60000610351562,210.64999389648438,200.18817138671875,4357
2012-06-11,218.5,218.5,213.0,213.39999389648438,202.80160522460938,1192
2012-06-12,210.3000030517578,214.9499969482422,208.5,212.64999389648438,202.08883666992188,1127
2012-06-13,214.0,214.60000610351562,210.5,213.60000610351562,202.99163818359375,2164
2012-06-14,220.0,220.0,208.60000610351562,208.6999969482422,198.33502197265625,541
2012-06-15,216.9499969482422,216.9499969482422,208.60000610351562,212.75,202.18389892578125,189
2012-06-18,211.85000610351562,217.39999389648438,203.5,206.6999969482422,196.434326171875,1613
2012-06-19,206.0,209.0,206.0,207.10000610351562,196.8144989013672,27
2012-06-20,209.39999389648438,215.0,207.0500030517578,208.35000610351562,198.00241088867188,1803
2012-06-21,207.5,212.5,207.5,210.0500030517578,199.61795043945312,520
2012-06-22,210.0,210.0,206.5,207.0,196.71945190429688,1059
2012-06-25,211.89999389648438,220.0,207.10000610351562,210.60000610351562,200.14065551757812,2010
2012-06-26,213.9499969482422,213.9499969482422,207.25,209.3000030517578,198.90521240234375,489
2012-06-27,209.5,220.75,209.5,215.4499969482422,204.74978637695312,15174
2012-06-28,213.64999389648438,216.0,211.14999389648438,213.75,203.13421630859375,393
2012-06-29,217.5,224.6999969482422,206.35000610351562,224.0,212.8751220703125,3744
2012-07-02,223.9499969482422,224.0,222.3000030517578,223.35000610351562,212.2574462890625,265
2012-07-03,222.5,227.6999969482422,221.5,226.60000610351562,215.34603881835938,1393
2012-07-04,207.1999969482422,230.0,207.1999969482422,225.0500030517578,213.8730010986328,913
2012-07-05,225.5,234.9499969482422,220.0,229.1999969482422,217.81687927246094,250681
2012-07-06,230.0,232.5500030517578,225.0,229.14999389648438,217.7693634033203,2866
2012-07-09,229.9499969482422,234.3000030517578,229.9499969482422,232.85000610351562,221.28562927246094,1355
2012-07-10,232.0,244.0,230.60000610351562,234.75,223.0912628173828,3435
2012-07-11,231.1999969482422,234.60000610351562,227.6999969482422,228.64999389648438,217.294189453125,888
2012-07-12,225.0,230.0,219.0500030517578,221.14999389648438,210.16668701171875,230480
2012-07-13,224.9499969482422,224.9499969482422,220.0,221.6999969482422,210.6893768310547,1736
2012-07-16,222.3000030517578,228.0,220.0,227.25,215.9637451171875,27616
2012-07-17,227.9499969482422,227.9499969482422,211.39999389648438,215.0,204.32212829589844,2349
2012-07-18,220.89999389648438,220.89999389648438,214.10000610351562,219.1999969482422,208.31353759765625,1522
2012-07-19,217.0,221.60000610351562,215.0,216.0,205.27247619628906,625
2012-07-20,210.0,221.9499969482422,209.5,221.6999969482422,210.6893768310547,1771
2012-07-23,211.64999389648438,221.9499969482422,211.10000610351562,217.25,206.46038818359375,1497
2012-07-24,220.0,220.0,210.5,213.8000030517578,203.1817169189453,960
2012-07-25,213.0,214.64999389648438,206.0,207.35000610351562,197.05206298828125,14591
2012-07-26,209.5,209.5,205.5,207.0500030517578,196.76695251464844,20219
2012-07-27,215.9499969482422,215.9499969482422,206.10000610351562,207.60000610351562,197.28965759277344,430
2012-07-30,205.5,213.9499969482422,205.0,206.3000030517578,196.05422973632812,2052
2012-07-31,207.10000610351562,212.0,202.1999969482422,205.14999389648438,194.96133422851562,1323
2012-08-01,203.60000610351562,208.4499969482422,201.10000610351562,206.5,196.24429321289062,2125
2012-08-02,203.60000610351562,208.39999389648438,203.4499969482422,206.5500030517578,196.29180908203125,86401
2012-08-03,205.0,206.3000030517578,203.1999969482422,204.9499969482422,194.77125549316406,566
2012-08-06,211.4499969482422,211.5,203.5500030517578,204.1999969482422,194.05850219726562,5788
2012-08-07,205.0,209.3000030517578,205.0,207.6999969482422,197.3846893310547,5249
2012-08-08,206.0,209.89999389648438,201.5500030517578,203.4499969482422,193.34576416015625,2993
2012-08-09,201.60000610351562,206.89999389648438,192.6999969482422,201.0,191.01742553710938,2548
2012-08-10,204.64999389648438,206.0,200.6999969482422,204.60000610351562,194.4386444091797,663
2012-08-13,205.5,205.5,198.0,198.8000030517578,188.9267120361328,1320
2012-08-14,209.85000610351562,209.85000610351562,202.0,204.3000030517578,194.15354919433594,359
2012-08-16,202.0,206.64999389648438,200.14999389648438,203.5500030517578,193.4407958984375,191
2012-08-17,204.0,205.0,198.35000610351562,200.3000030517578,190.35220336914062,101102
2012-08-21,202.0,213.0500030517578,202.0,208.35000610351562,198.00241088867188,7126
2012-08-22,210.85000610351562,210.85000610351562,206.0,208.5,198.1449737548828,1480
2012-08-23,207.0,211.0,205.0500030517578,207.14999389648438,198.76866149902344,3379
2012-08-24,209.9499969482422,210.9499969482422,202.0,203.0,194.78659057617188,1906
2012-08-27,206.0,209.4499969482422,196.10000610351562,199.35000610351562,191.2842559814453,787
2012-08-28,196.3000030517578,201.6999969482422,195.6999969482422,196.89999389648438,188.93336486816406,832
2012-08-29,197.10000610351562,199.4499969482422,192.4499969482422,193.10000610351562,185.28713989257812,830
2012-08-30,190.0500030517578,195.0,180.35000610351562,183.4499969482422,176.02755737304688,4335
2012-08-31,182.5,195.0,182.5,192.4499969482422,184.66343688964844,4181
2012-09-03,193.0500030517578,196.89999389648438,193.0500030517578,194.9499969482422,187.06227111816406,264
2012-09-04,197.4499969482422,197.4499969482422,192.5,196.10000610351562,188.16575622558594,677
2012-09-05,194.0,197.9499969482422,193.0,194.5,186.63047790527344,51335
2012-09-06,193.75,198.5500030517578,191.10000610351562,191.14999389648438,183.416015625,1143
2012-09-07,194.0,197.5,190.10000610351562,192.14999389648438,184.37554931640625,420
2012-09-10,202.9499969482422,202.9499969482422,191.5,194.25,186.3905792236328,108980
2012-09-11,194.0500030517578,197.8000030517578,189.5500030517578,191.1999969482422,183.46400451660156,2093
2012-09-12,202.60000610351562,202.64999389648438,184.0,185.35000610351562,177.85069274902344,4016
2012-09-13,186.25,189.0,184.60000610351562,185.39999389648438,177.89865112304688,2492
2012-09-14,187.0,192.89999389648438,183.10000610351562,184.75,177.2749786376953,3849
2012-09-17,188.4499969482422,202.9499969482422,188.4499969482422,195.64999389648438,187.73394775390625,8545
2012-09-18,198.0,205.89999389648438,193.0500030517578,199.10000610351562,191.0443572998047,6566
2012-09-20,195.0,201.85000610351562,195.0,198.10000610351562,190.08482360839844,2062
2012-09-21,200.0,205.0,198.35000610351562,202.1999969482422,194.01895141601562,4583
2012-09-24,203.10000610351562,216.0,203.10000610351562,212.5500030517578,203.95018005371094,4866
2012-09-25,210.0500030517578,214.0,209.0,211.0,202.46287536621094,5783
2012-09-26,206.75,212.10000610351562,204.14999389648438,209.89999389648438,201.40737915039062,3192
2012-09-27,219.64999389648438,219.64999389648438,205.5500030517578,209.5,201.02357482910156,1019
2012-09-28,212.9499969482422,212.9499969482422,209.25,210.85000610351562,202.31895446777344,383
2012-10-01,218.85000610351562,218.85000610351562,208.75,209.5500030517578,201.07154846191406,914
2012-10-03,210.85000610351562,214.89999389648438,201.10000610351562,211.3000030517578,202.75076293945312,1248
2012-10-04,214.0,216.89999389648438,212.0,212.64999389648438,204.04612731933594,1258
2012-10-05,212.9499969482422,218.6999969482422,207.35000610351562,217.14999389648438,208.36404418945312,8213
2012-10-08,217.75,220.0,212.0,217.5500030517578,208.74786376953125,2156
2012-10-09,217.85000610351562,233.9499969482422,213.5,221.0,212.0582733154297,5969
2012-10-10,217.0,226.0,212.0,214.3000030517578,205.62937927246094,1395
2012-10-11,213.60000610351562,222.0,206.5,219.85000610351562,210.95481872558594,1986
2012-10-12,215.1999969482422,227.6999969482422,215.14999389648438,225.64999389648438,216.5201416015625,8108
2012-10-15,225.5,225.5,213.60000610351562,218.85000610351562,209.99526977539062,2559
2012-10-16,218.0,222.5,211.0,212.89999389648438,204.28599548339844,2211
2012-10-17,219.39999389648438,219.39999389648438,213.0500030517578,213.60000610351562,204.95770263671875,1351
2012-10-18,218.3000030517578,227.64999389648438,214.9499969482422,220.0,211.0987548828125,6267
2012-10-19,224.85000610351562,224.85000610351562,215.0,215.89999389648438,207.1646270751953,2908
2012-10-22,215.89999389648438,221.4499969482422,212.0,212.5500030517578,203.95018005371094,1562
2012-10-23,213.0,214.9499969482422,208.3000030517578,210.64999389648438,202.12704467773438,1359
2012-10-25,209.14999389648438,215.0,207.60000610351562,208.5,200.06405639648438,2473
2012-10-29,206.0,206.0,201.0,201.64999389648438,193.4912109375,201972
2012-10-30,209.89999389648438,209.89999389648438,198.5,200.8000030517578,192.6755828857422,117304
2012-10-31,199.0,203.9499969482422,199.0,203.5500030517578,195.31431579589844,1278
2012-11-01,198.60000610351562,204.9499969482422,196.25,201.10000610351562,192.96343994140625,1102
2012-11-02,209.9499969482422,209.9499969482422,196.25,196.25,188.30967712402344,28143
2012-11-05,202.89999389648438,202.89999389648438,196.5,198.1999969482422,190.1807861328125,2146
2012-11-06,195.60000610351562,202.0,195.60000610351562,200.10000610351562,192.00390625,1326
2012-11-07,200.0,205.89999389648438,198.0,199.64999389648438,191.57212829589844,2784
2012-11-08,199.89999389648438,199.89999389648438,196.5,198.0,189.98887634277344,950
2012-11-09,200.0,200.0,195.60000610351562,196.39999389648438,188.45358276367188,1226
2012-11-12,197.1999969482422,197.1999969482422,186.0,186.85000610351562,179.29000854492188,5868
2012-11-15,194.4499969482422,196.3000030517578,193.5,196.0,188.0697784423828,2199
2012-11-16,192.0500030517578,197.9499969482422,188.0,191.75,183.9917449951172,11192
2012-11-19,196.8000030517578,196.8000030517578,186.10000610351562,189.3000030517578,181.640869140625,4375
2012-11-20,191.0,191.0,185.60000610351562,187.3000030517578,179.72178649902344,2061
2012-11-21,189.3000030517578,189.3000030517578,178.5,180.85000610351562,173.5327606201172,5563
2012-11-22,180.5,188.0,178.0,181.35000610351562,174.01254272460938,9994
2012-11-23,181.5,183.6999969482422,172.0,178.10000610351562,170.89402770996094,15367
2012-11-26,180.0500030517578,186.0,178.0,183.0,175.59576416015625,8908
2012-11-27,193.5,193.5,180.0,180.64999389648438,173.3408660888672,8230
2012-11-29,180.0500030517578,182.9499969482422,173.3000030517578,177.9499969482422,170.75009155273438,15081
2012-11-30,179.0,180.0,173.35000610351562,177.1999969482422,170.03045654296875,8193
2012-12-03,182.0,182.5,178.0,181.5500030517578,174.20443725585938,6893
2012-12-04,181.89999389648438,188.89999389648438,176.10000610351562,183.1999969482422,175.7876739501953,12416
2012-12-05,184.64999389648438,210.0,184.64999389648438,201.0,192.86749267578125,18293
2012-12-06,209.89999389648438,209.89999389648438,193.9499969482422,198.39999389648438,190.37271118164062,9917
2012-12-07,208.85000610351562,208.85000610351562,196.0,204.39999389648438,196.1299285888672,11498
2012-12-10,198.0,205.60000610351562,198.0,202.60000610351562,194.40277099609375,2941
2012-12-11,199.14999389648438,208.8000030517578,199.14999389648438,203.0500030517578,194.83456420898438,4260
2012-12-12,207.0,210.0,196.0500030517578,208.3000030517578,199.87213134765625,6703
2012-12-13,212.3000030517578,213.0,206.35000610351562,212.14999389648438,203.56634521484375,5170
2012-12-14,214.0,217.5,207.10000610351562,216.14999389648438,207.40452575683594,3869
2012-12-17,220.0,226.9499969482422,211.4499969482422,221.75,212.7779541015625,9211
2012-12-18,219.0,221.6999969482422,204.0,215.5,206.7808074951172,33906
2012-12-19,216.25,226.0,210.3000030517578,221.25,212.2981719970703,8168
2012-12-20,221.25,223.85000610351562,212.0,219.4499969482422,210.57101440429688,2990
2012-12-21,213.1999969482422,226.8000030517578,210.5,223.4499969482422,214.40916442871094,3367
2012-12-24,223.4499969482422,223.4499969482422,215.5,217.5,208.69989013671875,1203
2012-12-26,216.0,230.0,216.0,223.75,214.69703674316406,6131
2012-12-27,220.0,235.64999389648438,218.0,231.0,221.65367126464844,7581
2012-12-28,238.6999969482422,246.9499969482422,228.6999969482422,245.0,235.0872344970703,14454
2012-12-31,242.0,257.0,238.10000610351562,254.89999389648438,244.586669921875,19339
2013-01-01,257.0,264.0,243.0,244.89999389648438,234.99127197265625,14645
2013-01-02,250.8000030517578,250.8000030517578,236.5,238.0,228.37045288085938,7853
2013-01-03,237.60000610351562,241.9499969482422,235.0,239.0,229.3300018310547,3340
2013-01-04,235.1999969482422,238.4499969482422,229.3000030517578,231.4499969482422,222.08547973632812,5790
2013-01-07,229.0500030517578,233.0,223.10000610351562,225.5,216.37620544433594,3661
2013-01-08,216.0500030517578,226.5,216.0500030517578,223.0,213.97735595703125,757
2013-01-09,221.0,229.35000610351562,221.0,227.0500030517578,217.86349487304688,2190
2013-01-10,222.0500030517578,229.4499969482422,221.35000610351562,226.39999389648438,217.23980712890625,805
2013-01-11,228.89999389648438,228.89999389648438,220.14999389648438,221.3000030517578,212.34613037109375,1263
2013-01-14,218.5500030517578,224.8000030517578,215.60000610351562,219.5500030517578,210.66696166992188,2052
2013-01-15,216.0,222.85000610351562,216.0,217.8000030517578,208.9877471923828,873
2013-01-16,217.8000030517578,217.8000030517578,211.1999969482422,212.25,203.6623077392578,891
2013-01-17,215.85000610351562,215.9499969482422,204.1999969482422,205.9499969482422,197.61720275878906,3551
2013-01-18,206.6999969482422,209.0,201.5,203.6999969482422,195.45823669433594,2806
2013-01-21,200.5,203.6999969482422,196.0500030517578,196.75,188.78944396972656,4667
2013-01-22,200.0,200.0,191.0,194.85000610351562,186.96632385253906,3378
2013-01-23,198.89999389648438,198.89999389648438,193.0,194.3000030517578,186.43858337402344,1229
2013-01-24,193.0,199.9499969482422,187.14999389648438,188.89999389648438,181.2570343017578,3676
2013-01-25,196.0,196.0,183.0,187.3000030517578,179.72178649902344,15146
2013-01-28,188.0500030517578,192.0,185.5500030517578,188.10000610351562,180.48944091796875,4145
2013-01-29,188.5,190.0,183.0,185.0500030517578,177.5628204345703,47766
2013-01-30,185.0,185.9499969482422,184.0,185.10000610351562,177.61080932617188,12211
2013-01-31,183.14999389648438,185.9499969482422,182.10000610351562,184.3000030517578,176.84320068359375,10187
2013-02-01,189.89999389648438,189.89999389648438,183.0,183.75,176.31544494628906,2725
2013-02-04,183.6999969482422,188.0,180.60000610351562,180.85000610351562,173.5327606201172,1471
2013-02-05,186.0,186.0,175.60000610351562,176.6999969482422,169.55068969726562,3931
2013-02-06,182.64999389648438,182.64999389648438,176.6999969482422,176.9499969482422,169.79054260253906,1790
2013-02-07,180.9499969482422,181.0,170.89999389648438,171.75,164.8009490966797,2809
2013-02-08,175.8000030517578,175.85000610351562,167.0,168.5500030517578,161.7304229736328,3687
2013-02-11,169.35000610351562,173.0,165.10000610351562,168.0,161.2026824951172,7260
2013-02-12,171.9499969482422,171.9499969482422,162.6999969482422,164.0500030517578,157.41249084472656,4119
2013-02-13,162.60000610351562,165.85000610351562,160.10000610351562,161.4499969482422,154.91769409179688,5066
2013-02-14,162.0,179.6999969482422,160.3000030517578,164.64999389648438,157.98822021484375,5643
2013-02-15,161.0,164.0,160.10000610351562,161.5,154.9656524658203,1079
2013-02-18,163.5,166.85000610351562,161.6999969482422,165.3000030517578,158.61192321777344,4534
2013-02-19,167.9499969482422,168.0,163.1999969482422,166.75,160.00326538085938,853
2013-02-20,171.89999389648438,183.0,164.0,164.85000610351562,158.1801300048828,12127
2013-02-21,161.0,185.35000610351562,160.0,168.75,161.92234802246094,18337
2013-02-22,170.25,174.6999969482422,163.6999969482422,164.60000610351562,157.94024658203125,8540
2013-02-25,174.64999389648438,174.6999969482422,160.0500030517578,161.0,154.48590087890625,4881
2013-02-26,166.9499969482422,167.9499969482422,159.0,160.0500030517578,153.5743408203125,4202
2013-02-27,159.9499969482422,160.9499969482422,151.0,155.8000030517578,149.4962921142578,6801
2013-02-28,156.89999389648438,164.8000030517578,150.0,152.14999389648438,145.99395751953125,5530
2013-03-01,158.6999969482422,158.6999969482422,142.0,150.14999389648438,144.07489013671875,3363
2013-03-04,144.0,155.60000610351562,140.0,151.39999389648438,145.27432250976562,4021
2013-03-05,142.1999969482422,157.6999969482422,142.1999969482422,152.0500030517578,145.89801025390625,18953
2013-03-06,153.0,153.0,150.0,150.6999969482422,144.60263061523438,18518
2013-03-07,160.0,164.8000030517578,147.10000610351562,147.64999389648438,141.67604064941406,5277
2013-03-08,148.5,151.75,145.0,145.89999389648438,139.99685668945312,4062
2013-03-11,146.0500030517578,149.8000030517578,143.0,145.64999389648438,139.7569580078125,6533
2013-03-12,145.0,148.75,142.10000610351562,142.9499969482422,137.16622924804688,3777
2013-03-13,142.0,144.64999389648438,138.89999389648438,139.64999389648438,133.99972534179688,3268
2013-03-14,138.14999389648438,142.9499969482422,132.0,136.8000030517578,131.26504516601562,21993
2013-03-15,136.9499969482422,139.60000610351562,135.0500030517578,137.0,131.45693969726562,7182
2013-03-18,135.0,135.0,130.0500030517578,130.5,125.21993255615234,5435
2013-03-19,131.0,132.85000610351562,126.1500015258789,128.1999969482422,123.01299285888672,6163
2013-03-20,128.1999969482422,128.1999969482422,124.0,125.4000015258789,120.32627868652344,1734
2013-03-21,123.0,129.5,123.0,127.30000305175781,122.14940643310547,2032
2013-03-22,127.0,127.6500015258789,123.1500015258789,124.5999984741211,119.55864715576172,2861
2013-03-25,129.89999389648438,129.89999389648438,121.0,121.80000305175781,116.87194061279297,1301
2013-03-26,116.6500015258789,122.44999694824219,116.0,116.94999694824219,112.21817779541016,4509
2013-03-28,114.5999984741211,116.0,105.0,114.4000015258789,109.7713394165039,6265
2013-04-01,114.0,115.8499984741211,113.0999984741211,114.25,109.6274185180664,13674
2013-04-02,115.0,116.8499984741211,113.0,115.5999984741211,110.92278289794922,9369
2013-04-03,115.0999984741211,116.4000015258789,111.0999984741211,113.9000015258789,109.29157257080078,66727
2013-04-04,112.8499984741211,112.8499984741211,107.05000305175781,110.75,106.2690200805664,4715
2013-04-05,110.0,113.44999694824219,110.0,111.75,107.22856140136719,1297
2013-04-08,115.0,115.0,108.0,108.9000015258789,104.4938735961914,2565
2013-04-09,108.5,111.9000015258789,104.0999984741211,106.1500015258789,101.85515594482422,4084
2013-04-10,110.69999694824219,110.69999694824219,105.0,106.55000305175781,102.23896789550781,2343
2013-04-11,111.0,112.69999694824219,104.4000015258789,111.3499984741211,106.8447494506836,10567
2013-04-12,106.5,113.9000015258789,106.5,110.0999984741211,105.64531707763672,383
2013-04-15,106.5,114.94999694824219,105.0,114.0,109.38753509521484,2529
2013-04-16,110.1500015258789,131.10000610351562,110.1500015258789,127.94999694824219,122.77310943603516,33377
2013-04-17,132.9499969482422,132.9499969482422,123.19999694824219,127.69999694824219,122.53321838378906,13134
2013-04-18,127.0,129.0,118.0,121.3499984741211,116.44013977050781,7728
2013-04-22,123.94999694824219,127.0,120.0,123.5999984741211,118.59910583496094,4017
2013-04-23,124.94999694824219,125.69999694824219,115.0999984741211,119.0999984741211,114.28118133544922,18188
2013-04-25,118.25,123.3499984741211,116.69999694824219,118.30000305175781,113.5135498046875,4344
2013-04-26,123.8499984741211,123.8499984741211,115.05000305175781,117.94999694824219,113.1777114868164,4137
2013-04-29,119.0,119.0,115.94999694824219,116.69999694824219,111.97828674316406,2358
2013-04-30,120.0,120.25,114.5,115.8499984741211,111.16267395019531,3308
2013-05-02,115.0,119.8499984741211,112.05000305175781,113.80000305175781,109.19562530517578,5961
2013-05-03,118.9000015258789,118.9000015258789,110.94999694824219,111.19999694824219,106.70082092285156,5086
2013-05-06,114.80000305175781,114.80000305175781,111.0,112.9000015258789,108.33203125,7380
2013-05-07,110.25,115.69999694824219,110.25,115.3499984741211,110.68290710449219,6719
2013-05-08,115.69999694824219,118.80000305175781,114.0,115.30000305175781,110.63494110107422,6246
2013-05-09,120.0,120.0,112.5999984741211,114.6500015258789,110.01123046875,4789
2013-05-10,118.4000015258789,118.4000015258789,112.1500015258789,115.8499984741211,111.16267395019531,5325
2013-05-13,117.0,117.0,112.1500015258789,112.5,107.9482192993164,3327
2013-05-14,113.0,113.8499984741211,110.0,110.5,106.02913665771484,2674
2013-05-15,114.0,114.44999694824219,110.0,112.44999694824219,107.90023040771484,7708
2013-05-16,111.05000305175781,113.25,110.0999984741211,110.4000015258789,105.93318939208984,6271
2013-05-17,112.6500015258789,112.9000015258789,107.3499984741211,108.5,104.11005401611328,10469
2013-05-20,107.5,111.0,107.5,109.69999694824219,105.26150512695312,2586
2013-05-21,108.5,110.80000305175781,107.5,108.0999984741211,103.72624969482422,2445
2013-05-22,108.80000305175781,108.80000305175781,104.69999694824219,105.19999694824219,100.9435806274414,7496
2013-05-23,108.44999694824219,108.44999694824219,103.0,103.94999694824219,99.74415588378906,4009
2013-05-24,102.55000305175781,106.8499984741211,100.3499984741211,102.80000305175781,98.64069366455078,3633
2013-05-27,105.6500015258789,109.0,101.6500015258789,105.6500015258789,101.37538146972656,3572
2013-05-28,105.4000015258789,110.4000015258789,102.75,106.25,101.95110321044922,5705
2013-05-29,104.69999694824219,105.94999694824219,103.5,104.4000015258789,100.17594909667969,4412
2013-05-30,104.0,105.94999694824219,102.0,102.6500015258789,98.49674987792969,3538
2013-05-31,102.30000305175781,105.5,102.0,102.5999984741211,98.44877624511719,3059
2013-06-03,106.0,106.0,97.55000305175781,100.3499984741211,96.2898178100586,3643
2013-06-04,104.5999984741211,105.0,99.05000305175781,99.69999694824219,95.6661148071289,3293
2013-06-05,102.0,102.0,98.5999984741211,99.0999984741211,95.09039306640625,2209
2013-06-06,100.0,103.4000015258789,98.4000015258789,100.30000305175781,96.2418441772461,5698
2013-06-07,104.5999984741211,104.5999984741211,101.0,101.6500015258789,97.53721618652344,4367
2013-06-10,105.30000305175781,105.30000305175781,97.05000305175781,98.4000015258789,94.41870880126953,3287
2013-06-11,98.0,100.94999694824219,94.5,94.80000305175781,90.96437072753906,2214
2013-06-12,108.80000305175781,108.80000305175781,94.25,94.44999694824219,90.6285171508789,10145
2013-06-13,94.0,95.30000305175781,90.0999984741211,90.30000305175781,86.64644622802734,6885
2013-06-14,93.8499984741211,93.9000015258789,89.94999694824219,92.1500015258789,88.42160034179688,3971
2013-06-17,92.94999694824219,98.0,91.25,91.4000015258789,87.70194244384766,2919
2013-06-18,92.0,93.44999694824219,90.4000015258789,91.3499984741211,87.65396118164062,5091
2013-06-19,96.94999694824219,96.94999694824219,85.6500015258789,88.5,84.91926574707031,10971
2013-06-20,85.1500015258789,89.9000015258789,85.0999984741211,86.19999694824219,82.71232604980469,5398
2013-06-21,86.0,87.69999694824219,84.05000305175781,85.0999984741211,81.65682220458984,3664
2013-06-24,85.0999984741211,86.0,80.3499984741211,82.94999694824219,79.59381866455078,8328
2013-06-25,86.0,86.0,77.75,80.30000305175781,77.05105590820312,5429
2013-06-26,82.5,82.5,74.0,75.94999694824219,72.87704467773438,47925
2013-06-27,77.6500015258789,77.69999694824219,71.0999984741211,74.55000305175781,71.53369140625,5148
2013-06-28,72.5,80.69999694824219,72.5,77.69999694824219,74.55623626708984,7770
2013-07-01,80.0,84.80000305175781,75.9000015258789,83.44999694824219,80.0735855102539,9251
2013-07-02,81.0,82.69999694824219,80.0,82.05000305175781,78.7302474975586,33357
2013-07-03,80.05000305175781,83.9000015258789,77.80000305175781,82.1500015258789,78.8261947631836,3761
2013-07-04,94.75,94.75,82.1500015258789,83.75,80.36145782470703,3500
2013-07-05,80.9000015258789,87.6500015258789,80.9000015258789,82.8499984741211,79.49787139892578,2519
2013-07-08,83.0,83.05000305175781,79.0,79.3499984741211,76.13948059082031,4954
2013-07-09,80.05000305175781,83.5,79.44999694824219,82.9000015258789,79.54586029052734,5225
2013-07-10,84.0,84.0,80.5,81.5,78.20248413085938,4353
2013-07-11,82.9000015258789,83.9000015258789,80.6500015258789,82.05000305175781,78.7302474975586,2683
2013-07-12,81.30000305175781,83.5,80.5,82.30000305175781,78.97012329101562,4707
2013-07-15,79.25,84.8499984741211,79.25,80.3499984741211,77.0990219116211,3279
2013-07-16,80.1500015258789,80.5,75.0,76.30000305175781,73.212890625,6250
2013-07-17,78.25,78.25,73.0999984741211,73.69999694824219,70.71807861328125,8752
2013-07-18,75.0,75.0,69.30000305175781,70.05000305175781,67.21575927734375,49132
2013-07-19,75.80000305175781,75.80000305175781,68.25,68.8499984741211,66.06430053710938,15207
2013-07-22,73.80000305175781,73.80000305175781,65.5,67.1500015258789,64.43309020996094,6549
2013-07-23,67.0,71.30000305175781,66.5,69.75,66.92789459228516,8105
2013-07-24,68.0,73.4000015258789,66.25,71.75,68.84696960449219,10507
2013-07-25,71.0,75.30000305175781,69.44999694824219,70.6500015258789,67.79147338867188,32036
2013-07-26,68.80000305175781,71.44999694824219,67.80000305175781,69.1500015258789,66.3521728515625,6749
2013-07-29,66.0,72.4000015258789,65.0,66.30000305175781,63.617496490478516,5528
2013-07-30,65.0,67.0,63.0,63.95000076293945,61.36256408691406,4851
2013-07-31,63.0,63.0,58.25,61.04999923706055,58.57990264892578,4963
2013-08-01,60.29999923706055,62.650001525878906,57.0,58.54999923706055,56.18104934692383,5074
2013-08-02,61.0,61.0,50.5,51.349998474121094,49.27236557006836,8771
2013-08-05,50.900001525878906,57.95000076293945,48.5,48.79999923706055,46.825538635253906,31124
2013-08-06,49.0,51.79999923706055,45.20000076293945,46.79999923706055,44.906455993652344,6102
2013-08-07,47.5,51.45000076293945,44.25,49.95000076293945,47.929012298583984,29992
2013-08-08,50.0,54.0,49.5,50.0,47.976985931396484,9097
2013-08-12,50.0,52.95000076293945,50.0,50.650001525878906,48.60069274902344,7774
2013-08-13,50.25,55.70000076293945,50.20000076293945,53.900001525878906,51.71919631958008,18415
2013-08-14,52.25,54.0,49.29999923706055,50.04999923706055,48.02496337890625,20326
2013-08-16,50.0,50.25,48.29999923706055,49.25,47.25733184814453,17223
2013-08-19,48.0,50.0,48.0,48.0,46.05790710449219,40
2013-08-20,43.75,49.5,42.0,44.95000076293945,43.13131332397461,13423
2013-08-21,44.25,48.0,43.54999923706055,44.0,42.219749450683594,17697
2013-08-22,44.099998474121094,45.5,43.599998474121094,44.400001525878906,43.5943489074707,7428
2013-08-23,46.349998474121094,46.349998474121094,43.150001525878906,43.45000076293945,42.66158676147461,15919
2013-08-26,43.0,46.5,42.5,43.20000076293945,42.41611862182617,61745
2013-08-27,42.599998474121094,44.45000076293945,41.54999923706055,41.95000076293945,41.18880081176758,20106
2013-08-28,41.54999923706055,43.0,39.45000076293945,40.0,39.2741813659668,25447
2013-08-29,39.29999923706055,41.20000076293945,39.29999923706055,39.900001525878906,39.17600631713867,146795
2013-08-30,40.0,43.0,39.0,39.5,38.78325653076172,36296
2013-09-02,40.0,42.0,38.650001525878906,40.95000076293945,40.20695114135742,270127
2013-09-03,41.0,41.04999923706055,38.70000076293945,39.099998474121094,38.3905143737793,66380
2013-09-04,39.0,40.400001525878906,39.0,39.54999923706055,38.83235168457031,67504
2013-09-05,41.95000076293945,41.95000076293945,39.150001525878906,39.849998474121094,39.12690734863281,132165
2013-09-06,41.150001525878906,41.150001525878906,39.349998474121094,39.849998474121094,39.12690734863281,110088
2013-09-10,41.0,47.79999923706055,40.95000076293945,47.79999923706055,46.932647705078125,188996
2013-09-11,49.04999923706055,57.349998474121094,49.04999923706055,55.599998474121094,54.59111404418945,334595
2013-09-12,58.349998474121094,66.44999694824219,58.349998474121094,65.05000305175781,63.86964797973633,184830
2013-09-13,69.8499984741211,71.55000305175781,67.0,71.55000305175781,70.25170135498047,94799
2013-09-16,78.0,78.69999694824219,68.44999694824219,74.4000015258789,73.04998779296875,143687
2013-09-17,76.9000015258789,76.9000015258789,68.0,71.55000305175781,70.25170135498047,62367
2013-09-18,71.25,72.69999694824219,66.0,67.69999694824219,66.47154998779297,34101
2013-09-19,69.5,71.75,66.25,67.0,65.78426361083984,40534
2013-09-20,67.80000305175781,68.94999694824219,62.599998474121094,63.349998474121094,62.20048522949219,32304
2013-09-23,61.75,63.0,59.0,59.95000076293945,58.8621826171875,40355
2013-09-24,60.0,62.5,57.0,57.79999923706055,56.751190185546875,34969
2013-09-25,58.95000076293945,58.95000076293945,56.599998474121094,57.29999923706055,56.26026916503906,11445
2013-09-26,57.900001525878906,63.0,57.04999923706055,59.400001525878906,58.322166442871094,83456
2013-09-27,60.0,62.349998474121094,57.5,57.599998474121094,56.55482864379883,27808
2013-09-30,60.400001525878906,60.400001525878906,56.25,56.75,55.720245361328125,15388
2013-10-01,58.25,59.70000076293945,56.20000076293945,56.54999923706055,55.52387619018555,26680
2013-10-03,56.20000076293945,57.849998474121094,54.20000076293945,54.650001525878906,53.658355712890625,30894
2013-10-04,55.5,56.599998474121094,54.0,54.5,53.511077880859375,22980
2013-10-07,55.25,55.79999923706055,52.54999923706055,52.900001525878906,51.94010925292969,22649
2013-10-08,54.5,54.5,51.900001525878906,52.650001525878906,51.694644927978516,34885
2013-10-09,52.0,52.95000076293945,50.599998474121094,51.20000076293945,50.27095413208008,53875
2013-10-10,51.79999923706055,53.75,50.099998474121094,50.75,49.82912063598633,92582
2013-10-11,50.75,52.70000076293945,50.0,51.0,50.0745849609375,52215
2013-10-14,51.20000076293945,52.79999923706055,49.650001525878906,50.54999923706055,49.632747650146484,56827
2013-10-15,50.849998474121094,52.70000076293945,50.04999923706055,50.75,49.82912063598633,492024
2013-10-17,51.70000076293945,52.150001525878906,50.349998474121094,50.5,49.58366012573242,19143
2013-10-18,50.400001525878906,52.349998474121094,50.400001525878906,51.650001525878906,50.71279525756836,19138
2013-10-21,52.599998474121094,53.400001525878906,51.75,53.099998474121094,52.136478424072266,25337
2013-10-22,54.0,55.75,53.5,55.75,54.73839569091797,79831
2013-10-23,56.04999923706055,58.0,54.5,55.400001525878906,54.39474868774414,32744
2013-10-24,55.20000076293945,56.75,53.5,54.20000076293945,53.21651840209961,19296
2013-10-25,54.099998474121094,54.900001525878906,53.29999923706055,53.79999923706055,52.82377624511719,15335
2013-10-28,55.70000076293945,55.79999923706055,52.349998474121094,52.5,51.547367095947266,11351
2013-10-29,50.04999923706055,52.900001525878906,50.04999923706055,52.099998474121094,51.15462112426758,9906
2013-10-30,51.04999923706055,54.20000076293945,51.04999923706055,53.45000076293945,52.480133056640625,20104
2013-10-31,53.099998474121094,54.29999923706055,53.0,53.5,52.52922439575195,9506
2013-11-01,53.099998474121094,56.150001525878906,53.04999923706055,56.150001525878906,55.131134033203125,21851
2013-11-05,57.0,61.849998474121094,57.0,61.849998474121094,60.727699279785156,19875
2013-11-06,64.9000015258789,64.9000015258789,64.9000015258789,64.9000015258789,63.72236251831055,7239
2013-11-07,70.0,71.0,63.0,64.0,62.83869171142578,93632
2013-11-08,62.29999923706055,66.0,62.29999923706055,64.94999694824219,63.77145767211914,17299
2013-11-11,65.0,65.5,62.599998474121094,64.44999694824219,63.2805290222168,23487
2013-11-12,63.099998474121094,65.0,62.0,63.599998474121094,62.44594955444336,20536
2013-11-13,63.5,67.0,61.650001525878906,65.1500015258789,63.96782684326172,21228
2013-11-14,67.0,67.80000305175781,63.54999923706055,66.44999694824219,65.2442398071289,11577
2013-11-18,67.94999694824219,68.69999694824219,65.0999984741211,66.75,65.5387954711914,20122
2013-11-19,68.9000015258789,68.9000015258789,64.6500015258789,65.25,64.06600952148438,15492
2013-11-20,65.5,67.0,65.5,66.5,65.29332733154297,10583
2013-11-21,66.5,69.19999694824219,65.5,68.55000305175781,67.3061294555664,34236
2013-11-22,67.5,75.4000015258789,67.5,75.4000015258789,74.0318374633789,97717
2013-11-25,78.0,82.9000015258789,78.0,82.9000015258789,81.395751953125,215302
2013-11-26,83.0,86.4000015258789,78.5,82.0999984741211,80.61026000976562,69590
2013-11-27,84.75,84.75,79.19999694824219,80.0999984741211,78.64655303955078,41918
2013-11-28,79.30000305175781,84.0,79.30000305175781,82.0,80.51207733154297,42938
2013-11-29,82.5,86.0999984741211,81.0,85.1500015258789,83.60491943359375,51424
2013-12-02,85.25,89.4000015258789,85.25,89.4000015258789,87.77780151367188,19499
2013-12-03,93.4000015258789,93.8499984741211,90.30000305175781,92.75,91.06700134277344,63788
2013-12-04,96.9000015258789,97.3499984741211,88.30000305175781,91.3499984741211,89.69241333007812,48792
2013-12-05,94.0,95.0,91.55000305175781,93.5,91.80340576171875,20805
2013-12-06,95.5,95.5,91.5,92.5999984741211,90.91973114013672,21770
2013-12-09,91.8499984741211,96.6500015258789,89.0999984741211,89.94999694824219,88.31782531738281,29781
2013-12-10,90.5,90.6500015258789,87.5999984741211,89.9000015258789,88.26873016357422,27726
2013-12-11,89.80000305175781,89.80000305175781,86.6500015258789,88.19999694824219,86.59957122802734,27193
2013-12-12,87.05000305175781,88.5999984741211,86.69999694824219,88.05000305175781,86.45230102539062,9997
2013-12-13,85.5,89.94999694824219,85.0,86.19999694824219,84.63587188720703,24562
2013-12-16,88.94999694824219,88.94999694824219,83.55000305175781,85.0999984741211,83.55582427978516,6182
2013-12-17,84.1500015258789,87.1500015258789,81.19999694824219,82.9000015258789,81.395751953125,14231
2013-12-18,81.30000305175781,84.69999694824219,81.30000305175781,83.30000305175781,81.78849792480469,6327
2013-12-19,83.44999694824219,86.69999694824219,83.1500015258789,85.55000305175781,83.9976577758789,61434
2013-12-20,88.94999694824219,88.94999694824219,86.0,87.9000015258789,86.30501556396484,6165
2013-12-23,89.0,91.0,89.0,90.5999984741211,88.95602416992188,7413
2013-12-24,90.0,90.80000305175781,87.9000015258789,89.30000305175781,87.67961883544922,12052
2013-12-26,90.0,92.0,85.5999984741211,91.5999984741211,89.9378890991211,12117
2013-12-27,94.4000015258789,94.4000015258789,87.55000305175781,88.30000305175781,86.69776153564453,11984
2013-12-30,89.9000015258789,89.9000015258789,87.19999694824219,89.05000305175781,87.43415069580078,16857
2013-12-31,89.0,89.05000305175781,86.0999984741211,86.3499984741211,84.78314208984375,6995
2014-01-01,87.0,89.0,86.0,87.80000305175781,86.20683288574219,8745
2014-01-02,88.0,92.1500015258789,88.0,92.05000305175781,90.37972259521484,53827
2014-01-03,92.4000015258789,92.44999694824219,87.5999984741211,90.0,88.36691284179688,19308
2014-01-06,89.0,94.5,89.0,93.9000015258789,92.19615173339844,22191
2014-01-07,95.0,103.25,94.94999694824219,103.25,101.37648010253906,61362
2014-01-08,106.0,113.5,103.5,107.19999694824219,105.25481414794922,92989
2014-01-09,110.0,110.0,97.3499984741211,100.30000305175781,98.48002624511719,34489
2014-01-10,98.0,105.1500015258789,96.0,99.9000015258789,98.0872802734375,25001
2014-01-13,99.0,102.75,96.9000015258789,97.6500015258789,95.87810516357422,14481
2014-01-14,91.0,98.0,91.0,95.3499984741211,93.61983489990234,9941
2014-01-15,96.69999694824219,99.5999984741211,94.05000305175781,95.0,93.27619171142578,22186
2014-01-16,97.94999694824219,97.94999694824219,93.0,93.8499984741211,92.14704895019531,11054
2014-01-17,99.9000015258789,99.9000015258789,90.25,91.19999694824219,89.54512786865234,18227
2014-01-20,91.5,91.5,88.19999694824219,90.44999694824219,88.80874633789062,11972
2014-01-21,89.30000305175781,91.80000305175781,89.30000305175781,89.69999694824219,88.07234954833984,8823
2014-01-22,88.94999694824219,93.75,88.94999694824219,93.05000305175781,91.361572265625,11743
2014-01-23,95.30000305175781,95.30000305175781,91.25,91.69999694824219,90.03606414794922,6359
2014-01-24,91.75,91.75,87.75,89.1500015258789,87.53234100341797,12495
2014-01-27,89.1500015258789,89.1500015258789,83.0,84.9000015258789,83.35945892333984,16109
2014-01-28,84.0,87.94999694824219,84.0,85.94999694824219,84.39039611816406,6794
2014-01-29,88.94999694824219,91.0,83.6500015258789,84.5999984741211,83.06489562988281,12563
2014-01-30,84.5999984741211,85.5,79.5999984741211,81.55000305175781,80.07024383544922,13882
2014-01-31,83.0,84.5,80.19999694824219,81.1500015258789,79.67750549316406,8905
2014-02-03,81.0,84.0,80.80000305175781,81.9000015258789,80.41390228271484,3890
2014-02-04,79.5999984741211,82.0,79.5999984741211,81.4000015258789,79.92295837402344,2398
2014-02-05,82.9000015258789,83.0,80.0,81.05000305175781,79.5793228149414,9589
2014-02-06,80.25,82.9000015258789,80.05000305175781,80.6500015258789,79.18657684326172,9312
2014-02-07,81.0,85.0,81.0,83.25,81.73939514160156,8748
2014-02-10,82.4000015258789,85.0,82.4000015258789,83.8499984741211,82.3285140991211,3519
2014-02-11,83.0,84.05000305175781,83.0,83.30000305175781,81.78849792480469,3087
2014-02-12,84.55000305175781,85.44999694824219,83.0,83.30000305175781,81.78849792480469,6795
2014-02-13,83.5,83.94999694824219,83.0,83.0,81.49392700195312,6355
2014-02-14,84.5,84.5,83.0,83.0,81.49392700195312,2075
2014-02-17,85.0,85.0,80.9000015258789,81.1500015258789,79.67750549316406,22026
2014-02-18,82.9000015258789,85.25,82.9000015258789,84.05000305175781,82.5248794555664,22962
2014-02-19,84.0,88.44999694824219,84.0,86.94999694824219,85.37225341796875,10889
2014-02-20,89.0,89.0,84.0,85.69999694824219,84.14493560791016,16568
2014-02-21,86.94999694824219,87.0,84.5,85.8499984741211,84.2922134399414,4419
2014-02-24,85.0,87.9000015258789,85.0,87.4000015258789,85.81409454345703,5178
2014-02-25,89.0,91.30000305175781,88.9000015258789,90.5999984741211,88.95602416992188,13046
2014-02-26,92.0,95.5,90.55000305175781,94.44999694824219,92.73616027832031,16734
2014-02-28,95.0,99.0,94.0999984741211,95.0999984741211,93.37437438964844,10355
2014-03-03,92.1500015258789,95.0,92.0999984741211,93.30000305175781,91.6070327758789,6336
2014-03-04,92.0,95.0,92.0,93.05000305175781,91.361572265625,10265
2014-03-05,94.0,95.8499984741211,92.05000305175781,94.0,92.2943344116211,13969
2014-03-06,95.3499984741211,96.5999984741211,94.25,96.0,94.25804138183594,16645
2014-03-07,98.25,102.0,94.25,98.30000305175781,96.51630401611328,38308
2014-03-10,98.69999694824219,101.0,93.6500015258789,99.94999694824219,98.1363525390625,20133
2014-03-11,99.0,104.69999694824219,99.0,99.6500015258789,97.84180450439453,11055
2014-03-12,102.3499984741211,106.80000305175781,98.19999694824219,104.25,102.35833740234375,19308
2014-03-13,107.94999694824219,113.0,101.1500015258789,108.5999984741211,106.62940979003906,35190
2014-03-14,109.0,110.8499984741211,102.0999984741211,106.0,104.07658386230469,13976
2014-03-18,104.9000015258789,109.94999694824219,104.1500015258789,105.44999694824219,103.53656005859375,3949
2014-03-19,108.30000305175781,108.30000305175781,102.55000305175781,103.19999694824219,101.327392578125,14652
2014-03-20,104.9000015258789,108.80000305175781,101.0,101.75,99.9037094116211,28435
2014-03-21,100.69999694824219,107.5,100.69999694824219,104.9000015258789,102.99654388427734,43496
2014-03-24,106.5999984741211,107.69999694824219,105.5,105.69999694824219,103.78202819824219,5543
2014-03-25,105.0,107.5,104.25,105.44999694824219,103.53656005859375,3157
2014-03-26,105.94999694824219,113.0,105.94999694824219,107.69999694824219,105.74574279785156,20950
2014-03-27,106.5999984741211,114.80000305175781,106.30000305175781,114.25,112.17688751220703,54107
2014-03-28,113.0999984741211,124.5,113.0999984741211,121.5,119.29533386230469,40587
2014-03-31,124.94999694824219,125.0,114.8499984741211,115.80000305175781,113.69876861572266,20543
2014-04-01,115.80000305175781,118.4000015258789,114.30000305175781,115.0999984741211,113.011474609375,7230
2014-04-02,115.8499984741211,122.75,115.8499984741211,121.44999694824219,119.24623107910156,15844
2014-04-03,121.6500015258789,145.0,120.0,136.3000030517578,133.8267822265625,134281
2014-04-04,140.0,154.8000030517578,138.0,147.35000610351562,144.67628479003906,270650
2014-04-07,148.0,154.89999389648438,140.3000030517578,147.75,145.0690155029297,52271
2014-04-09,146.10000610351562,160.0,143.10000610351562,155.89999389648438,153.0711212158203,127239
2014-04-10,158.1999969482422,162.8000030517578,156.89999389648438,157.64999389648438,154.7893524169922,93596
2014-04-11,158.0,158.0,150.64999389648438,155.3000030517578,152.48202514648438,24549
2014-04-15,153.1999969482422,157.6999969482422,150.5,150.9499969482422,148.21095275878906,15618
2014-04-16,154.1999969482422,154.1999969482422,145.0,145.60000610351562,142.95802307128906,16971
2014-04-17,144.0,149.89999389648438,143.25,148.1999969482422,145.51084899902344,14153
2014-04-21,145.5500030517578,160.0,145.5500030517578,157.6999969482422,154.83847045898438,30009
2014-04-22,161.0,189.0,161.0,182.1999969482422,178.89390563964844,359696
2014-04-23,185.0,202.0,178.1999969482422,188.5,185.07957458496094,388595
2014-04-24,188.5,188.5,188.5,188.5,185.07957458496094,0
2014-04-25,193.5,193.9499969482422,183.0,183.8000030517578,180.46487426757812,64245
2014-04-28,185.1999969482422,186.5,165.5,169.3000030517578,166.2279815673828,91826
2014-04-29,170.0,182.0,166.0500030517578,171.39999389648438,168.2898712158203,90930
2014-04-30,173.10000610351562,177.14999389648438,160.64999389648438,165.4499969482422,162.4478302001953,64497
2014-05-02,166.0,169.5,163.0,164.5,161.5150909423828,25426
2014-05-05,165.0,167.0,159.0500030517578,165.0,162.0059814453125,31140
2014-05-06,164.0,184.5,164.0,180.10000610351562,176.83203125,153330
2014-05-07,184.39999389648438,197.8000030517578,180.25,182.1999969482422,178.89390563964844,156911
2014-05-08,183.5,186.60000610351562,176.0,178.64999389648438,175.4083251953125,37600
2014-05-09,176.89999389648438,184.89999389648438,176.0,182.5500030517578,179.237548828125,94721
2014-05-12,186.5,189.6999969482422,175.64999389648438,179.14999389648438,175.8992462158203,49858
2014-05-13,181.14999389648438,212.0,178.0500030517578,208.8000030517578,205.01124572753906,497347
2014-05-14,215.1999969482422,230.0,212.64999389648438,214.89999389648438,211.00054931640625,480080
2014-05-15,216.9499969482422,219.6999969482422,205.10000610351562,209.0500030517578,205.2567138671875,191793
2014-05-16,210.0500030517578,224.89999389648438,210.0,218.3000030517578,214.33888244628906,99765
2014-05-19,220.0,235.0,220.0,230.60000610351562,226.41567993164062,87262
2014-05-20,245.0,245.0,224.10000610351562,228.0,223.86285400390625,67501
2014-05-21,229.0,234.9499969482422,224.0,225.0,220.91726684570312,37326
2014-05-22,229.9499969482422,237.0,225.35000610351562,235.0,230.73580932617188,53046
2014-05-23,238.0,242.0,228.1999969482422,237.5500030517578,233.23956298828125,57291
2014-05-26,237.64999389648438,243.0,206.0,232.9499969482422,228.7230224609375,72126
2014-05-27,227.0,241.0500030517578,215.0500030517578,237.9499969482422,233.63229370117188,62416
2014-05-28,238.5,238.9499969482422,218.0,227.64999389648438,223.51919555664062,36178
2014-05-29,226.0,230.0,222.60000610351562,226.8000030517578,222.68463134765625,9777
2014-05-30,229.0500030517578,240.8000030517578,228.0,233.0,228.7721405029297,41138
2014-06-02,244.6999969482422,254.75,233.89999389648438,248.85000610351562,244.3345184326172,80229
2014-06-03,249.89999389648438,259.0,246.25,255.64999389648438,251.01113891601562,37021
2014-06-04,259.8500061035156,268.0,255.64999389648438,265.04998779296875,260.2405090332031,39606
2014-06-05,265.04998779296875,300.0,265.04998779296875,293.3999938964844,288.076171875,223117
2014-06-06,296.0,300.0,277.0,288.1499938964844,282.92138671875,60621
2014-06-09,286.0,300.0,286.0,296.8500061035156,291.46356201171875,50458
2014-06-10,303.8999938964844,317.8999938964844,285.6000061035156,313.95001220703125,308.2532958984375,66250
2014-06-11,311.5,325.0,308.0,312.25,306.5841064453125,39203
2014-06-12,310.0,344.3999938964844,303.04998779296875,338.04998779296875,331.9159240722656,87135
2014-06-13,340.8999938964844,354.3999938964844,325.5,341.1499938964844,334.959716796875,74909
2014-06-16,341.1499938964844,353.04998779296875,320.20001220703125,351.29998779296875,344.9255065917969,53684
2014-06-17,358.45001220703125,358.8500061035156,341.8999938964844,344.75,338.494384765625,47909
2014-06-18,353.95001220703125,355.0,323.25,334.29998779296875,328.23394775390625,36536
2014-06-19,330.6000061035156,345.0,316.1499938964844,319.75,313.947998046875,41639
2014-06-20,324.79998779296875,324.79998779296875,305.04998779296875,309.45001220703125,303.8349304199219,28301
2014-06-23,306.3500061035156,323.8999938964844,305.0,306.45001220703125,300.8893737792969,23233
2014-06-24,316.0,318.0,306.0,311.3999938964844,305.74951171875,72733
2014-06-25,320.8999938964844,347.79998779296875,315.1499938964844,320.54998779296875,314.7335205078125,28810
2014-06-26,331.8999938964844,331.8999938964844,315.1499938964844,316.75,311.0024719238281,17980
2014-06-27,315.54998779296875,324.0,315.0,316.6000061035156,310.8551940917969,12200
2014-06-30,315.0,325.0,308.1499938964844,318.1499938964844,312.3770446777344,26554
2014-07-01,330.0,340.0,315.54998779296875,327.79998779296875,321.8518981933594,40499
2014-07-02,328.0,360.1000061035156,323.54998779296875,352.79998779296875,346.3982849121094,143833
2014-07-03,358.5,392.25,356.0,375.04998779296875,368.2445373535156,291073
2014-07-04,375.0,383.8999938964844,365.0,376.29998779296875,369.4718322753906,74844
2014-07-07,376.0,383.70001220703125,361.75,366.8500061035156,360.1933898925781,33695
2014-07-08,370.8500061035156,377.70001220703125,330.1499938964844,337.25,331.1304931640625,43660
2014-07-09,337.0,359.8999938964844,308.20001220703125,334.5,328.4303894042969,55626
2014-07-10,340.0,362.0,318.5,342.6000061035156,336.38336181640625,57185
2014-07-11,345.0,350.0,313.25,320.6499938964844,314.8316650390625,33598
2014-07-14,319.70001220703125,319.70001220703125,301.29998779296875,308.0,302.41119384765625,27769
2014-07-15,309.5,325.04998779296875,309.5,313.70001220703125,308.0077819824219,36998
2014-07-16,316.0,327.0,313.70001220703125,316.3999938964844,310.6588134765625,34424
2014-07-17,319.29998779296875,334.0,318.5,324.45001220703125,318.5627136230469,53511
2014-07-18,328.0,328.0,305.5,309.8500061035156,304.2276611328125,50513
2014-07-21,310.04998779296875,320.5,310.04998779296875,313.1499938964844,307.4677429199219,35435
2014-07-22,312.3999938964844,318.70001220703125,306.5,309.20001220703125,303.58941650390625,21233
2014-07-23,309.0,313.8500061035156,305.3500061035156,306.79998779296875,301.23297119140625,25351
2014-07-24,306.0,314.0,306.0,307.25,301.6748352050781,10335
2014-07-25,311.95001220703125,313.0,296.54998779296875,303.1000061035156,297.6001281738281,16507
2014-07-28,303.0,310.95001220703125,290.0,291.45001220703125,286.1615295410156,19729
2014-07-30,286.79998779296875,309.8500061035156,272.3500061035156,298.45001220703125,293.0345153808594,37451
2014-07-31,308.8500061035156,309.0,289.0,291.3999938964844,286.1124267578125,16080
2014-08-01,292.8999938964844,300.0,285.54998779296875,291.04998779296875,285.7687683105469,22654
2014-08-04,291.0,302.70001220703125,290.1000061035156,298.04998779296875,292.6417541503906,28916
2014-08-05,298.0,302.8999938964844,292.0,301.1499938964844,295.68548583984375,29423
2014-08-06,296.54998779296875,308.0,290.0,292.70001220703125,287.3888244628906,12510
2014-08-07,302.75,308.0,290.79998779296875,293.45001220703125,288.1252746582031,11714
2014-08-08,288.0,288.8999938964844,281.0,284.25,279.0921630859375,14415
2014-08-11,285.0,297.95001220703125,280.0,282.8500061035156,277.71759033203125,10238
2014-08-12,281.6000061035156,284.6000061035156,270.1499938964844,272.0,267.0644226074219,13247
2014-08-13,272.25,275.0,249.10000610351562,252.0500030517578,247.47645568847656,28955
2014-08-14,257.54998779296875,266.0,226.89999389648438,258.8500061035156,254.15309143066406,62576
2014-08-18,255.1999969482422,285.1499938964844,255.1999969482422,282.25,277.12847900390625,93827
2014-08-19,284.95001220703125,319.0,284.04998779296875,309.95001220703125,304.3258361816406,267726
2014-08-20,309.95001220703125,316.79998779296875,302.0,304.70001220703125,299.171142578125,33035
2014-08-21,304.70001220703125,308.0,299.95001220703125,302.29998779296875,296.8146057128906,21194
2014-08-22,305.0,309.95001220703125,300.0,300.6499938964844,295.194580078125,15780
2014-08-25,304.95001220703125,304.95001220703125,300.0,300.3500061035156,294.90008544921875,18973
2014-08-26,302.0,303.0,287.20001220703125,289.79998779296875,284.54144287109375,12471
2014-08-27,294.95001220703125,303.0,286.6000061035156,289.54998779296875,284.787353515625,9739
2014-08-28,294.0,299.0,281.20001220703125,282.95001220703125,278.2958984375,13648
2014-09-01,279.95001220703125,291.0,278.1000061035156,286.79998779296875,282.0825500488281,18355
2014-09-02,293.8500061035156,298.0,284.6499938964844,292.1000061035156,287.2954406738281,23479
2014-09-03,290.3500061035156,297.29998779296875,286.1000061035156,288.1499938964844,283.41033935546875,34499
2014-09-04,290.0,291.0,281.20001220703125,285.20001220703125,280.5089111328125,29703
2014-09-05,287.0,296.0,281.3999938964844,283.45001220703125,278.7876892089844,54290
2014-09-08,281.20001220703125,290.0,281.20001220703125,286.29998779296875,281.5907897949219,14358
2014-09-09,285.3999938964844,286.8999938964844,276.0,279.45001220703125,274.8534851074219,25673
2014-09-10,277.0,285.5,273.3500061035156,282.20001220703125,277.5582580566406,15475
2014-09-11,282.0,286.0,275.1000061035156,277.1000061035156,272.5421142578125,21824
2014-09-12,282.0,285.0,267.0,269.25,264.8212585449219,41122
2014-09-15,269.8999938964844,271.0,261.1000061035156,262.45001220703125,258.13311767578125,38014
2014-09-16,263.0,278.3999938964844,250.0,253.60000610351562,249.42868041992188,48715
2014-09-17,257.0,264.29998779296875,251.5500030517578,259.54998779296875,255.28079223632812,45612
2014-09-18,263.8999938964844,269.95001220703125,261.20001220703125,264.8500061035156,260.49365234375,18431
2014-09-19,266.04998779296875,269.0,257.04998779296875,259.95001220703125,255.67420959472656,10950
2014-09-22,260.5,262.8500061035156,257.04998779296875,259.1000061035156,254.83819580078125,38742
2014-09-23,260.95001220703125,263.5,241.25,247.35000610351562,243.281494140625,19649
2014-09-24,254.0,254.0,238.60000610351562,243.6999969482422,239.69149780273438,18020
2014-09-25,249.9499969482422,249.9499969482422,225.25,230.0500030517578,226.2660369873047,23979
2014-09-26,227.0,230.85000610351562,215.5,220.89999389648438,217.26651000976562,39292
2014-09-29,231.0,232.0,217.25,217.89999389648438,214.31585693359375,51312
2014-09-30,218.9499969482422,222.85000610351562,212.3000030517578,216.14999389648438,212.59463500976562,21861
2014-10-01,221.60000610351562,223.0,213.0,214.75,211.2176971435547,20162
2014-10-07,213.0,223.6999969482422,209.5,215.60000610351562,212.05372619628906,22195
2014-10-08,214.5,230.0,205.0,218.35000610351562,214.75848388671875,140031
2014-10-09,225.0,254.64999389648438,222.0500030517578,249.9499969482422,245.83871459960938,112732
2014-10-10,247.8000030517578,272.6499938964844,241.10000610351562,268.1000061035156,263.690185546875,145362
2014-10-13,272.8999938964844,285.0,270.6000061035156,274.8500061035156,270.3291320800781,75763
2014-10-14,275.5,277.54998779296875,261.29998779296875,272.8999938964844,268.4112243652344,41456
2014-10-15,272.8999938964844,272.8999938964844,272.8999938964844,272.8999938964844,268.4112243652344,0
2014-10-16,270.04998779296875,273.0,242.8000030517578,248.60000610351562,244.5109100341797,24053
2014-10-17,250.0500030517578,250.0500030517578,228.6999969482422,230.35000610351562,226.5610809326172,53607
2014-10-20,233.0,248.9499969482422,228.1999969482422,231.25,227.4462890625,34307
2014-10-21,230.8000030517578,249.0,230.75,243.14999389648438,239.15054321289062,40125
2014-10-22,250.5500030517578,251.0,243.0500030517578,246.0,241.9536590576172,34196
2014-10-27,254.0500030517578,271.75,254.0500030517578,260.1499938964844,255.87091064453125,44018
2014-10-28,262.25,266.70001220703125,257.1000061035156,262.1000061035156,257.78887939453125,26569
2014-10-29,260.3999938964844,269.0,260.25,265.70001220703125,261.32965087890625,20509
2014-10-30,266.0,296.79998779296875,264.1499938964844,279.29998779296875,274.7059326171875,102572
2014-10-31,282.5,312.0,272.0,305.1499938964844,300.1307678222656,190880
2014-11-03,303.6499938964844,309.6000061035156,293.6000061035156,298.79998779296875,293.8851623535156,59726
2014-11-05,296.5,302.0,285.25,289.25,284.4922790527344,35996
2014-11-07,287.04998779296875,298.0,281.1000061035156,282.8500061035156,278.19757080078125,23401
2014-11-10,286.6499938964844,290.0,275.1499938964844,280.29998779296875,275.6894836425781,23583
2014-11-11,276.25,284.95001220703125,274.1000061035156,277.6000061035156,273.03387451171875,34325
2014-11-12,284.79998779296875,284.79998779296875,276.0,276.29998779296875,271.7552490234375,15488
2014-11-13,280.0,280.04998779296875,270.6499938964844,275.0,270.4766540527344,1073721
2014-11-14,285.95001220703125,310.8500061035156,285.95001220703125,296.79998779296875,291.9181213378906,490601
2014-11-17,304.79998779296875,314.79998779296875,304.79998779296875,310.45001220703125,305.34356689453125,227634
2014-11-18,314.8999938964844,338.6499938964844,303.20001220703125,331.45001220703125,325.9981384277344,283259
2014-11-19,336.0,345.0,322.20001220703125,331.20001220703125,325.7522888183594,163590
2014-11-20,332.0,340.0,327.5,335.3500061035156,329.833984375,99365
2014-11-21,339.8999938964844,366.70001220703125,339.79998779296875,355.75,349.8984375,317324
2014-11-24,358.0,398.5,349.70001220703125,383.79998779296875,377.4870300292969,805130
2014-11-25,387.54998779296875,394.3500061035156,370.8500061035156,375.04998779296875,368.8809814453125,370138
2014-11-26,375.0,375.0,356.3500061035156,360.6000061035156,354.668701171875,101775
2014-11-27,364.25,364.25,338.3999938964844,339.79998779296875,334.2108154296875,118255
2014-11-28,375.0,375.0,345.1499938964844,347.45001220703125,341.7350158691406,78943
2014-12-01,347.45001220703125,350.8999938964844,327.04998779296875,330.1000061035156,324.6703796386719,73622
2014-12-02,330.1499938964844,364.0,325.1000061035156,358.6000061035156,352.70159912109375,496313
2014-12-03,365.5,377.45001220703125,359.1499938964844,369.3500061035156,363.2747802734375,346120
2014-12-04,369.3500061035156,380.0,362.54998779296875,373.1000061035156,366.96307373046875,113474
2014-12-05,373.1000061035156,390.0,372.25,382.8999938964844,376.60186767578125,134492
2014-12-08,381.6499938964844,390.0,366.0,368.8500061035156,362.782958984375,76210
2014-12-09,366.95001220703125,373.45001220703125,348.1499938964844,350.25,344.48895263671875,38147
2014-12-10,351.6000061035156,366.79998779296875,351.0,356.6000061035156,350.7344970703125,23868
2014-12-11,358.79998779296875,376.6000061035156,353.20001220703125,370.70001220703125,364.6025695800781,51807
2014-12-12,371.79998779296875,394.8999938964844,358.6499938964844,367.3500061035156,361.3076477050781,86181
2014-12-15,364.95001220703125,364.95001220703125,345.25,350.95001220703125,345.17742919921875,115111
2014-12-16,350.95001220703125,357.8999938964844,320.0,329.1000061035156,323.68682861328125,61282
2014-12-17,330.5,342.04998779296875,317.20001220703125,337.79998779296875,332.2436828613281,29823
2014-12-18,341.25,359.8999938964844,341.25,355.3999938964844,349.5542297363281,35036
2014-12-19,365.3999938964844,370.04998779296875,347.0,353.0,347.1936950683594,26164
2014-12-22,351.1499938964844,354.8999938964844,330.5,338.20001220703125,332.63714599609375,30377
2014-12-23,343.0,355.0,340.20001220703125,345.6000061035156,339.9154052734375,24727
2014-12-24,343.0,351.5,342.1000061035156,347.79998779296875,342.0791931152344,17500
2014-12-26,346.6000061035156,358.0,345.0,349.8999938964844,344.1446533203125,15103
2014-12-29,353.04998779296875,363.20001220703125,353.04998779296875,356.3500061035156,350.48858642578125,30773
2014-12-30,356.25,365.29998779296875,355.0,363.20001220703125,357.2259216308594,21245
2014-12-31,365.0,368.3500061035156,355.54998779296875,359.0,353.094970703125,12131
2015-01-01,362.0,366.8999938964844,361.20001220703125,363.54998779296875,357.57012939453125,9602
2015-01-02,364.3999938964844,374.0,363.0,365.04998779296875,359.04547119140625,29188
2015-01-05,368.0,373.8999938964844,356.0,357.5,351.61968994140625,20656
2015-01-06,356.3999938964844,357.6000061035156,341.04998779296875,343.79998779296875,338.14501953125,14821
2015-01-07,344.95001220703125,355.0,338.0,339.79998779296875,334.2108154296875,21839
2015-01-08,345.8999938964844,349.3999938964844,343.45001220703125,347.70001220703125,341.98089599609375,18886
2015-01-09,352.95001220703125,355.0,338.1000061035156,340.75,335.14520263671875,14278
2015-01-12,341.0,347.04998779296875,336.5,339.5,333.9157409667969,14608
2015-01-13,347.79998779296875,347.79998779296875,333.1000061035156,336.0,330.4732971191406,18940
2015-01-14,338.3999938964844,339.0,325.1000061035156,335.04998779296875,329.5389099121094,41594
2015-01-15,350.79998779296875,352.5,338.04998779296875,346.8500061035156,341.14483642578125,41255
2015-01-16,344.8500061035156,351.0,343.0,347.20001220703125,341.4891052246094,12844
2015-01-19,349.8999938964844,351.6499938964844,343.1499938964844,345.04998779296875,339.3744201660156,19339
2015-01-20,344.1000061035156,371.8999938964844,340.3500061035156,350.70001220703125,344.9315185546875,189803
2015-01-21,353.3999938964844,370.8999938964844,353.3500061035156,362.04998779296875,356.0948791503906,282499
2015-01-22,364.1000061035156,372.0,362.1000061035156,368.6000061035156,362.537109375,139161
2015-01-23,368.95001220703125,377.0,362.20001220703125,368.25,362.19287109375,56194
2015-01-27,368.0,374.8999938964844,367.0,369.3999938964844,363.3239440917969,22424
2015-01-28,368.95001220703125,375.0,367.0,373.04998779296875,366.9138488769531,21203
2015-01-29,377.0,384.0,367.1499938964844,381.1000061035156,374.83148193359375,27574
2015-01-30,380.5,388.5,371.70001220703125,378.25,372.0283508300781,37882
2015-02-02,373.0,380.95001220703125,368.5,375.54998779296875,369.3727722167969,26947
2015-02-03,377.95001220703125,378.0,364.04998779296875,365.75,359.73394775390625,8271
2015-02-04,368.04998779296875,373.8999938964844,353.1000061035156,357.6000061035156,351.718017578125,10668
2015-02-05,355.8500061035156,361.79998779296875,350.25,357.1499938964844,351.275390625,15611
2015-02-06,359.8500061035156,373.04998779296875,355.0,367.0,360.9634094238281,25189
2015-02-09,360.3999938964844,373.70001220703125,359.79998779296875,365.8500061035156,359.8323059082031,13792
2015-02-10,365.04998779296875,371.3999938964844,357.45001220703125,367.6499938964844,361.6026916503906,15794
2015-02-11,368.04998779296875,391.0,368.04998779296875,385.5,379.15911865234375,29795
2015-02-12,386.95001220703125,405.0,386.95001220703125,400.20001220703125,393.6173095703125,70335
2015-02-13,405.0,427.0,398.95001220703125,404.29998779296875,397.6498718261719,173364
2015-02-16,410.0,417.79998779296875,401.5,404.1000061035156,397.45318603515625,63978
2015-02-18,407.8999938964844,408.8999938964844,395.0,396.3999938964844,389.87982177734375,20848
2015-02-19,397.0,399.95001220703125,385.1000061035156,396.45001220703125,389.92901611328125,26525
2015-02-20,399.8500061035156,442.79998779296875,391.3999938964844,423.04998779296875,416.0914611816406,117675
2015-02-23,424.0,442.0,417.0,428.1000061035156,421.0583801269531,381753
2015-02-24,433.6499938964844,434.70001220703125,411.75,415.54998779296875,408.7148132324219,88265
2015-02-25,416.6499938964844,428.0,405.1000061035156,409.54998779296875,402.81353759765625,25311
2015-02-26,424.5,424.5,402.5,409.04998779296875,402.32177734375,26801
2015-02-27,407.6000061035156,425.0,407.6000061035156,421.3999938964844,414.4685974121094,23476
2015-03-02,403.04998779296875,461.70001220703125,403.04998779296875,442.0,434.72979736328125,256622
2015-03-03,446.95001220703125,499.5,432.54998779296875,486.29998779296875,478.30108642578125,510003
2015-03-04,493.70001220703125,508.0,450.1000061035156,460.54998779296875,452.97467041015625,196193
2015-03-05,464.8999938964844,490.0,460.04998779296875,476.45001220703125,468.6131896972656,89373
2015-03-09,475.8500061035156,494.0,463.1499938964844,471.1499938964844,463.4002990722656,165317
2015-03-10,475.6000061035156,486.8500061035156,455.0,460.8500061035156,453.2697448730469,43470
2015-03-11,463.95001220703125,485.79998779296875,460.8999938964844,472.29998779296875,464.5313720703125,40880
2015-03-12,476.5,484.0,472.45001220703125,478.95001220703125,471.0719909667969,78874
2015-03-13,481.70001220703125,484.04998779296875,459.6000061035156,465.20001220703125,457.54815673828125,144945
2015-03-16,463.0,474.79998779296875,451.0,458.79998779296875,451.2534484863281,24990
2015-03-17,458.0,475.8999938964844,441.0,450.54998779296875,443.13916015625,86024
2015-03-18,455.0,458.3500061035156,440.0,444.04998779296875,436.74603271484375,36379
2015-03-19,453.79998779296875,458.0,442.6000061035156,445.70001220703125,438.36895751953125,25271
2015-03-20,449.95001220703125,450.45001220703125,432.6499938964844,435.20001220703125,428.0416564941406,15895
2015-03-23,435.04998779296875,455.0,435.04998779296875,450.5,443.0899658203125,63396
2015-03-24,454.95001220703125,461.5,446.04998779296875,447.95001220703125,440.5819091796875,12419
2015-03-25,448.3500061035156,454.79998779296875,442.04998779296875,445.8500061035156,438.5164489746094,17492
2015-03-26,438.5,449.1000061035156,432.6000061035156,446.54998779296875,439.2049255371094,25533
2015-03-27,448.0,455.0,436.6000061035156,439.1499938964844,431.9266357421875,9931
2015-03-30,445.0,482.0,445.0,467.29998779296875,459.6136474609375,44951
2015-03-31,472.95001220703125,486.0,457.0,461.3500061035156,453.7615051269531,51671
2015-04-01,465.04998779296875,468.0,455.0,459.04998779296875,451.49932861328125,13110
2015-04-06,459.04998779296875,469.8500061035156,447.8999938964844,449.6000061035156,442.2048034667969,32310
2015-04-07,451.29998779296875,463.0,447.75,449.95001220703125,442.54901123046875,16553
2015-04-08,458.3500061035156,458.3999938964844,447.95001220703125,451.1499938964844,443.7292785644531,15150
2015-04-09,456.75,457.45001220703125,446.0,450.5,443.0899658203125,10677
2015-04-10,450.04998779296875,453.75,447.0,452.0,444.5652770996094,6286
2015-04-13,453.0,457.95001220703125,449.0,450.1499938964844,442.7457275390625,6616
2015-04-15,452.0,464.0,448.70001220703125,450.6000061035156,443.1883544921875,35397
2015-04-16,457.3500061035156,459.0,449.8500061035156,450.8999938964844,443.4833984375,18508
2015-04-17,452.6000061035156,453.29998779296875,448.25,450.04998779296875,442.6473693847656,18295
2015-04-20,450.0,457.0,447.8999938964844,452.54998779296875,445.106201171875,33152
2015-04-21,454.0,461.95001220703125,449.0,450.1000061035156,442.6965637207031,22455
2015-04-22,450.1000061035156,454.79998779296875,444.20001220703125,449.79998779296875,442.4014892578125,17067
2015-04-23,468.0,468.0,447.8999938964844,448.3999938964844,441.0245056152344,15289
2015-04-24,445.75,450.0,425.0,438.20001220703125,430.9922790527344,27962
2015-04-27,436.45001220703125,436.45001220703125,409.75,430.25,423.1730651855469,19360
2015-04-28,425.25,430.8500061035156,422.0,427.8500061035156,420.8125305175781,5810
2015-04-29,427.8500061035156,444.1499938964844,421.04998779296875,440.6000061035156,433.3528137207031,7025
2015-04-30,439.75,439.75,423.3500061035156,427.8999938964844,420.8616943359375,3221
2015-05-04,434.6499938964844,435.0,425.5,430.29998779296875,423.22222900390625,2701
2015-05-05,434.75,435.45001220703125,421.20001220703125,422.70001220703125,415.7472229003906,6025
2015-05-06,424.29998779296875,428.29998779296875,404.6000061035156,412.70001220703125,405.9117431640625,12330
2015-05-07,409.95001220703125,419.3999938964844,400.0,417.95001220703125,411.07537841796875,8815
2015-05-08,430.0,430.0,408.6499938964844,411.6000061035156,404.829833984375,7864
2015-05-11,423.04998779296875,423.54998779296875,407.0,409.04998779296875,402.32177734375,5094
2015-05-12,407.75,407.75,388.1499938964844,399.45001220703125,392.87969970703125,17065
2015-05-13,396.0,420.0,396.0,408.45001220703125,401.73162841796875,16186
2015-05-14,407.29998779296875,413.0,386.04998779296875,391.54998779296875,385.1095886230469,20068
2015-05-15,397.8999938964844,405.0,393.1000061035156,395.0,388.50286865234375,13121
2015-05-18,401.8999938964844,409.3500061035156,397.1499938964844,404.95001220703125,398.28924560546875,17981
2015-05-19,410.0,418.0,406.0,408.75,402.0267028808594,25508
2015-05-20,412.79998779296875,414.75,405.25,406.3999938964844,399.7153015136719,13172
2015-05-21,406.0,408.0,398.0,403.20001220703125,396.5679931640625,4664
2015-05-22,402.3500061035156,402.3500061035156,394.6499938964844,397.25,390.71588134765625,2820
2015-05-25,396.3500061035156,407.8500061035156,396.3500061035156,402.25,395.6335754394531,6762
2015-05-26,405.0,415.0,402.29998779296875,408.04998779296875,401.3382263183594,15621
2015-05-27,410.0,410.0,398.95001220703125,405.3999938964844,398.7318115234375,6642
2015-05-28,419.0,419.0,390.0,392.8500061035156,386.3882141113281,14692
2015-05-29,403.8999938964844,403.95001220703125,390.29998779296875,396.25,389.7322998046875,26407
2015-06-01,403.5,408.20001220703125,391.0,392.6499938964844,386.1914978027344,8890
2015-06-02,393.1000061035156,414.3999938964844,377.5,383.29998779296875,376.99530029296875,16833
2015-06-03,385.6499938964844,394.95001220703125,375.0,378.25,372.0283508300781,21786
2015-06-04,383.5,392.0,380.0,387.95001220703125,381.56884765625,20553
2015-06-05,388.0,397.5,385.0,389.8500061035156,383.43756103515625,45551
2015-06-08,396.54998779296875,396.54998779296875,360.1000061035156,369.95001220703125,363.8648681640625,14694
2015-06-09,379.95001220703125,395.0,365.25,387.79998779296875,381.4212951660156,9780
2015-06-10,385.0,404.8999938964844,372.3500061035156,398.3500061035156,391.7977294921875,8891
2015-06-11,398.1000061035156,398.1000061035156,381.0,384.6000061035156,378.27392578125,2176
2015-06-12,392.95001220703125,407.95001220703125,385.0,402.1000061035156,395.486083984375,7791
2015-06-15,409.95001220703125,410.0,388.20001220703125,394.1499938964844,387.6668395996094,1993
2015-06-16,391.04998779296875,405.0,391.04998779296875,399.45001220703125,392.87969970703125,11231
2015-06-17,403.95001220703125,404.0,394.6499938964844,397.04998779296875,390.51910400390625,1600
2015-06-18,402.95001220703125,403.0,392.0,397.29998779296875,390.7650451660156,18880
2015-06-19,404.95001220703125,405.5,386.20001220703125,389.70001220703125,383.2900085449219,3975
2015-06-22,388.0,417.70001220703125,382.1499938964844,389.29998779296875,382.8966064453125,40578
2015-06-23,385.0,397.6000061035156,383.0,386.75,380.3885498046875,10461
2015-06-24,384.0,393.29998779296875,382.0,384.04998779296875,377.7329406738281,3418
2015-06-25,383.70001220703125,391.0,378.75,384.6499938964844,378.3230895996094,7369
2015-06-26,389.1000061035156,390.5,375.6499938964844,379.54998779296875,373.30694580078125,4297
2015-06-29,378.5,378.5,357.0,372.0,365.8811950683594,9011
2015-06-30,379.0,384.20001220703125,370.6000061035156,375.04998779296875,368.8809814453125,5291
2015-07-01,382.25,404.0,373.8999938964844,400.25,393.66650390625,49909
2015-07-02,401.0,413.8999938964844,390.0,393.1000061035156,386.6341247558594,34980
2015-07-03,398.04998779296875,400.5,393.1000061035156,396.1499938964844,389.6339111328125,5591
2015-07-06,391.0,399.0,385.0,393.20001220703125,386.73248291015625,6307
2015-07-07,401.04998779296875,403.0,387.20001220703125,392.0,385.5521545410156,15120
2015-07-08,386.25,389.1499938964844,375.3500061035156,383.6000061035156,377.2904052734375,12012
2015-07-09,388.8999938964844,393.3500061035156,373.95001220703125,384.8500061035156,378.5198059082031,17881
2015-07-10,389.6000061035156,393.79998779296875,385.0,388.79998779296875,382.4048156738281,6192
2015-07-13,390.04998779296875,398.54998779296875,374.54998779296875,382.1000061035156,375.8150329589844,11070
2015-07-14,387.70001220703125,393.8999938964844,375.95001220703125,381.29998779296875,375.0281982421875,10030
2015-07-15,388.8500061035156,392.95001220703125,381.6000061035156,383.1499938964844,376.8477783203125,5828
2015-07-16,385.04998779296875,388.0,384.04998779296875,385.3999938964844,379.060791015625,3709
2015-07-17,385.54998779296875,389.70001220703125,377.0,378.04998779296875,371.8316650390625,20164
2015-07-20,384.6000061035156,390.8999938964844,380.0,388.6000061035156,382.2081298828125,8965
2015-07-21,389.0,401.29998779296875,381.04998779296875,382.1000061035156,375.8150329589844,9517
2015-07-22,380.1000061035156,394.0,380.1000061035156,388.45001220703125,382.0605773925781,7802
2015-07-23,386.45001220703125,389.75,379.0,381.0,374.733154296875,5257
2015-07-24,383.8999938964844,386.75,375.1499938964844,378.75,372.5201721191406,119405
2015-07-27,385.70001220703125,385.70001220703125,374.0,376.29998779296875,370.11041259765625,2822
2015-07-28,381.75,382.0,366.25,367.6499938964844,361.6026916503906,5213
2015-07-29,368.6499938964844,374.29998779296875,360.5,366.1000061035156,360.0782165527344,5162
2015-07-30,378.0,383.8999938964844,371.0,382.1499938964844,375.8642272949219,17964
2015-07-31,378.0,386.29998779296875,370.25,372.54998779296875,366.4220886230469,3865
2015-08-03,369.04998779296875,380.5,369.04998779296875,372.6499938964844,366.5204772949219,3794
2015-08-04,374.8500061035156,374.8500061035156,360.6499938964844,362.6000061035156,356.6357727050781,12003
2015-08-05,365.0,375.0,363.5,364.70001220703125,358.7012939453125,15511
2015-08-06,367.0,367.04998779296875,347.0,354.29998779296875,348.4722900390625,20258
2015-08-07,358.25,367.6000061035156,354.0,364.8999938964844,358.89794921875,9267
2015-08-10,366.45001220703125,366.45001220703125,353.0,356.70001220703125,350.8328552246094,14745
2015-08-11,357.5,361.70001220703125,341.1000061035156,345.0,339.32525634765625,7283
2015-08-12,346.79998779296875,355.04998779296875,331.45001220703125,336.45001220703125,330.91595458984375,22371
2015-08-13,347.8999938964844,353.04998779296875,338.20001220703125,342.5,336.8664245605469,15856
2015-08-14,349.3500061035156,349.3500061035156,338.0,338.5,332.9322204589844,158918
2015-08-17,339.95001220703125,342.8999938964844,320.04998779296875,323.20001220703125,317.88385009765625,22988
2015-08-18,326.0,334.25,315.0,317.1499938964844,311.933349609375,21415
2015-08-19,323.45001220703125,331.0,318.1000061035156,321.1000061035156,315.81842041015625,76545
2015-08-20,327.0,330.79998779296875,319.1499938964844,327.45001220703125,322.06396484375,7734
2015-08-21,323.0,326.8999938964844,310.0,324.45001220703125,319.1133117675781,5322
2015-08-24,319.0,319.0,295.0,302.3500061035156,297.3768310546875,44721
2015-08-25,308.29998779296875,308.29998779296875,260.79998779296875,291.0,286.2135009765625,53922
2015-08-26,311.95001220703125,311.95001220703125,286.0,303.6000061035156,298.60626220703125,8703
2015-08-27,315.0,315.0,302.0,309.54998779296875,304.4583740234375,3689
2015-08-28,312.04998779296875,325.0,297.25,304.75,299.7373046875,39128
2015-08-31,310.0,315.0,296.29998779296875,305.04998779296875,300.0323791503906,7691
2015-09-01,303.04998779296875,314.20001220703125,291.29998779296875,298.6000061035156,293.6885070800781,11359
2015-09-02,304.95001220703125,305.0,288.0,289.5,284.7381896972656,25813
2015-09-03,298.04998779296875,304.8999938964844,293.29998779296875,298.29998779296875,293.3934020996094,5128
2015-09-04,304.79998779296875,304.79998779296875,274.5,277.95001220703125,273.378173828125,35615
2015-09-07,300.0,300.0,254.8000030517578,264.3500061035156,260.00189208984375,18063
2015-09-08,272.1000061035156,273.6499938964844,252.5,258.8500061035156,254.5923309326172,39988
2015-09-09,262.0,281.70001220703125,260.3500061035156,269.6000061035156,265.16546630859375,45155
2015-09-10,268.3500061035156,279.95001220703125,258.0,278.45001220703125,273.86993408203125,6867
2015-09-11,278.45001220703125,291.5,271.5,274.95001220703125,270.4275207519531,34649
2015-09-14,275.0,285.3999938964844,271.6000061035156,280.25,275.64031982421875,4212
2015-09-15,284.79998779296875,286.04998779296875,272.0,275.54998779296875,271.50201416015625,3879
2015-09-16,275.04998779296875,283.5,272.54998779296875,275.6499938964844,271.6005554199219,7714
2015-09-18,273.29998779296875,296.29998779296875,273.29998779296875,290.29998779296875,286.03533935546875,9728
2015-09-21,287.0,296.0,268.5,274.6499938964844,270.615234375,229002
2015-09-22,278.0,283.75,269.79998779296875,272.04998779296875,268.0534362792969,8357
2015-09-23,273.0,274.54998779296875,263.79998779296875,271.0,267.0188903808594,5568
2015-09-24,269.0,276.75,267.0,271.54998779296875,267.560791015625,1812
2015-09-28,273.3500061035156,273.3500061035156,263.0,264.1499938964844,260.2695007324219,3038
2015-09-29,269.8500061035156,278.0,262.3999938964844,273.0,268.9894714355469,11440
2015-09-30,278.70001220703125,293.0,270.25,290.5,286.232421875,10608
2015-10-01,292.04998779296875,304.0,292.0,292.6000061035156,288.3015441894531,15697
2015-10-05,297.79998779296875,299.0,282.5,287.45001220703125,283.2272033691406,239620
2015-10-06,295.0,310.0,292.0,306.1000061035156,301.60321044921875,17182
2015-10-07,305.0,331.8999938964844,303.0,319.1000061035156,314.4122314453125,40433
2015-10-08,320.0,329.95001220703125,320.0,325.75,320.9645690917969,17524
2015-10-09,323.0,342.0,323.0,333.8999938964844,328.9948425292969,13958
2015-10-12,333.8999938964844,343.0,330.1000061035156,333.3999938964844,328.5021667480469,6452
2015-10-13,335.0,343.0,335.0,341.20001220703125,336.1876220703125,12286
2015-10-14,336.04998779296875,347.0,328.5,345.95001220703125,340.8677978515625,25996
2015-10-15,346.25,355.5,336.04998779296875,350.45001220703125,345.30169677734375,24089
2015-10-16,351.04998779296875,364.0,343.95001220703125,362.70001220703125,357.37176513671875,28393
2015-10-19,351.29998779296875,358.95001220703125,343.45001220703125,346.25,341.16339111328125,54884
2015-10-20,349.95001220703125,352.0,340.45001220703125,343.75,338.70013427734375,34973
2015-10-21,347.0,348.3999938964844,333.3999938964844,339.6499938964844,334.66033935546875,56908
2015-10-23,340.29998779296875,357.79998779296875,340.0,344.5,339.4390869140625,19768
2015-10-26,349.0,351.95001220703125,343.0,345.20001220703125,340.12884521484375,32160
2015-10-27,342.0,347.0,335.29998779296875,338.54998779296875,333.5765075683594,6112
2015-10-28,339.75,344.0,330.0,334.29998779296875,329.3889465332031,30561
2015-10-29,336.0,338.8999938964844,325.1499938964844,329.8500061035156,325.00433349609375,3474
2015-10-30,338.95001220703125,339.5,325.0,329.3999938964844,324.5609436035156,50010
2015-11-02,329.8999938964844,333.0,323.54998779296875,328.3999938964844,323.57562255859375,36295
2015-11-03,328.95001220703125,330.1000061035156,321.0,322.3999938964844,317.66375732421875,10666
2015-11-04,324.0,329.3999938964844,321.20001220703125,322.1000061035156,317.3681945800781,13029
2015-11-05,333.0,333.0,311.0,312.6499938964844,308.0570373535156,4256
2015-11-06,314.0,319.5,305.6000061035156,310.20001220703125,305.64300537109375,6571
2015-11-09,308.0,309.95001220703125,300.0,307.54998779296875,303.03192138671875,2767
2015-11-10,305.0,316.0,300.0,312.75,308.1555480957031,36912
2015-11-13,329.8999938964844,329.8999938964844,312.6000061035156,319.20001220703125,314.5107727050781,12232
2015-11-16,315.0,325.3500061035156,307.54998779296875,319.20001220703125,314.5107727050781,14891
2015-11-17,317.04998779296875,321.70001220703125,312.20001220703125,317.8999938964844,313.2298583984375,5195
2015-11-18,318.04998779296875,321.95001220703125,306.1499938964844,310.95001220703125,306.3819885253906,23727
2015-11-19,318.95001220703125,323.0,310.6000061035156,320.3999938964844,315.6931457519531,16924
2015-11-20,324.3999938964844,335.8999938964844,320.29998779296875,328.3500061035156,323.5263671875,16850
2015-11-23,330.04998779296875,343.0,330.0,333.3999938964844,328.5021667480469,30540
2015-11-24,339.8500061035156,341.04998779296875,326.1000061035156,330.6000061035156,325.7433166503906,40532
2015-11-26,330.20001220703125,334.5,323.6000061035156,328.20001220703125,323.3785705566406,44933
2015-11-27,325.6499938964844,335.0,321.54998779296875,331.8999938964844,327.0242004394531,13988
2015-11-30,333.79998779296875,334.3500061035156,325.0,330.25,325.3984680175781,8279
2015-12-01,333.0,342.0,332.95001220703125,334.8500061035156,329.9308776855469,9378
2015-12-02,335.54998779296875,338.04998779296875,330.25,332.8500061035156,327.96026611328125,9348
2015-12-03,330.04998779296875,335.0,326.1000061035156,327.8999938964844,323.08294677734375,8945
2015-12-04,334.8500061035156,335.0,316.04998779296875,318.79998779296875,314.11663818359375,30235
2015-12-07,319.6000061035156,328.70001220703125,319.6000061035156,327.70001220703125,322.88592529296875,24507
2015-12-08,328.8999938964844,331.0,322.25,324.45001220703125,319.6836853027344,12566
2015-12-09,322.1499938964844,329.3999938964844,314.70001220703125,323.1000061035156,318.3535461425781,10634
2015-12-10,324.45001220703125,328.8999938964844,320.0,324.70001220703125,319.92999267578125,4758
2015-12-11,324.1000061035156,333.79998779296875,307.54998779296875,310.3500061035156,305.7908020019531,10920
2015-12-14,315.0,317.8999938964844,310.0,311.95001220703125,307.3672790527344,3370
2015-12-15,316.95001220703125,318.79998779296875,311.20001220703125,317.25,312.5894470214844,2289
2015-12-16,319.04998779296875,321.3500061035156,308.45001220703125,316.3500061035156,311.7026672363281,5559
2015-12-17,324.8500061035156,324.8500061035156,315.0,320.8500061035156,316.1365661621094,2874
2015-12-18,351.1000061035156,355.0,335.3500061035156,338.1499938964844,333.182373046875,596282
2015-12-21,340.29998779296875,343.5,332.0,338.3500061035156,333.37945556640625,70550
2015-12-22,337.8999938964844,342.0,332.5,334.1499938964844,329.24114990234375,23309
2015-12-23,335.8999938964844,339.8999938964844,325.0,328.6000061035156,323.7726745605469,25223
2015-12-24,330.0,332.6000061035156,318.25,321.6499938964844,316.9247741699219,21102
2015-12-28,324.04998779296875,324.04998779296875,311.0,313.75,309.1408386230469,20540
2015-12-29,313.75,322.0,312.04998779296875,314.45001220703125,309.8305969238281,17396
2015-12-30,319.0,322.0,313.0,313.8999938964844,309.28863525390625,9259
2015-12-31,315.04998779296875,317.95001220703125,308.6000061035156,311.1000061035156,306.52978515625,9736
2016-01-01,308.1499938964844,323.0,308.1000061035156,319.1499938964844,314.46148681640625,14417
2016-01-04,322.75,322.75,310.25,312.25,307.6628723144531,14210
2016-01-05,317.0,317.70001220703125,312.0,313.25,308.6481628417969,9378
2016-01-06,317.8999938964844,321.8999938964844,312.1499938964844,317.79998779296875,313.1313171386719,11783
2016-01-07,315.0,316.75,309.95001220703125,311.6000061035156,307.0224304199219,15260
2016-01-08,315.0,315.0,308.6000061035156,314.79998779296875,310.1753845214844,6980
2016-01-11,314.95001220703125,314.95001220703125,308.0,311.95001220703125,307.3672790527344,5673
2016-01-12,315.0,315.0,300.0,303.04998779296875,298.5980224609375,7973
2016-01-13,304.6000061035156,309.1000061035156,286.70001220703125,297.3999938964844,293.0310363769531,17430
2016-01-14,297.3999938964844,304.0,288.0,301.0,296.57818603515625,8223
2016-01-15,308.0,308.0,292.0,294.5,290.17364501953125,8196
2016-01-18,312.0,312.0,275.0,278.04998779296875,273.9653015136719,17809
2016-01-19,280.0,297.95001220703125,268.25,290.1499938964844,285.88751220703125,15045
2016-01-20,289.0,289.0,276.1499938964844,280.5,276.37933349609375,13057
2016-01-21,286.0,286.0,275.54998779296875,276.5,272.4380798339844,3605
2016-01-22,284.0,285.0,277.0,278.95001220703125,274.8520812988281,4364
2016-01-25,290.0,290.0,276.1499938964844,279.25,275.1476745605469,18995
2016-01-27,281.29998779296875,285.0,275.04998779296875,279.5,275.3940124511719,3065
2016-01-28,275.0,283.8999938964844,273.6000061035156,276.0,271.9454040527344,7163
2016-01-29,281.95001220703125,282.79998779296875,277.1000061035156,279.04998779296875,274.95062255859375,1992
2016-02-01,280.04998779296875,287.0,277.0,278.20001220703125,274.1131286621094,3418
2016-02-02,279.0,283.0,276.0,278.6000061035156,274.5072021484375,5054
2016-02-03,275.0,275.1499938964844,269.5,270.75,266.77252197265625,10114
2016-02-04,270.0,274.75,262.3500061035156,267.29998779296875,263.37322998046875,59129
2016-02-05,266.3500061035156,272.0,263.0,268.0,264.06292724609375,5742
2016-02-08,273.95001220703125,274.0,262.0,264.1499938964844,260.2695007324219,120758
2016-02-09,260.04998779296875,267.45001220703125,260.04998779296875,262.6499938964844,258.79150390625,14631
2016-02-10,264.04998779296875,264.5,258.5,259.3999938964844,255.58924865722656,79832
2016-02-11,262.0,262.0,240.10000610351562,245.9499969482422,242.33685302734375,7532
2016-02-12,246.0,246.3000030517578,230.75,235.14999389648438,231.6955108642578,39511
2016-02-15,238.0500030517578,248.8000030517578,235.10000610351562,236.35000610351562,232.87791442871094,22248
2016-02-16,240.0500030517578,240.0500030517578,225.5,228.1999969482422,224.8476104736328,7322
2016-02-17,231.0,231.0,219.5,220.75,217.50706481933594,5061
2016-02-18,222.0,232.0,216.4499969482422,219.39999389648438,216.17689514160156,8972
2016-02-19,224.89999389648438,228.6999969482422,218.0,220.4499969482422,217.21145629882812,9751
2016-02-22,228.89999389648438,244.89999389648438,221.3000030517578,230.1999969482422,226.8182373046875,30833
2016-02-23,230.64999389648438,237.89999389648438,220.25,224.60000610351562,221.30052185058594,26755
2016-02-24,221.0500030517578,223.8000030517578,216.0,216.60000610351562,213.4180450439453,21117
2016-02-25,222.9499969482422,222.9499969482422,209.0,210.4499969482422,207.35836791992188,28966
2016-02-26,212.0,217.9499969482422,198.64999389648438,199.75,196.81556701660156,127710
2016-02-29,202.85000610351562,203.0,185.0,196.35000610351562,193.4655303955078,42827
2016-03-01,198.9499969482422,211.14999389648438,195.0,209.75,206.66868591308594,57824
2016-03-02,215.0,219.6999969482422,211.0,214.89999389648438,211.7429962158203,21780
2016-03-03,220.0500030517578,223.0,215.0,217.4499969482422,214.2555389404297,43216
2016-03-04,216.0500030517578,227.60000610351562,213.0500030517578,223.9499969482422,220.66006469726562,65136
2016-03-08,221.0,225.9499969482422,214.10000610351562,216.35000610351562,213.1717071533203,26427
2016-03-09,217.5500030517578,222.35000610351562,215.14999389648438,216.3000030517578,213.12245178222656,19868
2016-03-10,222.9499969482422,233.14999389648438,212.6999969482422,215.0,211.84152221679688,70510
2016-03-11,214.10000610351562,217.0,208.3000030517578,209.8000030517578,206.71792602539062,39768
2016-03-14,212.0500030517578,224.0,212.0,221.5,218.24606323242188,42843
2016-03-15,223.0,230.0,220.1999969482422,223.10000610351562,219.8225555419922,118817
2016-03-16,220.0,224.8000030517578,212.0,216.8000030517578,213.61509704589844,41203
2016-03-17,223.9499969482422,224.0,214.89999389648438,217.10000610351562,213.91070556640625,26518
2016-03-18,220.9499969482422,229.0,218.0,225.25,221.9409637451172,15560
2016-03-21,224.85000610351562,240.0,221.39999389648438,235.85000610351562,232.38525390625,33556
2016-03-22,235.85000610351562,251.0,231.35000610351562,248.35000610351562,244.7016143798828,25778
2016-03-23,246.1999969482422,249.0,232.35000610351562,238.9499969482422,235.439697265625,22004
2016-03-28,240.35000610351562,248.0,237.5,244.14999389648438,240.56329345703125,12156
2016-03-29,242.0,250.0,241.0,249.0,245.34205627441406,12495
2016-03-30,250.0,255.0,247.1999969482422,253.35000610351562,249.62815856933594,18723
2016-03-31,254.9499969482422,259.0,244.9499969482422,253.89999389648438,250.17005920410156,22901
2016-04-01,253.9499969482422,258.79998779296875,236.14999389648438,237.8000030517578,234.3065948486328,86139
2016-04-04,239.6999969482422,250.0,238.5,247.89999389648438,244.25820922851562,25333
2016-04-05,245.0500030517578,247.60000610351562,239.0,242.39999389648438,238.83900451660156,23712
2016-04-06,242.39999389648438,249.6999969482422,241.0500030517578,245.14999389648438,241.5486297607422,8062
2016-04-07,245.14999389648438,248.85000610351562,239.35000610351562,240.64999389648438,237.11471557617188,21351
2016-04-08,242.10000610351562,244.5500030517578,230.10000610351562,240.60000610351562,237.06546020507812,17298
2016-04-11,241.5500030517578,250.89999389648438,241.5500030517578,246.25,242.6324462890625,16493
2016-04-12,247.9499969482422,250.0,246.0,247.75,244.1104278564453,11340
2016-04-13,249.89999389648438,261.8999938964844,243.10000610351562,247.4499969482422,243.8148193359375,33992
2016-04-18,249.4499969482422,255.0,245.0,246.25,242.6324462890625,12074
2016-04-20,260.1000061035156,264.6000061035156,248.3000030517578,250.25,246.5736846923828,96758
2016-04-21,252.5500030517578,255.8000030517578,250.60000610351562,254.5500030517578,250.81051635742188,33190
2016-04-22,256.95001220703125,295.0,254.0,278.0,273.916015625,307007
2016-04-25,279.0,280.70001220703125,267.0,271.29998779296875,267.314453125,45971
2016-04-26,264.8500061035156,275.0,264.5,269.8500061035156,265.8857421875,23391
2016-04-27,272.75,275.8500061035156,268.0,271.04998779296875,267.0681457519531,15240
2016-04-28,274.45001220703125,274.5,265.1000061035156,266.79998779296875,262.88055419921875,14363
2016-04-29,265.0,271.95001220703125,264.0,265.3500061035156,261.451904296875,7260
2016-05-02,265.3500061035156,272.25,259.5,264.0,260.1217041015625,14024
2016-05-03,264.0,269.0,258.6000061035156,262.04998779296875,258.20037841796875,8728
2016-05-04,258.0,275.0,258.0,267.54998779296875,263.6195068359375,24501
2016-05-05,268.0,278.04998779296875,267.1499938964844,276.25,272.1917419433594,21644
2016-05-06,271.29998779296875,274.95001220703125,267.0,268.70001220703125,264.752685546875,7527
2016-05-09,274.95001220703125,274.95001220703125,266.3500061035156,267.95001220703125,264.01373291015625,4665
2016-05-10,268.0,271.8999938964844,264.0,265.04998779296875,261.15625,22191
2016-05-11,265.04998779296875,269.0,265.0,265.29998779296875,261.402587890625,5476
2016-05-12,268.8999938964844,275.54998779296875,264.25,274.95001220703125,270.9108581542969,36522
2016-05-13,275.0,278.0,268.25,270.1499938964844,266.18133544921875,5869
2016-05-16,269.95001220703125,271.79998779296875,265.1000061035156,269.1000061035156,265.14678955078125,13506
2016-05-17,277.75,277.75,268.1499938964844,270.1499938964844,266.18133544921875,22229
2016-05-18,269.04998779296875,272.0,266.0,268.75,264.80194091796875,16191
2016-05-19,267.5,271.95001220703125,263.3999938964844,265.04998779296875,261.15625,10092
2016-05-20,265.0,276.0,262.3500061035156,265.0,261.1070251464844,10019
2016-05-23,267.1000061035156,269.95001220703125,260.0,262.8500061035156,258.9886169433594,17211
2016-05-24,260.45001220703125,264.5,258.8500061035156,264.04998779296875,260.1709289550781,12412
2016-05-25,268.29998779296875,274.70001220703125,264.25,264.54998779296875,260.66357421875,16829
2016-05-26,272.79998779296875,272.79998779296875,260.1499938964844,270.45001220703125,266.4769287109375,106146
2016-05-27,280.0,280.0,270.0,270.29998779296875,266.3291320800781,9451
2016-05-30,274.8500061035156,276.8999938964844,270.20001220703125,276.0,271.9454040527344,9046
2016-05-31,276.04998779296875,276.04998779296875,268.95001220703125,273.0,268.9894714355469,43476
2016-06-01,273.0,278.8999938964844,272.0,275.1000061035156,271.0586853027344,7562
2016-06-02,277.8500061035156,279.0,266.3500061035156,269.5,265.5408935546875,8128
2016-06-03,271.95001220703125,272.0,263.45001220703125,269.95001220703125,265.9842834472656,20009
2016-06-06,269.0,271.8999938964844,257.20001220703125,260.25,256.42681884765625,7917
2016-06-07,262.54998779296875,272.3999938964844,262.5,265.6499938964844,261.74749755859375,18258
2016-06-08,267.75,270.04998779296875,262.79998779296875,265.3999938964844,261.5011291503906,32103
2016-06-09,267.79998779296875,274.5,266.95001220703125,272.1499938964844,268.1519470214844,16371
2016-06-10,271.04998779296875,286.3999938964844,268.1000061035156,275.1499938964844,271.10791015625,11656
2016-06-13,278.0,278.0,268.25,270.29998779296875,266.3291320800781,16563
2016-06-14,270.75,277.0,270.0,275.29998779296875,271.25567626953125,5480
2016-06-15,276.04998779296875,279.6499938964844,271.3500061035156,273.5,269.4821472167969,9824
2016-06-16,271.3999938964844,276.0,270.0,270.95001220703125,266.9696044921875,3597
2016-06-17,271.0,278.79998779296875,271.0,276.54998779296875,272.4873352050781,5556
2016-06-20,275.0,279.0,270.54998779296875,272.8999938964844,268.8909606933594,5445
2016-06-21,273.0,278.45001220703125,271.29998779296875,275.25,271.2064208984375,3232
2016-06-22,275.04998779296875,284.5,275.0,278.95001220703125,274.8520812988281,11454
2016-06-23,279.0,283.79998779296875,271.3500061035156,272.6499938964844,268.6446228027344,12697
2016-06-24,268.0,275.0,267.0,270.5,266.5262145996094,211729
2016-06-27,270.3500061035156,275.5,264.0,265.8999938964844,261.9937744140625,19445
2016-06-28,267.3500061035156,271.0,263.0,264.79998779296875,260.9099426269531,13903
2016-06-29,264.79998779296875,272.75,259.75,261.8999938964844,258.05255126953125,93627
2016-06-30,263.8999938964844,266.8500061035156,261.3500061035156,265.29998779296875,261.402587890625,15421
2016-07-01,266.1000061035156,273.0,265.25,271.3500061035156,267.3637390136719,15945
2016-07-04,272.0,281.0,268.25,276.70001220703125,272.6351318359375,23512
2016-07-05,277.0,304.8999938964844,272.20001220703125,290.6000061035156,286.3309631347656,62835
2016-07-07,290.8999938964844,324.20001220703125,290.8999938964844,309.3500061035156,304.80548095703125,97676
2016-07-08,309.3500061035156,314.3999938964844,302.0,306.95001220703125,302.4407653808594,113990
2016-07-11,308.1000061035156,313.5,302.70001220703125,306.70001220703125,302.1944274902344,8915
2016-07-12,305.1499938964844,313.25,304.29998779296875,310.20001220703125,305.64300537109375,24269
2016-07-13,306.54998779296875,317.0,306.04998779296875,307.04998779296875,302.53924560546875,5958
2016-07-14,303.3500061035156,309.8500061035156,301.3500061035156,303.54998779296875,299.0906677246094,4900
2016-07-15,307.0,308.8500061035156,301.1000061035156,304.6499938964844,300.1745300292969,20441
2016-07-18,306.45001220703125,308.95001220703125,290.0,294.75,290.4199523925781,7495
2016-07-19,296.0,303.8500061035156,292.3500061035156,296.95001220703125,292.587646484375,5988
2016-07-20,301.95001220703125,302.0,293.54998779296875,296.3999938964844,292.0457458496094,5182
2016-07-21,301.95001220703125,302.0,295.1000061035156,299.45001220703125,295.0509033203125,13551
2016-07-22,303.8999938964844,307.95001220703125,298.04998779296875,299.95001220703125,295.5435791015625,18584
2016-07-25,299.0,303.8999938964844,297.3500061035156,301.29998779296875,296.8737487792969,4942
2016-07-26,303.5,314.0,297.1000061035156,310.1000061035156,305.5444641113281,45016
2016-07-27,313.20001220703125,317.0,300.3999938964844,304.54998779296875,300.07598876953125,23270
2016-07-28,305.0,312.0,298.3500061035156,306.70001220703125,302.1944274902344,53421
2016-07-29,309.20001220703125,314.3500061035156,303.1499938964844,305.3500061035156,300.8642272949219,7419
2016-08-01,310.0,316.0,305.3500061035156,314.54998779296875,309.9290771484375,12803
2016-08-02,315.8999938964844,315.8999938964844,302.6000061035156,305.6499938964844,301.1598205566406,11174
2016-08-03,305.0,309.0,298.3500061035156,300.25,295.8392028808594,2903
2016-08-04,298.0,302.0,288.0,293.1000061035156,288.7942199707031,28597
2016-08-05,299.70001220703125,299.70001220703125,295.0,295.95001220703125,291.60235595703125,3584
2016-08-08,299.0,315.0,298.5,309.04998779296875,304.5098876953125,12008
2016-08-09,306.0,311.8500061035156,295.0,300.8500061035156,296.43035888671875,18347
2016-08-10,298.0,302.8999938964844,298.0,301.3500061035156,296.92303466796875,4380
2016-08-11,297.0,300.0,295.0,299.54998779296875,295.1494445800781,10129
2016-08-12,303.8999938964844,303.8999938964844,295.54998779296875,298.8999938964844,294.50897216796875,13889
2016-08-16,297.1499938964844,301.0,294.25,295.75,291.4052734375,9036
2016-08-17,294.0,301.8999938964844,294.0,295.04998779296875,290.7155456542969,11749
2016-08-18,297.0,298.8500061035156,295.0,295.5,291.1589660644531,3443
2016-08-19,296.0,302.79998779296875,296.0,296.20001220703125,291.8486633300781,33424
2016-08-22,300.5,301.79998779296875,292.3500061035156,294.95001220703125,290.6170349121094,40225
2016-08-23,293.6000061035156,304.8500061035156,292.0,301.20001220703125,296.77520751953125,8896
2016-08-24,300.0,302.0,296.5,298.6499938964844,294.2626647949219,2452
2016-08-25,305.0,305.0,298.25,299.6499938964844,295.2479553222656,13301
2016-08-26,303.3999938964844,303.5,298.5,300.6499938964844,296.2332763671875,9469
2016-08-29,298.0,301.0,295.04998779296875,296.25,291.8979187011719,2026
2016-08-30,294.6000061035156,299.6499938964844,291.6000061035156,293.45001220703125,289.1390686035156,22890
2016-08-31,296.3999938964844,319.6000061035156,291.54998779296875,313.0,308.40185546875,80330
2016-09-01,311.0,313.79998779296875,304.0,304.70001220703125,300.2237854003906,13251
2016-09-02,307.0,334.5,307.0,327.3999938964844,322.5903015136719,98450
2016-09-06,326.0,349.0,320.1000061035156,344.8999938964844,339.8332214355469,91274
2016-09-07,344.25,363.04998779296875,344.25,355.75,350.5238342285156,395714
2016-09-08,357.0,362.0,349.04998779296875,350.8500061035156,345.6958312988281,34947
2016-09-09,347.6000061035156,355.95001220703125,341.6000061035156,349.45001220703125,344.8077697753906,34804
2016-09-12,343.29998779296875,348.0,336.0,337.20001220703125,332.72052001953125,21725
2016-09-14,335.1499938964844,344.1000061035156,334.25,335.25,330.7964172363281,8786
2016-09-15,348.70001220703125,348.70001220703125,330.20001220703125,337.8500061035156,333.36187744140625,28105
2016-09-16,351.3500061035156,354.0,332.0,332.75,328.3296203613281,11256
2016-09-19,336.45001220703125,337.0,327.3500061035156,328.95001220703125,324.5801086425781,22135
2016-09-20,335.75,335.75,327.1000061035156,330.29998779296875,325.91217041015625,30805
2016-09-21,335.0,344.0,334.54998779296875,335.6499938964844,331.19110107421875,19815
2016-09-22,337.0,341.95001220703125,335.0,337.45001220703125,332.96722412109375,11033
2016-09-23,336.1499938964844,341.8999938964844,335.04998779296875,338.75,334.24993896484375,7160
2016-09-26,336.1499938964844,339.75,336.0,338.0,333.5098876953125,7096
2016-09-27,334.0,338.95001220703125,331.6499938964844,334.6499938964844,330.2043762207031,17014
2016-09-28,334.5,338.0,333.3500061035156,337.20001220703125,332.72052001953125,23188
2016-09-29,338.0,339.95001220703125,303.6000061035156,319.6000061035156,315.35430908203125,29237
2016-09-30,315.70001220703125,337.6000061035156,315.70001220703125,331.1499938964844,326.7508850097656,8304
2016-10-03,332.0,344.20001220703125,328.1000061035156,337.04998779296875,332.5724792480469,53384
2016-10-04,334.54998779296875,343.0,329.04998779296875,333.70001220703125,329.2669982910156,8428
2016-10-05,333.20001220703125,337.8999938964844,330.0,331.04998779296875,326.6521911621094,7987
2016-10-06,330.0,344.75,330.0,334.3999938964844,329.95770263671875,14271
2016-10-07,341.95001220703125,341.95001220703125,331.3500061035156,335.1000061035156,330.6484069824219,3479
2016-10-10,334.25,344.0,334.25,341.25,336.7167053222656,4407
2016-10-13,334.75,344.0,333.0,342.1000061035156,337.5554504394531,13317
2016-10-14,337.54998779296875,343.8999938964844,335.0,340.54998779296875,336.0260009765625,5193
2016-10-17,341.0,341.0,335.0,335.1000061035156,330.6484069824219,3743
2016-10-18,339.8500061035156,340.0,320.0,322.6000061035156,318.3144836425781,31116
2016-10-19,321.70001220703125,326.5,316.54998779296875,326.0,321.6692810058594,9971
2016-10-20,329.70001220703125,333.6000061035156,322.0,329.0,324.62945556640625,10626
2016-10-21,334.0,334.0,324.0,328.54998779296875,324.1854248046875,3996
2016-10-24,332.0,334.5,325.0,330.04998779296875,325.66546630859375,5029
2016-10-25,326.6499938964844,335.0,326.6499938964844,332.95001220703125,328.5269775390625,3642
2016-10-26,328.0,331.0,325.3500061035156,329.45001220703125,325.073486328125,5683
2016-10-27,325.79998779296875,337.6499938964844,325.79998779296875,329.5,325.122802734375,8518
2016-10-28,329.1499938964844,329.75,327.0,327.3500061035156,323.0013427734375,3331
2016-11-01,327.0,329.70001220703125,322.0,325.0,320.68255615234375,4560
2016-11-02,320.0,325.0,318.54998779296875,323.1000061035156,318.8078308105469,3799
2016-11-03,321.3999938964844,328.0,321.3999938964844,324.0,319.69586181640625,4336
2016-11-04,318.0,327.0,318.0,320.6499938964844,316.3903503417969,9025
2016-11-07,328.29998779296875,336.0,324.0,328.04998779296875,323.6920471191406,9814
2016-11-08,326.6499938964844,326.6499938964844,319.8500061035156,321.25,316.9823913574219,4293
2016-11-09,299.5,322.0,262.5,316.25,312.048828125,7201
2016-11-10,329.0,329.95001220703125,313.29998779296875,318.1000061035156,313.8742370605469,5186
2016-11-11,323.5,323.5,302.1499938964844,309.1000061035156,304.9938049316406,8201
2016-11-15,308.04998779296875,313.79998779296875,287.25,298.3999938964844,294.4359130859375,3513
2016-11-16,306.0,324.75,287.20001220703125,315.79998779296875,311.60479736328125,15265
2016-11-17,315.79998779296875,334.8999938964844,303.25,320.6499938964844,316.3903503417969,35281
2016-11-18,315.0,325.04998779296875,305.0,306.45001220703125,302.3789978027344,3253
2016-11-21,306.0,307.5,291.6000061035156,295.8999938964844,291.96917724609375,7864
2016-11-22,300.0,309.8999938964844,282.54998779296875,296.45001220703125,292.5118713378906,7128
2016-11-23,298.0,298.0,284.3500061035156,292.3999938964844,288.5156555175781,24438
2016-11-24,296.0,297.8500061035156,285.3500061035156,288.95001220703125,285.11151123046875,3055
2016-11-25,286.0,305.0,286.0,289.75,285.9008483886719,25552
2016-11-28,293.0,317.5,290.0,311.1000061035156,306.96722412109375,3966
2016-11-29,310.6000061035156,314.29998779296875,305.0,305.54998779296875,301.4909362792969,1390
2016-11-30,312.0,312.0,302.25,304.0,299.9615478515625,3071
2016-12-01,308.0,308.0,302.1000061035156,305.3500061035156,301.2936096191406,1128
2016-12-02,301.5,308.8999938964844,294.1499938964844,298.70001220703125,294.73199462890625,375048
2016-12-05,303.5,303.5,283.54998779296875,296.79998779296875,292.857177734375,37440
2016-12-06,295.6499938964844,298.95001220703125,290.29998779296875,292.04998779296875,288.1702880859375,6389
2016-12-07,293.04998779296875,297.8500061035156,292.5,292.70001220703125,288.8116760253906,4099
2016-12-08,295.5,316.0,293.5,294.3500061035156,290.43975830078125,16483
2016-12-09,299.0,299.0,290.3500061035156,292.54998779296875,288.6636657714844,10467
2016-12-12,290.70001220703125,295.29998779296875,288.0,290.54998779296875,286.69024658203125,6890
2016-12-13,289.1000061035156,290.0,285.0,286.3999938964844,282.5953674316406,8285
2016-12-14,285.0,290.0,281.5,282.5,278.74713134765625,5155
2016-12-15,281.0,288.0,277.3500061035156,283.1499938964844,279.3885192871094,8335
2016-12-16,280.0,282.0,273.5,276.45001220703125,272.7775573730469,4019
2016-12-19,277.5,278.70001220703125,276.0,276.3500061035156,272.6788635253906,1126
2016-12-20,281.6000061035156,281.6000061035156,271.20001220703125,272.5,268.8800048828125,1680
2016-12-21,275.0,279.8999938964844,275.0,277.79998779296875,274.1095886230469,2255
2016-12-22,275.04998779296875,278.6499938964844,275.0,275.20001220703125,271.5441589355469,1827
2016-12-23,277.3999938964844,277.3999938964844,272.0,275.1000061035156,271.44549560546875,2606
2016-12-26,273.0,273.0,262.6499938964844,263.8999938964844,260.3942565917969,2152
2016-12-27,263.1499938964844,270.0,263.1499938964844,266.8999938964844,263.3544006347656,1947
2016-12-28,266.0,267.0,263.5,264.79998779296875,261.28228759765625,5817
2016-12-29,266.6499938964844,275.0,263.0,271.1000061035156,267.4986267089844,5674
2016-12-30,268.20001220703125,301.0,268.1499938964844,293.45001220703125,289.55169677734375,47003
2017-01-02,295.0,295.0,285.04998779296875,286.3500061035156,282.5460205078125,3121
2017-01-03,285.1000061035156,291.0,283.0,283.6499938964844,279.88189697265625,15074
2017-01-04,282.0,288.8999938964844,282.0,286.5,282.69403076171875,1759
2017-01-05,283.20001220703125,289.70001220703125,283.20001220703125,288.1499938964844,284.32208251953125,3972
2017-01-06,285.8500061035156,289.3999938964844,285.0,285.95001220703125,282.1513671875,1372
2017-01-09,286.3999938964844,292.0,280.29998779296875,281.6000061035156,277.859130859375,3903
2017-01-10,283.0,295.0,283.0,290.0,286.1475524902344,11093
2017-01-11,295.0,299.0,290.04998779296875,296.75,292.807861328125,6868
2017-01-12,293.0,302.0,293.0,298.3500061035156,294.3865966796875,3200
2017-01-13,300.0,302.0,284.1000061035156,289.79998779296875,285.9501647949219,3572
2017-01-16,288.8500061035156,295.0,287.0,288.8500061035156,285.0127868652344,3474
2017-01-17,294.95001220703125,294.95001220703125,291.5,291.54998779296875,287.67694091796875,1620
2017-01-18,289.0,295.0,285.0,290.0,286.1475524902344,1649
2017-01-19,291.04998779296875,293.0,289.0,292.0,288.1209411621094,13572
2017-01-20,297.8999938964844,299.0,280.0,281.5,277.76043701171875,5182
2017-01-23,277.3999938964844,286.0,277.3999938964844,282.75,278.99383544921875,8357
2017-01-24,282.75,285.0,279.0,282.3500061035156,278.59918212890625,54503
2017-01-25,289.95001220703125,327.95001220703125,281.29998779296875,308.20001220703125,304.1058044433594,45694
2017-01-27,311.5,324.79998779296875,311.0,318.3500061035156,314.12091064453125,54675
2017-01-30,316.1000061035156,316.1000061035156,311.0,311.1000061035156,306.96722412109375,2021
2017-01-31,316.0,324.0,308.0,310.3999938964844,306.2765197753906,20736
2017-02-01,310.3999938964844,331.5,310.3999938964844,318.79998779296875,314.56494140625,97041
2017-02-02,318.0,328.0,315.0,316.25,312.048828125,19429
2017-02-03,315.1000061035156,320.5,308.70001220703125,310.5,306.375244140625,99159
2017-02-06,312.0,319.0,306.8999938964844,308.6499938964844,304.5497741699219,104912
2017-02-07,310.79998779296875,315.0,305.0,306.8500061035156,302.7737121582031,120751
2017-02-08,308.3999938964844,314.8500061035156,298.5,302.8999938964844,298.87615966796875,18940
2017-02-09,303.5,322.3999938964844,298.6000061035156,311.3500061035156,307.21392822265625,75679
2017-02-10,314.0,314.5,304.70001220703125,305.0,300.9482727050781,367356
2017-02-13,313.8999938964844,313.8999938964844,306.0,307.3999938964844,303.31634521484375,116303
2017-02-14,314.8999938964844,323.8999938964844,307.0,314.6000061035156,310.4207458496094,31134
2017-02-15,319.0,319.0,308.29998779296875,310.6499938964844,306.523193359375,9251
2017-02-16,310.0,316.0,306.0,315.1499938964844,310.96343994140625,9330
2017-02-17,314.0,316.6499938964844,307.6000061035156,308.8999938964844,304.79644775390625,6578
2017-02-20,314.0,315.45001220703125,306.25,311.04998779296875,306.9178771972656,116970
2017-02-21,314.20001220703125,314.20001220703125,307.20001220703125,309.8500061035156,305.7338562011719,9242
2017-02-22,308.0,313.8999938964844,306.5,308.79998779296875,304.69775390625,9825
2017-02-23,305.1000061035156,311.1000061035156,300.75,304.0,299.9615478515625,34477
2017-02-27,305.79998779296875,305.79998779296875,293.6499938964844,295.3999938964844,291.4757995605469,23164
2017-02-28,298.5,305.0,295.0,298.20001220703125,294.2386474609375,11057
2017-03-01,299.0,305.6000061035156,298.6499938964844,299.8999938964844,295.916015625,16614
2017-03-02,297.6000061035156,305.75,297.6000061035156,300.95001220703125,296.95208740234375,7166
2017-03-03,295.0,302.54998779296875,295.0,299.29998779296875,295.323974609375,11754
2017-03-06,299.04998779296875,301.20001220703125,292.04998779296875,294.1000061035156,290.1930847167969,9968
2017-03-07,295.54998779296875,299.70001220703125,288.6000061035156,290.0,286.1475524902344,17198
2017-03-08,293.8500061035156,293.8500061035156,285.5,286.3500061035156,282.5460205078125,12888
2017-03-09,281.54998779296875,291.3500061035156,281.54998779296875,284.5,280.7205810546875,14160
2017-03-10,281.1000061035156,287.3999938964844,273.54998779296875,277.5,273.8135681152344,27174
2017-03-14,281.1499938964844,295.0,280.0,288.25,284.4208068847656,30296
2017-03-15,287.79998779296875,292.70001220703125,286.25,289.25,285.4075012207031,19755
2017-03-16,295.70001220703125,300.29998779296875,291.20001220703125,296.45001220703125,292.5118713378906,59375
2017-03-17,303.1499938964844,305.0,292.0,296.8999938964844,292.9559020996094,12473
2017-03-20,293.54998779296875,313.1499938964844,293.5,311.25,307.115234375,307905
2017-03-21,310.6499938964844,313.95001220703125,298.1000061035156,300.8500061035156,296.8534240722656,16807
2017-03-22,297.1499938964844,304.0,292.3500061035156,300.25,296.2613830566406,24259
2017-03-23,302.0,305.0,298.0,300.1000061035156,296.11334228515625,14129
2017-03-24,299.95001220703125,313.8500061035156,295.04998779296875,312.29998779296875,308.15130615234375,236837
2017-03-27,315.0,319.8999938964844,307.95001220703125,310.79998779296875,306.67120361328125,44347
2017-03-28,312.29998779296875,316.04998779296875,297.45001220703125,300.1000061035156,296.11334228515625,212331
2017-03-29,300.0,315.0,300.0,314.04998779296875,309.8780212402344,34052
2017-03-30,315.0,317.5,310.6000061035156,314.8500061035156,310.6674499511719,20847
2017-03-31,312.75,315.5,304.04998779296875,308.04998779296875,303.9577331542969,56201
2017-04-03,308.0,319.0,305.0,309.70001220703125,305.5858154296875,46706
2017-04-05,310.0,320.20001220703125,305.0,317.20001220703125,312.9862365722656,44184
2017-04-06,313.1499938964844,320.0,313.1499938964844,316.5,312.2955017089844,27770
2017-04-07,316.45001220703125,379.79998779296875,314.3999938964844,370.04998779296875,365.1341247558594,462856
2017-04-10,371.0,390.0,366.54998779296875,377.3999938964844,372.386474609375,157712
2017-04-11,381.70001220703125,394.0,375.29998779296875,385.75,380.62554931640625,90137
2017-04-12,387.79998779296875,393.0,380.04998779296875,383.79998779296875,378.701416015625,40633
2017-04-13,386.0,387.3999938964844,373.1000061035156,378.75,373.71856689453125,24563
2017-04-17,381.0,385.0,376.3500061035156,381.8999938964844,376.8266906738281,25857
2017-04-18,386.0,386.0,366.0,371.1000061035156,366.1701965332031,69026
2017-04-19,375.0,401.79998779296875,367.04998779296875,396.6499938964844,391.3807373046875,122918
2017-04-20,400.20001220703125,407.0,392.75,404.04998779296875,398.68243408203125,131268
2017-04-21,407.95001220703125,410.0,396.20001220703125,401.29998779296875,395.968994140625,37724
2017-04-24,402.79998779296875,402.79998779296875,388.6499938964844,394.3500061035156,389.1112976074219,35157
2017-04-25,399.79998779296875,405.0,392.6499938964844,397.20001220703125,391.9234924316406,39686
2017-04-26,401.6499938964844,404.1000061035156,395.3999938964844,396.1000061035156,390.8380432128906,25273
2017-04-27,394.20001220703125,406.8500061035156,393.1000061035156,403.95001220703125,398.58380126953125,25763
2017-04-28,405.95001220703125,407.0,401.0,404.8500061035156,399.4718322753906,9560
2017-05-02,400.79998779296875,435.5,400.79998779296875,428.1499938964844,422.4622802734375,79193
2017-05-03,429.1000061035156,437.79998779296875,410.5,416.95001220703125,411.4111022949219,64680
2017-05-04,422.0,422.8999938964844,407.0,416.29998779296875,410.76971435546875,26628
2017-05-05,425.0,425.0,399.20001220703125,407.1499938964844,401.7412414550781,17178
2017-05-08,410.79998779296875,410.79998779296875,397.04998779296875,398.8500061035156,393.551513671875,18383
2017-05-09,401.29998779296875,428.0,400.20001220703125,410.04998779296875,404.60272216796875,68046
2017-05-10,413.8999938964844,414.79998779296875,405.04998779296875,409.70001220703125,404.25738525390625,16919
2017-05-11,414.20001220703125,414.45001220703125,407.29998779296875,413.1000061035156,407.61224365234375,13914
2017-05-12,413.1499938964844,413.1499938964844,405.04998779296875,410.0,404.55340576171875,12370
2017-05-15,405.1000061035156,415.79998779296875,404.04998779296875,412.1499938964844,406.67486572265625,15018
2017-05-16,410.0,414.8500061035156,407.95001220703125,411.70001220703125,406.2308349609375,8105
2017-05-17,411.0,427.5,407.0,420.54998779296875,414.9632568359375,25266
2017-05-18,413.0,419.79998779296875,407.20001220703125,415.20001220703125,409.6843566894531,14543
2017-05-19,420.0,420.0,405.25,414.3999938964844,408.89495849609375,30024
2017-05-22,420.0,420.0,408.20001220703125,416.29998779296875,410.76971435546875,11477
2017-05-23,411.04998779296875,418.70001220703125,401.70001220703125,412.6499938964844,407.168212890625,19511
2017-05-24,414.95001220703125,416.95001220703125,399.25,402.29998779296875,396.9556884765625,15506
2017-05-25,402.0,420.0,392.6499938964844,415.6499938964844,410.12835693359375,19429
2017-05-26,412.20001220703125,419.45001220703125,409.0,413.6000061035156,408.1056213378906,8031
2017-05-29,418.79998779296875,424.8500061035156,395.8999938964844,421.25,415.6539611816406,24580
2017-05-30,421.29998779296875,421.29998779296875,407.29998779296875,410.8500061035156,405.39215087890625,5697
2017-05-31,410.3500061035156,420.0,410.0,419.20001220703125,413.6311950683594,35935
2017-06-01,419.0,437.0,412.8500061035156,432.5,426.7545166015625,46700
2017-06-02,445.0,470.0,436.25,460.1000061035156,453.9878845214844,234624
2017-06-05,470.0,476.29998779296875,453.1499938964844,464.25,458.0827331542969,37033
2017-06-06,466.95001220703125,471.5,452.1000061035156,466.8999938964844,460.697509765625,22600
2017-06-07,473.95001220703125,553.7000122070312,469.95001220703125,515.0999755859375,508.2572021484375,252086
2017-06-08,519.8499755859375,535.0,516.9500122070312,520.4000244140625,513.48681640625,44264
2017-06-09,519.0999755859375,539.0,513.0499877929688,534.0499877929688,526.9555053710938,36676
2017-06-12,533.0,534.7000122070312,520.0,520.9500122070312,514.029541015625,8676
2017-06-13,524.0,589.7000122070312,524.0,553.8499755859375,546.4924926757812,211282
2017-06-14,554.0,558.0,532.2000122070312,535.0999755859375,527.991455078125,48461
2017-06-15,535.1500244140625,535.9500122070312,520.0,523.25,516.2989501953125,14639
2017-06-16,518.5499877929688,530.0,499.70001220703125,507.45001220703125,500.7088317871094,29152
2017-06-19,508.0,538.1500244140625,502.04998779296875,528.25,521.2325439453125,52332
2017-06-20,532.9000244140625,557.9000244140625,523.4500122070312,525.25,518.2723388671875,82967
2017-06-21,530.7000122070312,541.25,522.5499877929688,524.6500244140625,517.680419921875,20909
2017-06-22,532.2000122070312,535.25,508.6499938964844,513.9000244140625,507.0732116699219,22071
2017-06-23,515.0,523.0,503.45001220703125,506.25,499.5248107910156,14665
2017-06-27,506.3999938964844,522.0,470.95001220703125,478.29998779296875,471.94610595703125,32124
2017-06-28,476.25,498.70001220703125,466.6499938964844,492.70001220703125,486.1548156738281,13019
2017-06-29,493.0,530.0,486.1499938964844,508.29998779296875,501.54754638671875,84245
2017-06-30,505.04998779296875,520.7999877929688,504.95001220703125,513.5999755859375,506.777099609375,15879
2017-07-03,525.0,525.0,513.2000122070312,515.7000122070312,508.8492736816406,14363
2017-07-04,516.0,538.9000244140625,516.0,530.5,523.45263671875,47314
2017-07-05,536.25,563.7999877929688,527.5999755859375,553.9000244140625,546.5418701171875,75896
2017-07-06,552.7000122070312,569.0999755859375,542.7999877929688,549.4500122070312,542.1509399414062,27455
2017-07-07,553.9000244140625,553.9000244140625,536.0,537.2999877929688,530.1622924804688,31054
2017-07-10,538.0,564.9500122070312,533.0,537.0,529.8662719726562,3420
2017-07-11,541.4500122070312,543.4500122070312,532.5499877929688,536.1500244140625,529.027587890625,12726
2017-07-12,536.0499877929688,544.9500122070312,525.1500244140625,526.6500244140625,519.6538696289062,24484
2017-07-13,534.0,550.0,525.0,538.4500122070312,531.2970581054688,22053
2017-07-14,535.0,538.5499877929688,522.1500244140625,528.25,521.2325439453125,9323
2017-07-17,528.8499755859375,534.4500122070312,518.5499877929688,521.0,514.078857421875,8955
2017-07-18,521.5,530.4500122070312,509.0,509.70001220703125,502.928955078125,8812
2017-07-19,511.0,523.0,509.79998779296875,518.4500122070312,511.562744140625,6531
2017-07-20,523.5999755859375,524.0,508.0,509.20001220703125,502.43560791015625,4716
2017-07-21,515.25,521.9000244140625,495.0,497.45001220703125,490.8416748046875,23159
2017-07-24,509.8999938964844,509.8999938964844,495.0,497.29998779296875,490.6936950683594,8799
2017-07-25,497.3999938964844,508.0,490.3500061035156,491.6499938964844,485.1187438964844,7313
2017-07-26,496.0,504.95001220703125,489.8999938964844,490.6499938964844,484.13201904296875,5564
2017-07-27,489.1499938964844,505.3500061035156,477.1000061035156,500.5,493.85113525390625,21178
2017-07-28,498.0,507.45001220703125,488.0,495.95001220703125,489.36163330078125,3750
2017-07-31,489.0,510.79998779296875,481.8999938964844,484.54998779296875,478.113037109375,9820
2017-08-01,483.3999938964844,490.1000061035156,478.0,479.25,472.8834228515625,4938
2017-08-02,478.0,480.6000061035156,463.0,465.0,458.8227844238281,14555
2017-08-03,473.75,475.75,460.0,462.70001220703125,456.5533447265625,18704
2017-08-04,465.0,467.0,444.29998779296875,454.79998779296875,448.75823974609375,15165
2017-08-07,461.8500061035156,483.70001220703125,452.3999938964844,476.75,470.41668701171875,17855
2017-08-08,472.0,475.0,456.0,462.3999938964844,456.25732421875,10794
2017-08-09,462.0,476.8500061035156,455.1000061035156,471.8500061035156,465.581787109375,18007
2017-08-10,465.04998779296875,472.0,457.04998779296875,469.20001220703125,462.96697998046875,16593
2017-08-11,465.0,465.0,431.6000061035156,449.1000061035156,443.1340026855469,37939
2017-08-14,449.0,469.0,449.0,466.8999938964844,460.697509765625,14830
2017-08-16,480.8999938964844,503.95001220703125,464.5,470.6499938964844,464.397705078125,111493
2017-08-17,474.1000061035156,484.8999938964844,466.54998779296875,481.6499938964844,475.2515869140625,16983
2017-08-18,484.95001220703125,495.0,480.20001220703125,487.3500061035156,480.8758544921875,19408
2017-08-21,497.0,508.8999938964844,488.5,496.3500061035156,489.7563171386719,13474
2017-08-22,503.8999938964844,503.8999938964844,476.1499938964844,484.45001220703125,478.014404296875,7856
2017-08-23,488.1000061035156,494.0,486.1499938964844,490.04998779296875,483.5400085449219,4595
2017-08-24,497.29998779296875,497.29998779296875,486.0,489.75,483.24395751953125,3291
2017-08-28,498.75,500.0,487.1499938964844,489.79998779296875,483.2933044433594,7642
2017-08-29,490.0,495.0,482.0,483.3999938964844,476.97833251953125,3084
2017-08-30,493.1000061035156,494.0,487.04998779296875,488.25,481.7639465332031,2539
2017-08-31,495.79998779296875,495.79998779296875,487.04998779296875,488.8999938964844,482.4052734375,3435
2017-09-01,490.0,500.0,475.75,479.6000061035156,473.2288513183594,9184
2017-09-04,480.0,481.0,471.0,476.54998779296875,470.21929931640625,5627
2017-09-05,472.6000061035156,484.45001220703125,472.0,474.95001220703125,468.640625,5205
2017-09-06,473.0,477.0,464.6000061035156,467.3500061035156,461.1415710449219,5606
2017-09-07,469.0,472.0,455.0,458.0,451.915771484375,7611
2017-09-08,460.0,460.0,444.29998779296875,447.20001220703125,441.2592468261719,7562
2017-09-11,448.20001220703125,450.0,431.70001220703125,437.54998779296875,431.7374267578125,14293
2017-09-12,437.0,479.6499938964844,434.45001220703125,469.20001220703125,463.49664306640625,74036
2017-09-13,469.20001220703125,492.6499938964844,465.0,478.70001220703125,472.88116455078125,19025
2017-09-14,475.0,478.3999938964844,459.0,463.29998779296875,457.6683349609375,30499
2017-09-15,464.0,497.8999938964844,464.0,477.45001220703125,471.6463317871094,40723
2017-09-18,493.0,499.0,485.0,486.6000061035156,480.68511962890625,12270
2017-09-19,494.0,494.0,472.5,483.6000061035156,477.7215881347656,13226
2017-09-20,487.79998779296875,487.79998779296875,476.25,478.54998779296875,472.73297119140625,5940
2017-09-21,477.0,492.0,471.0,475.79998779296875,470.0163879394531,15330
2017-09-22,472.0,475.54998779296875,458.0,458.8999938964844,453.3218078613281,23379
2017-09-25,460.0,461.0,451.0,454.1000061035156,448.5801696777344,16414
2017-09-26,459.8999938964844,459.8999938964844,447.1000061035156,449.3999938964844,443.9372863769531,22884
2017-09-27,447.6000061035156,463.45001220703125,432.1000061035156,439.8999938964844,434.5527648925781,6117
2017-09-28,448.6499938964844,455.95001220703125,440.0,453.04998779296875,447.54290771484375,6634
2017-09-29,450.04998779296875,459.45001220703125,441.70001220703125,444.1000061035156,438.70172119140625,3604
2017-10-03,445.0,459.95001220703125,445.0,456.8500061035156,451.2967529296875,6322
2017-10-04,458.0,482.95001220703125,450.3500061035156,478.1000061035156,472.2884521484375,17857
2017-10-05,478.1499938964844,490.20001220703125,456.6000061035156,484.3500061035156,478.46246337890625,254669
2017-10-06,486.5,497.0,472.0,478.79998779296875,472.97991943359375,28799
2017-10-09,480.0,490.0,472.0,477.45001220703125,471.6463317871094,9564
2017-10-10,483.0,496.6499938964844,475.75,493.6499938964844,487.6494445800781,15997
2017-10-11,484.0,499.0,475.0,480.6000061035156,474.758056640625,7228
2017-10-12,480.95001220703125,490.20001220703125,477.6000061035156,483.75,477.8697509765625,3875
2017-10-13,479.25,491.3500061035156,465.6499938964844,470.25,464.5338439941406,57736
2017-10-16,473.20001220703125,474.95001220703125,459.0,460.75,455.1493225097656,15598
2017-10-17,456.8999938964844,468.95001220703125,451.25,458.1499938964844,452.5809326171875,15826
2017-10-18,459.04998779296875,464.75,454.3500061035156,459.0,453.4206237792969,6019
2017-10-19,462.0,463.95001220703125,452.29998779296875,457.70001220703125,452.13641357421875,2168
2017-10-23,459.8999938964844,481.0,453.8500061035156,462.1000061035156,456.4829406738281,6962
2017-10-24,469.29998779296875,476.1000061035156,457.04998779296875,464.45001220703125,458.80438232421875,12409
2017-10-25,470.0,518.0,468.04998779296875,502.95001220703125,496.8363952636719,131816
2017-10-26,502.0,528.9000244140625,487.6499938964844,526.3499755859375,519.951904296875,83761
2017-10-27,523.0499877929688,544.0,520.1500244140625,527.5499877929688,521.1373291015625,35094
2017-10-30,525.0,533.2000122070312,515.0,525.5,519.1122436523438,14286
2017-10-31,522.5999755859375,545.0,521.5,541.5499877929688,534.9671630859375,34944
2017-11-01,541.0,563.4000244140625,522.0,531.8499755859375,525.3850708007812,28376
2017-11-02,530.0,533.0,515.5499877929688,527.0,520.593994140625,15099
2017-11-03,525.0,534.4000244140625,507.0,518.4500122070312,512.1480102539062,12981
2017-11-06,525.0,560.0,516.9000244140625,548.25,541.5857543945312,28218
2017-11-07,537.5999755859375,549.0,511.1000061035156,521.5,515.160888671875,26269
2017-11-08,523.4500122070312,525.9500122070312,502.5,512.7000122070312,506.4678649902344,14133
2017-11-09,519.0,534.2999877929688,512.7000122070312,516.75,510.4686584472656,13927
2017-11-10,524.5,524.9000244140625,505.25,509.3500061035156,503.1585998535156,12888
2017-11-13,506.79998779296875,524.9500122070312,504.70001220703125,516.1500244140625,509.87591552734375,13506
2017-11-14,550.0,570.0,502.04998779296875,512.0999755859375,505.8751525878906,125881
2017-11-15,519.0,529.0,492.6000061035156,496.95001220703125,490.9093017578125,34238
2017-11-16,496.0,508.95001220703125,495.0,506.79998779296875,500.6395568847656,11662
2017-11-17,513.4500122070312,520.0,511.0,512.8499755859375,506.6159973144531,12626
2017-11-20,506.1499938964844,528.5,506.1499938964844,523.1500244140625,516.7908935546875,15399
2017-11-21,580.0,594.7999877929688,546.25,557.6500244140625,550.8715209960938,717373
2017-11-22,563.0,569.0,540.0,560.6500244140625,553.8350219726562,114885
2017-11-23,560.6500244140625,568.0,544.0,546.75,540.10400390625,43804
2017-11-24,548.0499877929688,556.9500122070312,541.25,543.9000244140625,537.2886352539062,24673
2017-11-27,549.0,555.0,531.0,538.25,531.707275390625,63716
2017-11-28,542.0,580.0,542.0,572.9000244140625,565.9361572265625,145590
2017-11-29,577.0,589.25,552.5,555.75,548.9945678710938,72187
2017-11-30,560.9000244140625,569.25,548.0999755859375,561.75,554.921630859375,69979
2017-12-01,565.8499755859375,582.9500122070312,564.0499877929688,578.6500244140625,571.6162109375,92032
2017-12-04,580.0,586.1500244140625,552.9500122070312,558.4500122070312,551.6618041992188,26284
2017-12-05,569.5999755859375,572.4500122070312,555.5499877929688,565.5,558.6260375976562,16781
2017-12-06,572.0,617.5999755859375,567.9500122070312,591.75,584.5570068359375,155775
2017-12-07,586.0499877929688,605.0,575.1500244140625,579.4500122070312,572.406494140625,76049
2017-12-08,589.0,589.0,565.0499877929688,571.0499877929688,564.1085815429688,39600
2017-12-11,574.5999755859375,582.3499755859375,570.4500122070312,572.0499877929688,565.096435546875,12838
2017-12-12,573.0,575.5999755859375,561.2000122070312,567.6500244140625,560.7499389648438,24161
2017-12-13,567.0,571.5999755859375,554.5999755859375,555.9500122070312,549.192138671875,37241
2017-12-14,557.0,563.0,544.5499877929688,553.0499877929688,546.327392578125,31095
2017-12-15,568.0,568.0,549.25,557.75,550.97021484375,24820
2017-12-18,561.0,576.9500122070312,538.0,553.4000244140625,546.6731567382812,45272
2017-12-19,556.0,570.0,556.0,567.0999755859375,560.2066040039062,17667
2017-12-20,570.0,589.0,561.9000244140625,582.75,575.6663818359375,28476
2017-12-21,599.0,607.7000122070312,566.5,569.9500122070312,563.02197265625,121096
2017-12-22,570.0,584.0,570.0,579.5999755859375,572.5546264648438,34181
2017-12-26,578.0,587.0,573.9500122070312,579.0,571.9619750976562,14056
2017-12-27,586.3499755859375,588.7999877929688,563.7000122070312,576.5499877929688,569.541748046875,26278
2017-12-28,575.0999755859375,584.3499755859375,570.5999755859375,580.0999755859375,573.048583984375,13279
2017-12-29,580.0499877929688,586.0,576.0999755859375,582.1500244140625,575.0736694335938,19020
2018-01-01,583.0,587.9500122070312,571.3499755859375,574.6500244140625,567.6648559570312,13977
2018-01-02,578.0,581.9500122070312,566.0499877929688,576.8499755859375,569.8380737304688,22024
2018-01-03,583.0,584.9500122070312,575.0499877929688,582.5499877929688,575.4688110351562,15198
2018-01-04,594.8499755859375,613.2000122070312,585.0999755859375,591.4000244140625,584.2112426757812,434730
2018-01-05,599.8499755859375,608.7999877929688,580.0,585.25,578.135986328125,158337
2018-01-08,596.9500122070312,596.9500122070312,580.5,591.8499755859375,584.65576171875,23334
2018-01-09,585.2000122070312,598.9500122070312,585.2000122070312,591.7999877929688,584.6063842773438,25531
2018-01-10,592.2999877929688,617.0,592.2999877929688,606.0,598.6337280273438,87510
2018-01-11,610.7999877929688,611.9000244140625,595.0499877929688,600.0999755859375,592.8054809570312,25059
2018-01-12,601.9000244140625,613.9500122070312,595.25,608.5499877929688,601.1527099609375,40013
2018-01-15,640.0,654.5,625.0,629.3499755859375,621.6998901367188,199084
2018-01-16,634.7000122070312,635.0,605.5999755859375,609.3499755859375,601.9429931640625,61614
2018-01-17,609.3499755859375,616.5999755859375,595.0,612.0,604.560791015625,35260
2018-01-18,615.0499877929688,619.5,581.2999877929688,587.0,579.8646850585938,27619
2018-01-19,594.8499755859375,603.5,586.2000122070312,601.6500244140625,594.336669921875,30784
2018-01-22,602.9500122070312,611.0,592.0,599.0499877929688,591.7682495117188,13339
2018-01-23,609.1500244140625,615.0,601.0499877929688,611.2999877929688,603.8693237304688,147439
2018-01-24,619.9000244140625,620.75,599.5499877929688,606.4500122070312,599.0783081054688,19850
2018-01-25,607.0,613.9500122070312,591.3499755859375,597.0,589.7431640625,25368
2018-01-29,603.9000244140625,609.0,597.0999755859375,600.9000244140625,593.5957641601562,35648
2018-01-30,601.0,612.0,595.6500244140625,604.3499755859375,597.0037841796875,34444
2018-01-31,606.0,610.0,578.0499877929688,584.9000244140625,577.7902221679688,31479
2018-02-01,589.4500122070312,609.5,589.4000244140625,597.4000244140625,590.1383666992188,38572
2018-02-02,593.9500122070312,604.5499877929688,561.6500244140625,567.1500244140625,560.2560424804688,37839
2018-02-05,565.0,589.9500122070312,542.2000122070312,583.0499877929688,575.9627075195312,20279
2018-02-06,570.0,570.0,545.0,549.8499755859375,543.166259765625,39936
2018-02-07,561.2000122070312,569.8499755859375,552.0,552.6500244140625,545.9322509765625,37313
2018-02-08,563.6500244140625,585.0,556.9000244140625,578.1500244140625,571.122314453125,17290
2018-02-09,570.0,583.75,563.0,575.0999755859375,568.1093139648438,9071
2018-02-12,572.5,586.9000244140625,568.0,572.4000244140625,565.4421997070312,9620
2018-02-14,577.7000122070312,601.2999877929688,576.7999877929688,597.6500244140625,590.38525390625,42102
2018-02-15,604.0,604.0,570.0,577.25,570.2332153320312,13979
2018-02-16,578.0,588.0,565.9000244140625,576.0499877929688,569.0477905273438,10968
2018-02-19,566.25,581.4500122070312,560.0999755859375,566.8499755859375,559.9595947265625,16558
2018-02-20,565.0999755859375,578.7999877929688,560.0499877929688,561.9000244140625,555.06982421875,12263
2018-02-21,570.0,578.5,564.2000122070312,577.25,570.2332153320312,22799
2018-02-22,578.8499755859375,589.0499877929688,564.0499877929688,566.4000244140625,559.51513671875,18538
2018-02-23,575.0,587.0,570.1500244140625,582.25,575.1724243164062,27406
2018-02-26,587.0,590.0,577.5499877929688,582.4500122070312,575.3699951171875,13711
2018-02-27,580.5499877929688,591.0,569.6500244140625,573.75,566.7757568359375,18687
2018-02-28,565.2000122070312,590.2999877929688,565.2000122070312,579.6500244140625,572.6040649414062,13664
2018-03-01,580.0,582.0,567.2999877929688,570.5499877929688,563.6146240234375,4823
2018-03-05,574.8499755859375,580.9000244140625,565.0,567.0499877929688,560.1571655273438,5175
2018-03-06,571.25,577.8499755859375,568.0499877929688,572.2999877929688,565.3433837890625,9977
2018-03-07,578.4500122070312,578.4500122070312,557.0499877929688,559.0,552.205078125,6171
2018-03-08,561.0499877929688,568.0,550.0,561.6500244140625,554.8228759765625,4777
2018-03-09,562.0,567.9000244140625,560.0,564.7999877929688,557.9345703125,4549
2018-03-12,564.9000244140625,575.0499877929688,540.5,544.2999877929688,537.6837158203125,49169
2018-03-13,546.5499877929688,550.0,525.2999877929688,533.5999755859375,527.11376953125,15273
2018-03-14,532.5,541.6500244140625,532.0999755859375,536.0,529.484619140625,8410
2018-03-15,537.4000244140625,539.75,526.0,528.2999877929688,521.8782348632812,17790
2018-03-16,533.0,538.7999877929688,520.3499755859375,524.2999877929688,517.9268188476562,16950
2018-03-19,528.5,533.4000244140625,492.0,495.8500061035156,489.82269287109375,26928
2018-03-20,494.8999938964844,515.5,478.54998779296875,482.5,476.63494873046875,25096
2018-03-21,488.0,501.75,461.0,477.75,471.9427185058594,35133
2018-03-22,480.0,485.8999938964844,466.04998779296875,475.75,469.9670104980469,17397
2018-03-23,470.0,480.0,442.8999938964844,468.95001220703125,463.2496643066406,30779
2018-03-26,469.0,493.0,465.0,490.6499938964844,484.6858825683594,20775
2018-03-27,498.75,538.8499755859375,496.04998779296875,532.2000122070312,525.7308349609375,45123
2018-03-28,524.0,536.0,505.1000061035156,530.7999877929688,524.3478393554688,35875
2018-04-02,535.5999755859375,542.0,530.3499755859375,533.4500122070312,526.9656372070312,6550
2018-04-03,528.0499877929688,553.0,528.0499877929688,546.0999755859375,539.4618530273438,9260
2018-04-04,551.8499755859375,553.0999755859375,537.0,540.4500122070312,533.880615234375,9762
2018-04-05,551.25,551.25,541.0499877929688,545.75,539.1161499023438,4448
2018-04-06,550.6500244140625,553.9500122070312,539.6500244140625,551.2999877929688,544.5986938476562,5343
2018-04-09,552.0,559.0,537.2999877929688,547.2000122070312,540.5485229492188,4814
2018-04-10,548.0,556.0499877929688,540.5999755859375,544.3499755859375,537.7330932617188,6062
2018-04-11,549.9500122070312,549.9500122070312,541.0,541.25,534.6708374023438,2857
2018-04-12,542.0499877929688,564.8499755859375,542.0499877929688,553.9500122070312,547.2164916992188,9043
2018-04-13,558.7000122070312,576.25,555.0499877929688,573.9000244140625,566.9240112304688,16336
2018-04-16,565.0,585.0,560.8499755859375,565.9500122070312,559.070556640625,262051
2018-04-17,566.7000122070312,571.4000244140625,562.75,568.1500244140625,561.243896484375,6558
2018-04-18,569.0,622.9000244140625,566.0,593.0,585.791748046875,70710
2018-04-19,604.7000122070312,624.4000244140625,599.8499755859375,605.7999877929688,598.4361572265625,43388
2018-04-20,601.5999755859375,607.7999877929688,590.0,599.0999755859375,591.817626953125,10080
2018-04-23,600.0499877929688,611.0499877929688,588.9500122070312,605.0499877929688,597.6952514648438,88894
2018-04-24,606.0499877929688,609.2999877929688,591.5999755859375,604.7999877929688,597.4483032226562,23249
2018-04-25,603.6500244140625,609.5,591.0,606.8499755859375,599.473388671875,11590
2018-04-26,606.0,610.9500122070312,585.0,606.6500244140625,599.27587890625,46691
2018-04-27,612.0,612.0,588.5999755859375,606.25,598.8807373046875,92767
2018-04-30,607.0999755859375,612.0499877929688,596.0,607.6500244140625,600.2637329101562,7391
2018-05-02,605.0499877929688,609.0,595.5,603.0499877929688,595.7196044921875,17305
2018-05-03,597.4000244140625,609.0499877929688,587.0,599.4500122070312,592.1633911132812,17743
2018-05-04,601.4500122070312,608.5,595.0,604.8499755859375,597.4976806640625,8978
2018-05-07,606.0,606.0,596.3499755859375,603.5,596.1641235351562,11114
2018-05-08,604.5499877929688,607.9500122070312,591.0499877929688,595.25,588.014404296875,7575
2018-05-09,596.7999877929688,598.4000244140625,590.0,591.2999877929688,584.1124267578125,8127
2018-05-10,591.2999877929688,607.0,587.9500122070312,601.5,594.1884765625,10947
2018-05-11,606.0,606.0,590.5999755859375,601.5,594.1884765625,11055
2018-05-14,593.1500244140625,610.0,585.4000244140625,603.2000122070312,595.8677978515625,22463
2018-05-15,593.0999755859375,610.0,593.0,602.4500122070312,595.1268920898438,43020
2018-05-16,602.2000122070312,608.7000122070312,591.5499877929688,603.75,596.4111328125,35585
2018-05-17,602.0,604.0499877929688,575.25,589.0499877929688,581.8897705078125,154488
2018-05-18,589.9000244140625,589.9000244140625,579.75,584.5499877929688,577.4445190429688,14121
2018-05-21,585.0,585.0,553.0,559.1500244140625,552.353271484375,122702
2018-05-22,559.9500122070312,564.7000122070312,549.0,554.1500244140625,547.4140014648438,20653
2018-05-23,556.0,559.9000244140625,535.0,539.7000122070312,533.1396484375,15555
2018-05-24,535.0999755859375,547.0499877929688,529.8499755859375,542.0,535.4117431640625,12240
2018-05-25,539.7000122070312,540.7000122070312,528.5999755859375,529.9500122070312,523.5081787109375,9965
2018-05-28,529.0,537.5499877929688,523.2000122070312,527.1500244140625,520.7422485351562,5983
2018-05-29,531.7000122070312,558.9000244140625,525.25,546.6500244140625,540.0052490234375,22682
2018-05-30,552.0,559.2999877929688,543.3499755859375,549.3499755859375,542.67236328125,27677
2018-05-31,549.0999755859375,549.0999755859375,507.0,529.1500244140625,522.7179565429688,346978
2018-06-01,506.0,507.0,482.0,485.70001220703125,479.79608154296875,73787
2018-06-04,489.0,489.0,455.0,459.3999938964844,453.81573486328125,27009
2018-06-05,460.0,463.75,425.0,433.5,428.2305908203125,16780
2018-06-06,421.5,499.79998779296875,413.6000061035156,466.20001220703125,460.5331115722656,195104
2018-06-07,464.0,483.54998779296875,463.29998779296875,470.3500061035156,464.6326599121094,32593
2018-06-08,474.1499938964844,477.70001220703125,465.0,471.5,465.7686767578125,11881
2018-06-11,471.5,485.0,470.8999938964844,477.6499938964844,471.8439025878906,9732
2018-06-12,475.0,498.0,475.0,490.5,484.5377197265625,22707
2018-06-13,496.0,514.9000244140625,493.0,506.0,499.84930419921875,26429
2018-06-14,508.0,511.5,503.8500061035156,505.1499938964844,499.0096130371094,9636
2018-06-15,509.95001220703125,520.9500122070312,509.0,513.2000122070312,506.9618225097656,6328
2018-06-18,513.3499755859375,513.3499755859375,501.1000061035156,504.75,498.614501953125,37698
2018-06-19,504.20001220703125,505.0,486.0,489.04998779296875,483.1053466796875,17609
2018-06-20,497.8999938964844,497.8999938964844,476.20001220703125,478.29998779296875,472.48602294921875,6843
2018-06-21,478.5,478.54998779296875,464.04998779296875,468.70001220703125,463.0027160644531,86193
2018-06-22,468.0,483.04998779296875,458.1000061035156,471.04998779296875,465.32415771484375,11751
2018-06-25,471.04998779296875,474.1000061035156,469.5,470.8999938964844,465.17596435546875,3461
2018-06-26,470.29998779296875,486.3999938964844,460.6499938964844,471.45001220703125,465.71929931640625,28365
2018-06-27,471.5,471.5,445.1000061035156,453.20001220703125,447.6911315917969,11126
2018-06-28,454.79998779296875,457.0,439.0,441.3999938964844,436.0345458984375,12036
2018-06-29,449.95001220703125,470.0,443.20001220703125,447.04998779296875,441.6158752441406,24650
2018-07-02,449.1000061035156,450.6499938964844,439.04998779296875,441.70001220703125,436.3309020996094,26332
2018-07-03,441.6000061035156,444.3500061035156,431.25,432.5,427.24273681640625,6852
2018-07-04,432.25,444.6499938964844,423.0,426.3500061035156,421.16748046875,7402
2018-07-05,439.95001220703125,444.79998779296875,418.25,425.70001220703125,420.5254211425781,43428
2018-07-06,427.54998779296875,442.8500061035156,426.8500061035156,433.8500061035156,428.5763244628906,10551
2018-07-09,435.0,462.20001220703125,435.0,459.3999938964844,453.81573486328125,38919
2018-07-10,468.8999938964844,468.8999938964844,455.0,456.79998779296875,451.2473449707031,7798
2018-07-11,456.3500061035156,474.20001220703125,455.0,467.8500061035156,462.1630554199219,9147
2018-07-12,470.0,474.95001220703125,460.95001220703125,470.1000061035156,464.3857116699219,4958
2018-07-13,467.04998779296875,473.8999938964844,451.20001220703125,463.6499938964844,458.01409912109375,19824
2018-07-16,472.8500061035156,472.95001220703125,431.3999938964844,456.8500061035156,451.2967529296875,23828
2018-07-17,459.95001220703125,465.0,451.6499938964844,459.8999938964844,454.3096618652344,13082
2018-07-18,461.6499938964844,463.0,447.04998779296875,449.0,443.54217529296875,1007
2018-07-19,449.3999938964844,465.0,432.6000061035156,460.25,454.6553955078125,20883
2018-07-20,451.1000061035156,455.8999938964844,442.6499938964844,446.25,440.8255920410156,4068
2018-07-23,443.6000061035156,450.1000061035156,440.0,441.1499938964844,435.78759765625,3359
2018-07-24,437.0,459.0,437.0,457.6499938964844,452.0870056152344,5096
2018-07-25,459.75,459.75,453.0,453.20001220703125,447.6911315917969,3090
2018-07-26,454.8500061035156,475.0,448.75,450.20001220703125,444.72760009765625,5803
2018-07-27,451.0,463.5,451.0,453.45001220703125,447.9380798339844,4853
2018-07-30,452.95001220703125,456.0,444.6000061035156,448.79998779296875,443.3446044921875,5705
2018-07-31,453.1000061035156,453.1000061035156,444.1499938964844,445.04998779296875,439.6401672363281,4439
2018-08-01,446.95001220703125,458.3999938964844,446.95001220703125,451.8500061035156,446.3575439453125,6744
2018-08-02,450.54998779296875,450.8999938964844,442.04998779296875,444.5,439.09686279296875,1326
2018-08-03,445.04998779296875,467.0,445.04998779296875,453.29998779296875,447.7898864746094,3286
2018-08-06,455.04998779296875,465.0,446.0,449.04998779296875,443.591552734375,14191
2018-08-07,450.04998779296875,454.0,432.5,438.8999938964844,433.56494140625,16248
2018-08-08,437.3500061035156,446.79998779296875,430.29998779296875,437.45001220703125,432.1325988769531,7756
2018-08-09,437.45001220703125,444.8999938964844,430.1499938964844,434.1000061035156,428.8232727050781,10270
2018-08-10,431.0,440.0,422.5,426.3999938964844,421.21685791015625,16703
2018-08-13,422.0,442.29998779296875,415.0,417.6499938964844,412.5732421875,13687
2018-08-14,424.95001220703125,431.0,407.04998779296875,425.0,419.8338928222656,27570
2018-08-16,429.0,429.0,415.1499938964844,418.20001220703125,413.1165466308594,5159
2018-08-17,421.8999938964844,437.3999938964844,419.0,421.70001220703125,416.57403564453125,11565
2018-08-20,430.0,430.0,406.95001220703125,413.0,407.9797668457031,37760
2018-08-21,417.70001220703125,429.79998779296875,412.04998779296875,424.54998779296875,419.38934326171875,18989
2018-08-23,430.0,441.0,426.0,431.6000061035156,426.35369873046875,24395
2018-08-24,434.8999938964844,439.1499938964844,419.45001220703125,422.8999938964844,417.7594299316406,6985
2018-08-27,429.8500061035156,434.0,409.29998779296875,413.1000061035156,408.0785827636719,23932
2018-08-28,414.79998779296875,420.1499938964844,408.1499938964844,409.3500061035156,404.3741455078125,16129
2018-08-29,410.04998779296875,411.0,394.0,396.54998779296875,391.7297058105469,39345
2018-08-30,397.04998779296875,399.8999938964844,389.95001220703125,392.25,387.48199462890625,27776
2018-08-31,392.0,402.0,386.6499938964844,388.6499938964844,383.9257507324219,21891
2018-09-03,389.04998779296875,411.5,387.0,408.1000061035156,403.13934326171875,22196
2018-09-04,408.0,408.04998779296875,388.04998779296875,389.79998779296875,385.061767578125,16921
2018-09-05,388.20001220703125,394.5,385.0,388.8999938964844,384.1726989746094,5625
2018-09-06,390.0,407.95001220703125,389.29998779296875,402.29998779296875,397.4098205566406,27447
2018-09-07,408.5,408.5,379.95001220703125,392.8500061035156,388.07470703125,30370
2018-09-10,393.0,405.70001220703125,387.0,402.75,397.8543701171875,40340
2018-09-11,403.70001220703125,406.8999938964844,387.6499938964844,402.75,397.8543701171875,218936
2018-09-12,401.1000061035156,403.95001220703125,391.1499938964844,393.1499938964844,388.3710632324219,19742
2018-09-14,391.6499938964844,399.0,383.3500061035156,388.1499938964844,383.43182373046875,17379
2018-09-17,385.0,387.95001220703125,375.6000061035156,376.8999938964844,372.7987976074219,16301
2018-09-18,380.0,380.0,363.0,365.3999938964844,361.4239501953125,41735
2018-09-19,366.0,369.25,342.0,359.70001220703125,355.7859802246094,91063
2018-09-21,360.0,366.25,321.0,339.95001220703125,336.2508850097656,34135
2018-09-24,332.29998779296875,344.54998779296875,321.6000061035156,339.45001220703125,335.75634765625,60715
2018-09-25,332.75,335.1499938964844,323.6000061035156,329.25,325.66729736328125,13009
2018-09-26,328.1499938964844,333.04998779296875,294.0,302.54998779296875,299.2578430175781,84107
2018-09-27,300.25,316.95001220703125,298.8500061035156,310.45001220703125,307.0718994140625,11319
2018-09-28,311.95001220703125,316.1499938964844,270.0,284.1499938964844,281.05804443359375,25973
2018-10-01,274.29998779296875,276.0,256.95001220703125,264.25,261.3746032714844,71317
2018-10-03,278.0,278.0,256.8500061035156,259.70001220703125,256.8741149902344,48588
2018-10-04,263.8999938964844,263.8999938964844,232.25,249.8000030517578,247.0818328857422,66908
2018-10-05,244.0,249.0,234.1999969482422,241.1999969482422,238.57540893554688,22732
2018-10-08,241.1999969482422,245.89999389648438,222.64999389648438,226.75,224.28265380859375,18178
2018-10-09,230.0,230.0500030517578,204.10000610351562,206.3000030517578,204.05517578125,117900
2018-10-10,204.10000610351562,219.9499969482422,199.9499969482422,209.9499969482422,207.6654510498047,54574
2018-10-11,204.60000610351562,211.0,195.64999389648438,203.75,201.53292846679688,27374
2018-10-12,202.10000610351562,215.0,202.10000610351562,210.85000610351562,208.5556640625,28128
2018-10-15,209.0,231.89999389648438,209.0,231.85000610351562,229.32716369628906,61245
2018-10-16,238.89999389648438,255.0,237.9499969482422,241.85000610351562,239.21835327148438,56451
2018-10-17,244.0,248.89999389648438,224.5,228.60000610351562,226.11253356933594,55177
2018-10-19,226.0,226.0500030517578,209.0,213.6999969482422,211.37464904785156,13776
2018-10-22,215.0,224.8000030517578,210.0,213.85000610351562,211.5230255126953,8958
2018-10-23,212.1999969482422,220.0,210.0,213.8000030517578,211.47357177734375,36763
2018-10-24,214.25,215.89999389648438,210.0,210.8000030517578,208.50621032714844,21312
2018-10-25,211.0500030517578,217.14999389648438,206.10000610351562,209.25,206.9730682373047,19621
2018-10-26,210.0500030517578,211.4499969482422,202.60000610351562,208.10000610351562,205.83558654785156,19071
2018-10-29,208.3000030517578,228.25,205.10000610351562,221.60000610351562,219.18869018554688,19260
2018-10-30,222.0500030517578,239.5,222.0500030517578,236.75,234.17384338378906,19241
2018-10-31,235.0,238.0,224.0,230.3000030517578,227.7940216064453,20443
2018-11-01,238.0,238.10000610351562,232.5500030517578,234.4499969482422,231.89886474609375,45728
2018-11-02,240.5,243.0,230.0,232.5500030517578,230.01954650878906,27055
2018-11-05,233.3000030517578,239.0,228.60000610351562,237.4499969482422,234.8662109375,7583
2018-11-06,240.1999969482422,242.0,233.5,235.5500030517578,232.9868927001953,30623
2018-11-07,236.0500030517578,247.89999389648438,235.9499969482422,242.35000610351562,239.71290588378906,5629
2018-11-09,241.9499969482422,241.9499969482422,231.0500030517578,234.5,231.9483184814453,14899
2018-11-12,232.0,234.8000030517578,226.5,230.0,227.49728393554688,209258
2018-11-13,228.8000030517578,239.6999969482422,226.5,235.0,232.44288635253906,71790
2018-11-14,238.9499969482422,243.6999969482422,233.0,238.0,235.4102325439453,65136
2018-11-15,237.9499969482422,243.0500030517578,233.0500030517578,236.35000610351562,233.7781982421875,14283
2018-11-16,236.14999389648438,239.6999969482422,232.0,232.8000030517578,230.26681518554688,11491
2018-11-19,238.0500030517578,238.0500030517578,220.5,221.25,218.84249877929688,41781
2018-11-20,220.5500030517578,220.5500030517578,214.8000030517578,215.6999969482422,213.35289001464844,21033
2018-11-21,215.75,220.0,210.0,214.9499969482422,212.61105346679688,27410
2018-11-22,220.0500030517578,220.0500030517578,204.0,215.0,212.66050720214844,237193
2018-11-26,216.0,219.5,215.1999969482422,218.0,215.62786865234375,14802
2018-11-27,218.6999969482422,220.0,215.75,217.14999389648438,214.787109375,15224
2018-11-28,218.85000610351562,220.0,213.1999969482422,214.4499969482422,212.11648559570312,59573
2018-11-29,215.85000610351562,217.1999969482422,203.89999389648438,214.3000030517578,211.96812438964844,41030
2018-11-30,215.89999389648438,220.0,215.0,219.8000030517578,217.4082794189453,19560
2018-12-03,218.8000030517578,220.0,218.0,218.5500030517578,216.171875,23974
2018-12-04,218.1999969482422,221.25,216.1999969482422,219.6999969482422,217.30935668945312,8974
2018-12-05,219.3000030517578,219.3000030517578,205.0,207.89999389648438,205.63775634765625,242642
2018-12-06,205.89999389648438,218.0,204.0,210.35000610351562,208.0611114501953,16726
2018-12-07,208.25,212.39999389648438,206.0,206.14999389648438,203.90679931640625,6566
2018-12-10,204.6999969482422,208.0,203.1999969482422,204.10000610351562,201.87911987304688,15006
2018-12-11,200.35000610351562,208.0,199.89999389648438,203.5,201.28564453125,6805
2018-12-12,204.5500030517578,211.4499969482422,195.25,197.35000610351562,195.20257568359375,90520
2018-12-13,201.14999389648438,203.0,191.35000610351562,193.0500030517578,190.94935607910156,114871
2018-12-14,193.0,204.89999389648438,190.1999969482422,191.89999389648438,189.81185913085938,73723
2018-12-17,192.0500030517578,198.75,191.5,193.0,190.89990234375,61808
2018-12-18,197.89999389648438,199.0,195.0,196.85000610351562,194.7080078125,108377
2018-12-19,196.5,204.0,196.5,199.75,197.57644653320312,72137
2018-12-20,201.39999389648438,205.75,197.3000030517578,205.35000610351562,203.1155242919922,33988
2018-12-21,206.35000610351562,207.5500030517578,198.10000610351562,199.0500030517578,196.88406372070312,21796
2018-12-24,198.9499969482422,201.9499969482422,194.85000610351562,195.0,192.8781280517578,31642
2018-12-26,195.0,199.14999389648438,190.64999389648438,193.0500030517578,190.94935607910156,23663
2018-12-27,196.5,197.0,193.25,195.60000610351562,193.47161865234375,26489
2018-12-28,196.35000610351562,199.4499969482422,194.75,196.0,193.86724853515625,37221
2018-12-31,197.10000610351562,199.0,194.25,197.64999389648438,195.49929809570312,9359
2019-01-01,197.0500030517578,201.5500030517578,195.35000610351562,199.8000030517578,197.6259002685547,12699
2019-01-02,202.0,202.0,195.0,196.9499969482422,194.80691528320312,7966
2019-01-03,198.14999389648438,203.0,195.10000610351562,196.8000030517578,194.65855407714844,13812
2019-01-04,196.10000610351562,200.4499969482422,190.89999389648438,192.5500030517578,190.45480346679688,31673
2019-01-07,193.89999389648438,195.5,190.5,191.9499969482422,189.86131286621094,70955
2019-01-08,192.10000610351562,197.0,190.5,191.35000610351562,189.26785278320312,19811
2019-01-09,195.0,195.0,189.39999389648438,189.9499969482422,187.88308715820312,17964
2019-01-10,191.0,192.6999969482422,190.0500030517578,191.14999389648438,189.0700225830078,21909
2019-01-11,192.5,196.64999389648438,190.0,194.9499969482422,192.82867431640625,86187
2019-01-14,192.25,197.0,191.0,192.0500030517578,189.96023559570312,10007
2019-01-15,193.10000610351562,195.0,190.0,190.8000030517578,188.7238311767578,30930
2019-01-16,192.5500030517578,195.0,190.0,190.9499969482422,188.87220764160156,19711
2019-01-17,190.6999969482422,192.3000030517578,186.1999969482422,187.8000030517578,185.75648498535156,12646
2019-01-18,188.8000030517578,188.9499969482422,183.10000610351562,184.1999969482422,182.19564819335938,10399
2019-01-21,184.9499969482422,185.0,164.8000030517578,170.0500030517578,168.1996307373047,53109
2019-01-22,169.8000030517578,176.0,166.5500030517578,169.25,167.4083251953125,42050
2019-01-23,167.35000610351562,174.0,167.35000610351562,173.3000030517578,171.4142608642578,19011
2019-01-24,174.0,179.89999389648438,166.0,168.5,166.66648864746094,21029
2019-01-25,168.0,174.0,165.0500030517578,167.8000030517578,165.97410583496094,69186
2019-01-28,165.0,168.9499969482422,162.0500030517578,163.4499969482422,161.6714324951172,48662
2019-01-29,160.89999389648438,167.0500030517578,157.75,158.4499969482422,156.72584533691406,29225
2019-01-30,160.64999389648438,161.89999389648438,155.0,156.5,154.7970733642578,16298
2019-01-31,157.85000610351562,167.6999969482422,155.8000030517578,157.3000030517578,155.58836364746094,74740
2019-02-01,157.85000610351562,162.0,153.5500030517578,155.9499969482422,154.2530517578125,111139
2019-02-04,157.60000610351562,157.89999389648438,149.0500030517578,150.60000610351562,148.96127319335938,9554
2019-02-05,151.39999389648438,155.14999389648438,130.10000610351562,142.0500030517578,140.50430297851562,258538
2019-02-06,139.9499969482422,142.9499969482422,132.3000030517578,134.9499969482422,133.48155212402344,192789
2019-02-07,136.25,143.0500030517578,133.1999969482422,136.4499969482422,134.96524047851562,28926
2019-02-08,135.0,141.0,134.1999969482422,138.9499969482422,137.4380340576172,26267
2019-02-11,139.89999389648438,141.9499969482422,138.25,140.8000030517578,139.26791381835938,38355
2019-02-12,143.0,147.0,137.0,145.0,143.4221954345703,32504
2019-02-14,149.14999389648438,152.8000030517578,143.0,150.0,148.3677978515625,72559
2019-02-15,147.5500030517578,148.9499969482422,140.14999389648438,145.14999389648438,143.570556640625,48154
2019-02-18,145.0,156.4499969482422,142.3000030517578,151.39999389648438,149.75254821777344,29476
2019-02-19,149.0500030517578,155.3000030517578,147.0,151.4499969482422,149.80201721191406,29820
2019-02-20,151.60000610351562,152.14999389648438,142.5,144.0500030517578,142.4825439453125,88385
2019-02-21,146.64999389648438,147.75,138.85000610351562,141.89999389648438,140.35592651367188,52270
2019-02-22,144.14999389648438,153.14999389648438,139.5500030517578,143.14999389648438,141.5923309326172,91520
2019-02-25,144.89999389648438,147.0,142.0,145.75,144.16404724121094,60026
2019-02-26,146.0,149.0,141.89999389648438,147.0,145.4004364013672,34513
2019-02-27,148.85000610351562,152.0,145.0,147.1999969482422,145.5982666015625,19675
2019-02-28,147.85000610351562,167.89999389648438,147.85000610351562,161.14999389648438,159.39646911621094,66940
2019-03-01,161.14999389648438,165.0,158.10000610351562,163.75,161.96817016601562,125453
2019-03-05,165.0,176.39999389648438,163.0,167.39999389648438,165.57846069335938,356503
2019-03-06,170.0,192.1999969482422,169.3000030517578,186.6999969482422,184.66844177246094,234867
2019-03-07,188.89999389648438,195.0,181.8000030517578,187.5,185.45974731445312,119259
2019-03-08,188.0,188.5,182.1999969482422,185.5,183.48150634765625,23833
2019-03-11,186.75,192.0,181.35000610351562,187.8000030517578,185.75648498535156,97148
2019-03-12,190.0,191.0,182.0,184.9499969482422,182.93748474121094,154302
2019-03-13,182.60000610351562,184.8000030517578,173.0,174.39999389648438,172.50228881835938,125438
2019-03-14,173.89999389648438,175.5,170.0,173.5500030517578,171.6615447998047,44729
2019-03-15,172.35000610351562,175.5500030517578,172.35000610351562,173.35000610351562,171.46371459960938,64105
2019-03-18,174.89999389648438,178.0,168.39999389648438,170.39999389648438,168.54580688476562,70680
2019-03-19,170.4499969482422,170.85000610351562,166.64999389648438,167.6999969482422,165.8751983642578,39831
2019-03-20,167.39999389648438,169.0,165.0,166.4499969482422,164.6387939453125,13427
2019-03-22,165.10000610351562,167.0,155.35000610351562,160.0500030517578,158.30844116210938,40652
2019-03-25,160.0,160.0,153.0500030517578,154.9499969482422,153.26393127441406,23428
2019-03-26,157.75,166.10000610351562,153.8000030517578,157.64999389648438,155.93453979492188,170494
2019-03-27,156.5,179.0,155.0,175.89999389648438,173.9859619140625,251877
2019-03-28,175.39999389648438,184.39999389648438,173.9499969482422,175.5500030517578,173.63978576660156,242712
2019-04-01,177.0,183.0,177.0,178.14999389648438,176.2114715576172,35901
2019-04-02,179.85000610351562,180.0,173.5,174.9499969482422,173.04629516601562,27208
2019-04-03,176.0,176.89999389648438,161.1999969482422,165.75,163.9464111328125,54538
2019-04-04,166.0,176.35000610351562,164.3000030517578,174.35000610351562,172.4528350830078,105319
2019-04-05,176.89999389648438,177.0,170.8000030517578,175.4499969482422,173.54086303710938,44369
2019-04-08,175.4499969482422,178.0,170.39999389648438,171.85000610351562,169.98004150390625,26528
2019-04-09,172.5,173.0,164.0500030517578,171.35000610351562,169.48548889160156,27891
2019-04-10,169.0,172.5,165.0,167.0500030517578,165.23226928710938,17626
2019-04-11,168.60000610351562,173.0,164.64999389648438,170.6999969482422,168.84254455566406,50206
2019-04-12,168.10000610351562,177.8000030517578,167.9499969482422,176.35000610351562,174.4310760498047,30160
2019-04-15,176.4499969482422,186.0,175.5500030517578,184.75,182.7396697998047,147634
2019-04-16,186.75,188.39999389648438,179.0,179.9499969482422,177.9918975830078,128969
2019-04-18,181.25,184.4499969482422,172.0,173.5,171.61207580566406,28106
2019-04-22,174.39999389648438,175.5,168.0,170.4499969482422,168.59527587890625,19146
2019-04-23,170.5500030517578,173.9499969482422,168.75,169.1999969482422,167.35887145996094,8505
2019-04-24,171.1999969482422,174.5,166.5500030517578,172.3000030517578,170.42514038085938,138111
2019-04-25,173.89999389648438,173.89999389648438,166.64999389648438,167.10000610351562,165.28172302246094,20248
2019-04-26,170.0,170.0,165.0,166.89999389648438,165.08389282226562,17739
2019-04-30,170.0,170.0,160.0,163.39999389648438,161.62197875976562,21656
2019-05-02,162.3000030517578,166.8000030517578,159.0,159.1999969482422,157.46768188476562,54173
2019-05-03,159.3000030517578,162.85000610351562,155.0,155.85000610351562,154.15414428710938,15056
2019-05-06,157.85000610351562,158.0,154.0,156.9499969482422,155.24217224121094,10108
2019-05-07,155.25,160.0,155.25,157.89999389648438,156.18182373046875,7358
2019-05-08,158.89999389648438,158.9499969482422,149.85000610351562,151.75,150.0987548828125,13050
2019-05-09,149.1999969482422,157.89999389648438,149.1999969482422,150.89999389648438,149.25799560546875,11988
2019-05-10,153.8000030517578,155.0,149.0,150.25,148.61508178710938,10199
2019-05-13,148.9499969482422,151.35000610351562,145.25,146.5,144.9058837890625,5797
2019-05-14,143.3000030517578,150.0,132.89999389648438,141.85000610351562,140.30648803710938,48022
2019-05-15,139.60000610351562,152.0,139.60000610351562,144.85000610351562,143.27383422851562,9383
2019-05-16,147.0,151.0,140.39999389648438,149.75,148.12051391601562,11791
2019-05-17,150.60000610351562,158.9499969482422,150.5,156.1999969482422,154.5003204345703,120792
2019-05-20,160.0,171.0,160.0,162.35000610351562,160.5834197998047,84883
2019-05-21,162.35000610351562,162.39999389648438,152.60000610351562,156.25,154.54978942871094,20219
2019-05-22,154.8000030517578,168.0,154.5,164.89999389648438,163.10565185546875,24005
2019-05-23,164.0,173.75,160.8000030517578,163.5,161.7209014892578,73708
2019-05-24,166.0,170.0,163.60000610351562,164.5,162.71002197265625,90676
2019-05-27,165.64999389648438,175.5,164.9499969482422,170.0500030517578,168.1996307373047,119711
2019-05-28,171.25,173.0,165.10000610351562,165.75,163.9464111328125,53800
2019-05-29,167.85000610351562,168.64999389648438,156.0,160.1999969482422,158.45680236816406,50355
2019-05-30,161.5,163.64999389648438,156.0,159.85000610351562,158.11062622070312,30759
2019-05-31,160.0500030517578,164.0,153.0500030517578,155.0,153.31338500976562,24741
2019-06-03,156.10000610351562,156.10000610351562,147.14999389648438,149.0500030517578,147.42813110351562,41524
2019-06-04,150.89999389648438,151.5,143.4499969482422,146.60000610351562,145.00479125976562,40518
2019-06-06,148.8000030517578,149.35000610351562,139.0,144.60000610351562,143.0265655517578,35449
2019-06-07,143.5500030517578,145.5,138.5500030517578,139.9499969482422,138.42715454101562,32135
2019-06-10,139.10000610351562,140.0,134.0,134.89999389648438,133.43209838867188,37627
2019-06-11,134.0,135.4499969482422,132.0,133.35000610351562,131.8989715576172,201553
2019-06-12,133.0,133.3000030517578,124.5,125.5,124.13439178466797,79358
2019-06-13,125.0,125.05000305175781,122.55000305175781,123.19999694824219,121.85941314697266,26901
2019-06-14,122.05000305175781,144.0,119.5,127.9000015258789,126.5082778930664,122649
2019-06-17,126.0,128.9499969482422,122.0999984741211,123.19999694824219,121.85941314697266,197512
2019-06-18,123.05000305175781,131.0,121.75,126.0999984741211,124.72785949707031,181226
2019-06-19,126.0999984741211,128.14999389648438,120.0999984741211,121.0,119.68335723876953,25971
2019-06-20,120.69999694824219,130.0,118.44999694824219,123.80000305175781,122.45288848876953,35740
2019-06-21,123.0,129.9499969482422,123.0,128.60000610351562,127.2006607055664,24287
2019-06-24,128.60000610351562,129.89999389648438,125.4000015258789,127.94999694824219,126.55772399902344,15064
2019-06-25,127.30000305175781,127.3499984741211,122.0,122.75,121.41431427001953,22534
2019-06-26,122.0,125.75,121.30000305175781,122.0,120.67247009277344,28144
2019-06-27,121.5,125.25,121.5,122.5,121.16703033447266,178251
2019-06-28,122.75,124.80000305175781,118.9000015258789,120.05000305175781,118.74369812011719,119279
2019-07-01,122.0,122.0,117.5,118.75,117.45783996582031,7217
2019-07-02,117.0999984741211,123.69999694824219,117.0999984741211,121.0999984741211,119.78226470947266,15662
2019-07-03,120.6500015258789,123.0,117.0,119.0,117.70511627197266,29769
2019-07-04,117.05000305175781,122.0,115.6500015258789,117.80000305175781,116.51818084716797,40552
2019-07-05,117.05000305175781,119.05000305175781,111.0999984741211,115.9000015258789,114.63885498046875,24015
2019-07-08,112.19999694824219,114.5,107.1500015258789,110.0,108.80304718017578,28807
2019-07-09,109.44999694824219,114.4000015258789,108.19999694824219,109.9000015258789,108.70413970947266,15638
2019-07-10,108.5999984741211,112.0,104.0,105.19999694824219,104.0552749633789,26883
2019-07-11,103.94999694824219,117.80000305175781,100.0999984741211,100.6500015258789,99.55479431152344,124642
2019-07-12,102.94999694824219,107.05000305175781,100.0,103.6500015258789,102.52214813232422,80232
2019-07-15,102.75,103.3499984741211,98.0,98.0999984741211,97.03253936767578,34943
2019-07-16,97.55000305175781,101.0,96.30000305175781,99.8499984741211,98.76349639892578,32451
2019-07-17,98.30000305175781,100.30000305175781,97.5,98.05000305175781,96.98308563232422,43546
2019-07-18,97.0999984741211,97.5,90.55000305175781,92.25,91.2461929321289,42380
2019-07-19,91.0,94.0,86.5,89.0999984741211,88.1304702758789,46639
2019-07-22,85.1500015258789,89.8499984741211,85.0,87.69999694824219,86.7457046508789,21331
2019-07-23,87.69999694824219,92.25,85.44999694824219,87.3499984741211,86.3995132446289,20132
2019-07-24,86.0,90.0,86.0,86.4000015258789,85.45985412597656,29355
2019-07-25,85.5,88.94999694824219,83.0,85.6500015258789,84.71800994873047,33675
2019-07-26,84.5999984741211,87.0,84.0999984741211,85.94999694824219,85.01473999023438,27165
2019-07-29,85.05000305175781,85.80000305175781,81.25,82.5999984741211,81.7011947631836,20026
2019-07-30,81.0,82.3499984741211,76.0,77.05000305175781,76.21159362792969,22797
2019-07-31,74.05000305175781,78.9000015258789,74.05000305175781,77.69999694824219,76.8545150756836,22243
2019-08-01,76.9000015258789,76.94999694824219,70.19999694824219,72.19999694824219,71.41436004638672,53755
2019-08-02,72.19999694824219,72.44999694824219,69.5,69.94999694824219,69.1888427734375,31265
2019-08-05,69.5,69.75,65.5,66.5,65.7763900756836,35143
2019-08-06,66.0,67.44999694824219,61.400001525878906,62.25,61.572635650634766,86695
2019-08-07,62.29999923706055,68.5,60.04999923706055,63.79999923706055,63.10576629638672,105098
2019-08-08,67.0,67.0,63.04999923706055,63.650001525878906,62.957401275634766,63029
2019-08-09,63.150001525878906,66.0,63.150001525878906,64.0,63.303592681884766,100157
2019-08-13,63.849998474121094,66.5,63.0,65.0,64.29270935058594,22206
2019-08-14,65.69999694824219,66.9000015258789,64.1500015258789,65.94999694824219,65.23236846923828,33176
2019-08-16,66.5,67.0,64.0,65.3499984741211,64.63890075683594,93213
2019-08-19,65.0,65.80000305175781,60.849998474121094,63.0,62.31447219848633,45482
2019-08-20,62.150001525878906,64.0,62.0,62.099998474121094,61.42426681518555,20771
2019-08-21,62.349998474121094,63.0,58.400001525878906,59.20000076293945,58.555824279785156,37094
2019-08-22,59.75,60.95000076293945,53.650001525878906,54.849998474121094,54.25315475463867,20254
2019-08-23,54.29999923706055,54.70000076293945,49.0,53.29999923706055,52.72002410888672,53347
2019-08-26,55.0,57.0,53.5,54.70000076293945,54.10478973388672,59416
2019-08-27,54.70000076293945,56.04999923706055,50.0,50.95000076293945,50.39559555053711,122767
2019-08-28,52.0,52.0,46.5,46.95000076293945,46.43912124633789,83265
2019-08-29,47.400001525878906,49.900001525878906,44.20000076293945,45.400001525878906,44.90598678588867,89303
2019-08-30,45.849998474121094,52.79999923706055,44.5,46.349998474121094,45.845645904541016,154768
2019-09-03,47.25,47.900001525878906,45.099998474121094,46.70000076293945,46.19184112548828,72370
2019-09-04,46.150001525878906,47.70000076293945,45.150001525878906,45.54999923706055,45.054351806640625,41616
2019-09-05,45.95000076293945,47.599998474121094,45.79999923706055,46.849998474121094,46.340206146240234,72052
2019-09-06,47.95000076293945,48.79999923706055,45.099998474121094,45.45000076293945,44.9554443359375,275801
2019-09-09,47.0,47.0,44.75,44.95000076293945,44.46088409423828,82491
2019-09-11,45.04999923706055,49.20000076293945,43.5,44.45000076293945,43.96632385253906,312707
2019-09-12,44.900001525878906,46.29999923706055,43.75,44.29999923706055,43.817955017089844,206091
2019-09-13,44.95000076293945,45.04999923706055,41.75,44.0,43.52122116088867,101438
2019-09-16,44.04999923706055,51.900001525878906,43.650001525878906,49.0,48.46681213378906,558189
2019-09-17,50.0,52.0,45.5,46.0,45.49945831298828,300619
2019-09-18,48.45000076293945,48.45000076293945,45.150001525878906,45.95000076293945,45.45000076293945,130424
2019-09-19,45.5,47.5,44.70000076293945,45.400001525878906,45.400001525878906,147088
2019-09-20,45.79999923706055,46.20000076293945,44.150001525878906,44.650001525878906,44.650001525878906,164677
2019-09-23,45.0,49.150001525878906,45.0,45.79999923706055,45.79999923706055,206160
2019-09-24,46.099998474121094,54.45000076293945,46.099998474121094,52.849998474121094,52.849998474121094,589421
2019-09-25,52.849998474121094,53.04999923706055,48.5,49.349998474121094,49.349998474121094,135283
2019-09-26,49.349998474121094,53.04999923706055,49.349998474121094,51.0,51.0,159500
2019-09-27,51.25,51.70000076293945,47.599998474121094,48.04999923706055,48.04999923706055,74065
2019-09-30,49.5,49.849998474121094,45.20000076293945,47.70000076293945,47.70000076293945,94361
2019-10-01,48.599998474121094,49.79999923706055,44.099998474121094,44.900001525878906,44.900001525878906,63021
2019-10-03,43.20000076293945,46.20000076293945,42.849998474121094,44.45000076293945,44.45000076293945,63768
2019-10-04,44.150001525878906,45.0,42.5,42.900001525878906,42.900001525878906,50604
2019-10-07,44.099998474121094,44.099998474121094,40.5,41.25,41.25,59119
2019-10-09,41.599998474121094,42.20000076293945,40.54999923706055,41.099998474121094,41.099998474121094,26836
2019-10-10,41.400001525878906,43.29999923706055,38.79999923706055,40.29999923706055,40.29999923706055,436179
2019-10-11,40.099998474121094,42.0,40.099998474121094,40.70000076293945,40.70000076293945,49430
2019-10-14,42.25,42.599998474121094,40.20000076293945,41.0,41.0,86382
2019-10-15,41.0,43.0,40.0,40.400001525878906,40.400001525878906,247758
2019-10-16,41.0,42.20000076293945,40.04999923706055,40.849998474121094,40.849998474121094,72752
2019-10-17,40.099998474121094,41.04999923706055,39.04999923706055,39.75,39.75,59582
2019-10-18,40.5,47.70000076293945,40.0,47.70000076293945,47.70000076293945,513904
2019-10-22,51.0,57.20000076293945,50.900001525878906,56.04999923706055,56.04999923706055,925523
2019-10-23,57.0,63.599998474121094,55.0,57.95000076293945,57.95000076293945,454063
2019-10-24,58.0,58.79999923706055,54.0,54.79999923706055,54.79999923706055,432218
2019-10-25,55.5,55.5,51.5,52.0,52.0,158578
2019-10-27,52.0,57.20000076293945,50.599998474121094,57.20000076293945,57.20000076293945,82580
2019-10-29,59.5,59.5,55.20000076293945,56.150001525878906,56.150001525878906,190473
2019-10-30,57.400001525878906,58.0,54.95000076293945,55.25,55.25,70683
2019-10-31,55.5,57.0,54.599998474121094,55.099998474121094,55.099998474121094,116216
2019-11-01,55.0,57.0,54.20000076293945,54.54999923706055,54.54999923706055,70154
2019-11-04,55.400001525878906,57.599998474121094,54.25,56.349998474121094,56.349998474121094,141367
2019-11-05,56.400001525878906,56.95000076293945,55.5,56.04999923706055,56.04999923706055,333163
2019-11-06,56.400001525878906,57.599998474121094,55.099998474121094,55.79999923706055,55.79999923706055,219625
2019-11-07,56.95000076293945,57.0,55.5,55.849998474121094,55.849998474121094,34458
2019-11-08,55.599998474121094,57.0,54.599998474121094,54.95000076293945,54.95000076293945,96485
2019-11-11,54.95000076293945,55.0,51.5,54.650001525878906,54.650001525878906,29665
2019-11-13,54.54999923706055,57.0,52.650001525878906,53.900001525878906,53.900001525878906,176875
2019-11-14,54.0,54.95000076293945,51.75,52.25,52.25,76738
2019-11-15,48.54999923706055,51.95000076293945,48.0,48.599998474121094,48.599998474121094,324236
2019-11-18,48.900001525878906,52.79999923706055,46.5,49.599998474121094,49.599998474121094,162385
2019-11-19,49.599998474121094,51.5,48.5,49.0,49.0,110523
2019-11-20,49.849998474121094,49.849998474121094,47.150001525878906,47.849998474121094,47.849998474121094,48853
2019-11-21,51.5,52.599998474121094,48.0,48.29999923706055,48.29999923706055,277520
2019-11-22,48.45000076293945,48.45000076293945,46.5,46.79999923706055,46.79999923706055,59077
2019-11-25,46.099998474121094,47.0,44.400001525878906,46.099998474121094,46.099998474121094,72212
2019-11-26,47.0,47.79999923706055,44.20000076293945,44.79999923706055,44.79999923706055,119870
2019-11-27,45.349998474121094,47.04999923706055,42.79999923706055,43.25,43.25,164543
2019-11-28,43.5,44.20000076293945,41.79999923706055,42.099998474121094,42.099998474121094,118680
2019-11-29,42.79999923706055,43.5,41.849998474121094,42.849998474121094,42.849998474121094,105838
2019-12-02,42.5,45.900001525878906,42.5,43.099998474121094,43.099998474121094,459045
2019-12-03,43.45000076293945,44.349998474121094,38.79999923706055,40.0,40.0,347221
2019-12-04,40.0,41.29999923706055,38.79999923706055,39.849998474121094,39.849998474121094,163136
2019-12-05,40.349998474121094,42.5,38.45000076293945,39.0,39.0,417187
2019-12-06,39.900001525878906,39.900001525878906,35.20000076293945,37.75,37.75,192806
2019-12-09,38.400001525878906,38.400001525878906,36.75,36.900001525878906,36.900001525878906,84011
2019-12-10,37.45000076293945,37.45000076293945,36.29999923706055,36.70000076293945,36.70000076293945,74489
2019-12-11,37.5,37.5,33.04999923706055,33.849998474121094,33.849998474121094,296973
2019-12-12,34.599998474121094,34.900001525878906,32.5,34.54999923706055,34.54999923706055,436339
2019-12-13,34.29999923706055,34.54999923706055,33.0,33.099998474121094,33.099998474121094,258830
2019-12-16,33.599998474121094,33.599998474121094,31.450000762939453,31.549999237060547,31.549999237060547,147433
2019-12-17,31.549999237060547,31.549999237060547,30.0,30.0,30.0,224664
2019-12-18,28.5,29.799999237060547,28.5,28.5,28.5,339769
2019-12-19,27.100000381469727,27.100000381469727,27.100000381469727,27.100000381469727,27.100000381469727,43350
2019-12-20,25.75,25.75,25.75,25.75,25.75,455073
2019-12-23,24.5,27.0,24.5,27.0,27.0,953851
2019-12-24,28.350000381469727,28.350000381469727,28.350000381469727,28.350000381469727,28.350000381469727,131917
2019-12-26,27.399999618530273,29.75,26.950000762939453,29.75,29.75,696547
2019-12-27,30.649999618530273,31.200000762939453,29.799999237060547,31.200000762939453,31.200000762939453,132395
2019-12-30,32.75,32.75,29.649999618530273,32.75,32.75,829781
2019-12-31,34.0,34.349998474121094,32.0,32.79999923706055,32.79999923706055,728736
2020-01-01,34.0,34.400001525878906,33.20000076293945,34.400001525878906,34.400001525878906,255678
2020-01-02,36.099998474121094,36.099998474121094,35.04999923706055,36.0,36.0,537950
2020-01-03,37.650001525878906,37.79999923706055,36.70000076293945,37.79999923706055,37.79999923706055,411251
2020-01-06,39.650001525878906,39.650001525878906,39.650001525878906,39.650001525878906,39.650001525878906,114480
2020-01-07,41.599998474121094,41.599998474121094,41.599998474121094,41.599998474121094,41.599998474121094,37707
2020-01-08,43.650001525878906,43.650001525878906,43.650001525878906,43.650001525878906,43.650001525878906,705616
2020-01-09,45.79999923706055,45.79999923706055,41.5,45.79999923706055,45.79999923706055,1873481
2020-01-10,47.75,48.04999923706055,45.79999923706055,48.04999923706055,48.04999923706055,1057976
2020-01-13,50.45000076293945,50.45000076293945,48.25,50.45000076293945,50.45000076293945,156353
2020-01-14,52.95000076293945,52.95000076293945,52.95000076293945,52.95000076293945,52.95000076293945,93377
2020-01-15,55.54999923706055,55.54999923706055,55.54999923706055,55.54999923706055,55.54999923706055,38887
2020-01-16,58.29999923706055,58.29999923706055,58.29999923706055,58.29999923706055,58.29999923706055,62691
2020-01-17,61.20000076293945,61.20000076293945,61.20000076293945,61.20000076293945,61.20000076293945,47610
2020-01-20,64.25,64.25,58.150001525878906,58.150001525878906,58.150001525878906,2480940
2020-01-21,55.25,58.0,55.25,55.25,55.25,664557
2020-01-22,52.5,55.0,52.5,52.5,52.5,746577
2020-01-23,50.54999923706055,52.20000076293945,49.900001525878906,49.900001525878906,49.900001525878906,669477
2020-01-24,48.150001525878906,49.29999923706055,47.45000076293945,47.45000076293945,47.45000076293945,1583765
2020-01-27,45.099998474121094,45.099998474121094,45.099998474121094,45.099998474121094,45.099998474121094,38857
2020-01-28,42.849998474121094,42.849998474121094,42.849998474121094,42.849998474121094,42.849998474121094,18774
2020-01-29,40.75,40.75,40.75,40.75,40.75,35769
2020-01-30,38.75,38.75,38.75,38.75,38.75,38838
2020-01-31,36.849998474121094,40.650001525878906,36.849998474121094,40.650001525878906,40.650001525878906,1571446
2020-02-03,44.75,44.75,44.75,44.75,44.75,26420
2020-02-04,46.95000076293945,46.95000076293945,46.95000076293945,46.95000076293945,46.95000076293945,22745
2020-02-05,49.25,49.25,44.900001525878906,49.25,49.25,4272183
2020-02-06,51.70000076293945,51.70000076293945,51.70000076293945,51.70000076293945,51.70000076293945,134782
2020-02-07,54.25,54.25,52.0,54.25,54.25,1568780
2020-02-10,56.95000076293945,56.95000076293945,56.95000076293945,56.95000076293945,56.95000076293945,696241
2020-02-11,59.75,59.75,59.75,59.75,59.75,442913
2020-02-12,61.0,61.0,56.79999923706055,56.79999923706055,56.79999923706055,1086215
2020-02-13,54.0,54.0,54.0,54.0,54.0,40506
2020-02-14,51.29999923706055,51.29999923706055,51.29999923706055,51.29999923706055,51.29999923706055,211034
2020-02-17,48.75,52.95000076293945,48.75,48.75,48.75,1355162
2020-02-18,46.349998474121094,51.150001525878906,46.349998474121094,49.20000076293945,49.20000076293945,1232765
2020-02-19,50.04999923706055,51.650001525878906,47.599998474121094,51.400001525878906,51.400001525878906,739851
2020-02-20,53.95000076293945,53.95000076293945,53.95000076293945,53.95000076293945,53.95000076293945,119808
2020-02-24,56.599998474121094,56.599998474121094,54.0,56.599998474121094,56.599998474121094,1180097
2020-02-25,57.900001525878906,58.75,53.79999923706055,56.04999923706055,56.04999923706055,950371
2020-02-26,55.0,58.849998474121094,55.0,58.349998474121094,58.349998474121094,1015528
2020-02-27,59.0,59.0,55.45000076293945,55.45000076293945,55.45000076293945,295662
2020-02-28,52.70000076293945,52.70000076293945,52.70000076293945,52.70000076293945,52.70000076293945,23153
2020-03-02,50.099998474121094,50.099998474121094,50.099998474121094,50.099998474121094,50.099998474121094,62987
2020-03-03,47.599998474121094,47.599998474121094,47.599998474121094,47.599998474121094,47.599998474121094,31467
2020-03-04,45.25,45.25,45.25,45.25,45.25,18537
2020-03-05,43.0,43.0,43.0,43.0,43.0,30583
2020-03-06,40.849998474121094,40.849998474121094,40.849998474121094,40.849998474121094,40.849998474121094,16405
2020-03-09,38.849998474121094,38.849998474121094,38.849998474121094,38.849998474121094,38.849998474121094,12508
2020-03-11,36.95000076293945,36.95000076293945,36.95000076293945,36.95000076293945,36.95000076293945,23762
2020-03-12,35.150001525878906,35.150001525878906,35.150001525878906,35.150001525878906,35.150001525878906,6785
2020-03-13,33.400001525878906,33.400001525878906,33.400001525878906,33.400001525878906,33.400001525878906,22352
2020-03-16,31.75,31.75,31.75,31.75,31.75,20713
2020-03-17,30.200000762939453,30.200000762939453,30.200000762939453,30.200000762939453,30.200000762939453,19843
2020-03-18,28.700000762939453,28.700000762939453,28.700000762939453,28.700000762939453,28.700000762939453,14407
2020-03-19,27.299999237060547,27.299999237060547,27.299999237060547,27.299999237060547,27.299999237060547,13454
2020-03-20,25.950000762939453,25.950000762939453,25.950000762939453,25.950000762939453,25.950000762939453,22135
2020-03-23,24.700000762939453,24.700000762939453,24.700000762939453,24.700000762939453,24.700000762939453,20396
2020-03-24,23.5,23.5,23.5,23.5,23.5,19735
2020-03-25,22.350000381469727,22.350000381469727,22.350000381469727,22.350000381469727,22.350000381469727,15707
2020-03-26,21.25,21.25,21.25,21.25,21.25,70201
2020-03-27,20.200000762939453,22.299999237060547,20.200000762939453,20.200000762939453,20.200000762939453,1488040
2020-03-30,19.200000762939453,19.200000762939453,19.200000762939453,19.200000762939453,19.200000762939453,49094
2020-03-31,18.25,18.25,18.25,18.25,18.25,59714
2020-04-01,17.350000381469727,17.350000381469727,17.350000381469727,17.350000381469727,17.350000381469727,103474
2020-04-03,16.5,18.200000762939453,16.5,18.200000762939453,18.200000762939453,1458367
2020-04-07,19.100000381469727,19.100000381469727,19.100000381469727,19.100000381469727,19.100000381469727,34194
2020-04-08,20.049999237060547,20.049999237060547,20.049999237060547,20.049999237060547,20.049999237060547,32916
2020-04-09,21.049999237060547,21.049999237060547,20.399999618530273,21.049999237060547,21.049999237060547,866556
2020-04-13,22.100000381469727,22.100000381469727,20.0,22.100000381469727,22.100000381469727,437552
2020-04-15,23.200000762939453,23.200000762939453,22.899999618530273,23.200000762939453,23.200000762939453,391427
2020-04-16,24.350000381469727,24.350000381469727,24.350000381469727,24.350000381469727,24.350000381469727,40706
2020-04-17,25.549999237060547,25.549999237060547,25.549999237060547,25.549999237060547,25.549999237060547,56532
2020-04-20,26.799999237060547,26.799999237060547,26.799999237060547,26.799999237060547,26.799999237060547,101553
2020-04-21,28.100000381469727,28.100000381469727,26.200000762939453,28.100000381469727,28.100000381469727,449009
2020-04-22,29.5,29.5,28.100000381469727,29.5,29.5,243634
2020-04-23,30.950000762939453,30.950000762939453,30.0,30.950000762939453,30.950000762939453,111103
2020-04-24,32.45000076293945,32.45000076293945,32.45000076293945,32.45000076293945,32.45000076293945,148920
2020-04-27,34.04999923706055,34.04999923706055,30.850000381469727,30.850000381469727,30.850000381469727,203861
2020-04-28,29.350000381469727,29.350000381469727,29.350000381469727,29.350000381469727,29.350000381469727,28501
2020-04-29,27.899999618530273,27.899999618530273,27.899999618530273,27.899999618530273,27.899999618530273,32210
2020-04-30,26.549999237060547,29.25,26.549999237060547,26.549999237060547,26.549999237060547,1360318
2020-05-04,25.25,27.299999237060547,25.25,25.25,25.25,353010
2020-05-05,24.549999237060547,26.5,24.549999237060547,26.5,26.5,305306
2020-05-06,27.799999237060547,27.799999237060547,25.350000381469727,25.799999237060547,25.799999237060547,327327
2020-05-07,25.799999237060547,26.799999237060547,24.549999237060547,24.649999618530273,24.649999618530273,261044
2020-05-08,25.5,25.5,23.649999618530273,24.149999618530273,24.149999618530273,194251
2020-05-11,23.549999237060547,25.350000381469727,23.549999237060547,25.350000381469727,25.350000381469727,222655
2020-05-12,26.25,26.25,24.100000381469727,25.350000381469727,25.350000381469727,238526
2020-05-13,26.600000381469727,26.600000381469727,25.0,25.799999237060547,25.799999237060547,266789
2020-05-14,25.850000381469727,26.299999237060547,24.75,24.850000381469727,24.850000381469727,179565
2020-05-15,25.399999618530273,25.399999618530273,23.799999237060547,24.600000381469727,24.600000381469727,130217
2020-05-18,25.100000381469727,25.100000381469727,23.399999618530273,23.399999618530273,23.399999618530273,135003
2020-05-19,23.399999618530273,23.399999618530273,22.25,22.25,22.25,163451
2020-05-20,21.5,23.350000381469727,21.149999618530273,23.350000381469727,23.350000381469727,151272
2020-05-21,24.399999618530273,24.5,22.350000381469727,24.450000762939453,24.450000762939453,290118
2020-05-22,25.0,25.0,23.25,23.399999618530273,23.399999618530273,187174
2020-05-26,24.5,24.549999237060547,24.049999237060547,24.549999237060547,24.549999237060547,422999
2020-05-27,25.75,25.75,24.75,25.75,25.75,267173
2020-05-28,27.0,27.0,27.0,27.0,27.0,87660
2020-05-29,28.350000381469727,28.350000381469727,27.049999237060547,28.350000381469727,28.350000381469727,473715
2020-06-01,29.75,29.75,29.600000381469727,29.75,29.75,152916
2020-06-02,31.200000762939453,31.200000762939453,31.200000762939453,31.200000762939453,31.200000762939453,61695
2020-06-03,32.75,32.75,29.649999618530273,30.0,30.0,1453414
2020-06-04,30.0,30.899999618530273,28.5,28.549999237060547,28.549999237060547,603755
2020-06-05,28.0,29.950000762939453,27.149999618530273,29.950000762939453,29.950000762939453,497131
2020-06-08,31.399999618530273,31.399999618530273,29.5,30.299999237060547,30.299999237060547,800747
2020-06-09,30.600000381469727,31.399999618530273,28.899999618530273,29.350000381469727,29.350000381469727,282917
2020-06-10,30.299999237060547,30.5,28.649999618530273,30.399999618530273,30.399999618530273,350755
2020-06-11,30.399999618530273,30.5,28.899999618530273,29.0,29.0,315990
2020-06-12,27.549999237060547,28.700000762939453,27.549999237060547,28.200000762939453,28.200000762939453,293464
2020-06-15,28.899999618530273,29.549999237060547,28.100000381469727,28.950000762939453,28.950000762939453,248571
2020-06-16,30.25,30.25,27.700000762939453,28.149999618530273,28.149999618530273,236269
2020-06-17,28.25,28.600000381469727,27.149999618530273,27.700000762939453,27.700000762939453,128095
2020-06-18,28.0,29.0,27.5,28.399999618530273,28.399999618530273,174209
2020-06-19,28.899999618530273,29.799999237060547,27.5,28.649999618530273,28.649999618530273,411308
2020-06-22,29.950000762939453,29.950000762939453,28.299999237060547,28.899999618530273,28.899999618530273,639348
2020-06-23,28.899999618530273,29.700000762939453,28.350000381469727,28.799999237060547,28.799999237060547,301735
2020-06-24,28.5,28.950000762939453,28.399999618530273,28.450000762939453,28.450000762939453,315200
2020-06-25,28.5,28.899999618530273,27.950000762939453,28.149999618530273,28.149999618530273,151426
2020-06-26,28.0,28.649999618530273,28.0,28.549999237060547,28.549999237060547,135530
2020-06-29,28.700000762939453,28.700000762939453,27.75,28.149999618530273,28.149999618530273,229225
2020-06-30,28.549999237060547,28.549999237060547,27.600000381469727,28.0,28.0,156853
2020-07-01,27.600000381469727,28.0,27.399999618530273,27.899999618530273,27.899999618530273,97804
2020-07-02,28.0,28.5,27.0,27.899999618530273,27.899999618530273,154606
2020-07-03,28.200000762939453,28.450000762939453,27.5,27.899999618530273,27.899999618530273,137413
2020-07-06,28.450000762939453,28.950000762939453,27.899999618530273,28.350000381469727,28.350000381469727,155136
2020-07-07,28.799999237060547,29.75,28.149999618530273,29.75,29.75,376036
2020-07-08,31.200000762939453,31.200000762939453,29.100000381469727,31.049999237060547,31.049999237060547,595735
2020-07-09,30.700000762939453,32.599998474121094,30.700000762939453,32.599998474121094,32.599998474121094,279774
2020-07-10,33.650001525878906,34.20000076293945,33.0,34.20000076293945,34.20000076293945,494014
2020-07-13,35.20000076293945,35.900001525878906,34.599998474121094,35.900001525878906,35.900001525878906,155028
2020-07-14,37.650001525878906,37.650001525878906,37.650001525878906,37.650001525878906,37.650001525878906,89178
2020-07-15,39.5,39.5,39.5,39.5,39.5,47389
2020-07-16,41.45000076293945,41.45000076293945,37.54999923706055,37.54999923706055,37.54999923706055,1071055
2020-07-17,36.25,36.54999923706055,35.70000076293945,35.70000076293945,35.70000076293945,308394
2020-07-20,34.099998474121094,37.45000076293945,33.95000076293945,36.650001525878906,36.650001525878906,574322
2020-07-21,36.900001525878906,38.20000076293945,35.0,35.650001525878906,35.650001525878906,498922
2020-07-22,35.650001525878906,36.5,35.20000076293945,35.5,35.5,144946
2020-07-23,35.5,36.099998474121094,34.099998474121094,34.29999923706055,34.29999923706055,143565
2020-07-24,34.849998474121094,34.95000076293945,33.25,33.75,33.75,116034
2020-07-27,34.599998474121094,34.599998474121094,32.099998474121094,32.099998474121094,32.099998474121094,161964
2020-07-28,32.099998474121094,32.900001525878906,31.149999618530273,31.649999618530273,31.649999618530273,106504
2020-07-29,32.54999923706055,33.20000076293945,31.049999237060547,33.099998474121094,33.099998474121094,308567
2020-07-30,34.0,34.0,31.450000762939453,31.450000762939453,31.450000762939453,153101
2020-07-31,31.0,31.850000381469727,29.899999618530273,30.950000762939453,30.950000762939453,141033
2020-08-03,29.450000762939453,30.450000762939453,29.450000762939453,29.450000762939453,29.450000762939453,180476
2020-08-04,28.0,30.899999618530273,28.0,30.899999618530273,30.899999618530273,153322
2020-08-05,31.799999237060547,32.0,29.5,31.0,31.0,248932
2020-08-06,31.5,32.54999923706055,31.0,32.150001525878906,32.150001525878906,155249
2020-08-07,32.0,33.75,31.25,33.75,33.75,187894
2020-08-10,35.150001525878906,35.400001525878906,34.0,35.349998474121094,35.349998474121094,497591
2020-08-11,37.099998474121094,37.099998474121094,34.45000076293945,34.849998474121094,34.849998474121094,407710
2020-08-12,34.95000076293945,34.95000076293945,33.150001525878906,33.650001525878906,33.650001525878906,293195
2020-08-13,34.5,34.900001525878906,33.349998474121094,34.150001525878906,34.150001525878906,128437
2020-08-14,34.70000076293945,35.25,32.79999923706055,33.099998474121094,33.099998474121094,225544
2020-08-17,34.099998474121094,34.099998474121094,32.099998474121094,33.20000076293945,33.20000076293945,141331
2020-08-18,32.75,33.900001525878906,32.5,32.900001525878906,32.900001525878906,161647
2020-08-19,32.54999923706055,34.5,32.349998474121094,34.5,34.5,297206
2020-08-20,34.0,36.099998474121094,33.099998474121094,34.400001525878906,34.400001525878906,310153
2020-08-21,34.5,35.20000076293945,33.599998474121094,34.150001525878906,34.150001525878906,181043
2020-08-24,35.400001525878906,35.400001525878906,33.04999923706055,33.599998474121094,33.599998474121094,211453
2020-08-25,34.45000076293945,34.70000076293945,33.5,34.04999923706055,34.04999923706055,116581
2020-08-26,34.5,34.5,33.25,33.400001525878906,33.400001525878906,169528
2020-08-27,33.599998474121094,34.29999923706055,33.150001525878906,33.54999923706055,33.54999923706055,252950
2020-08-28,33.79999923706055,33.79999923706055,32.25,32.900001525878906,32.900001525878906,186279
2020-08-31,33.70000076293945,33.70000076293945,31.299999237060547,31.299999237060547,31.299999237060547,181755
2020-09-01,30.149999618530273,31.950000762939453,29.799999237060547,30.399999618530273,30.399999618530273,147424
2020-09-02,31.25,31.899999618530273,30.25,31.899999618530273,31.899999618530273,78121
2020-09-03,32.45000076293945,32.650001525878906,31.600000381469727,32.0,32.0,137260
2020-09-04,31.0,32.650001525878906,30.399999618530273,30.899999618530273,30.899999618530273,81130
2020-09-07,31.0,31.350000381469727,30.100000381469727,30.549999237060547,30.549999237060547,62386
2020-09-08,30.549999237060547,30.799999237060547,29.25,29.700000762939453,29.700000762939453,98138
2020-09-09,30.0,30.399999618530273,28.350000381469727,29.299999237060547,29.299999237060547,106605
2020-09-10,30.25,30.299999237060547,29.350000381469727,29.5,29.5,81406
2020-09-11,30.149999618530273,30.25,28.75,29.25,29.25,99494
2020-09-14,29.049999237060547,30.200000762939453,29.049999237060547,29.649999618530273,29.649999618530273,137849
2020-09-15,30.0,30.799999237060547,29.600000381469727,30.100000381469727,30.100000381469727,209352
2020-09-16,30.75,30.75,29.5,29.899999618530273,29.899999618530273,190543
2020-09-17,30.450000762939453,30.450000762939453,29.0,29.299999237060547,29.299999237060547,102447
2020-09-18,29.450000762939453,29.950000762939453,29.0,29.25,29.25,65905
2020-09-21,29.5,29.5,27.799999237060547,28.0,28.0,141675
2020-09-22,28.149999618530273,28.25,27.049999237060547,27.75,27.75,78949
2020-09-23,28.5,28.5,27.299999237060547,27.799999237060547,27.799999237060547,91559
2020-09-24,27.799999237060547,29.149999618530273,27.799999237060547,29.149999618530273,29.149999618530273,163352
2020-09-25,30.0,30.5,28.850000381469727,29.600000381469727,29.600000381469727,144701
2020-09-28,29.25,31.049999237060547,29.25,31.049999237060547,31.049999237060547,125583
2020-09-29,32.599998474121094,32.599998474121094,31.049999237060547,31.450000762939453,31.450000762939453,156364
2020-09-30,31.450000762939453,32.45000076293945,30.549999237060547,31.299999237060547,31.299999237060547,84751
2020-10-01,31.299999237060547,32.29999923706055,30.299999237060547,32.150001525878906,32.150001525878906,178279
2020-10-05,33.5,33.75,33.04999923706055,33.75,33.75,239751
2020-10-06,34.900001525878906,35.400001525878906,32.54999923706055,35.400001525878906,35.400001525878906,180050
2020-10-07,36.900001525878906,37.0,33.650001525878906,33.650001525878906,33.650001525878906,389326
2020-10-08,34.70000076293945,34.70000076293945,31.5,33.5,33.5,186251
2020-10-09,34.5,34.5,31.5,32.349998474121094,32.349998474121094,206040
2020-10-12,33.0,33.150001525878906,31.049999237060547,31.399999618530273,31.399999618530273,101896
2020-10-13,31.5,32.0,30.450000762939453,31.049999237060547,31.049999237060547,49584
2020-10-14,30.350000381469727,31.350000381469727,30.25,30.649999618530273,30.649999618530273,68321
2020-10-15,30.450000762939453,33.70000076293945,30.0,31.149999618530273,31.149999618530273,273159
2020-10-16,32.400001525878906,33.400001525878906,31.350000381469727,32.29999923706055,32.29999923706055,167090
2020-10-19,33.349998474121094,33.349998474121094,31.600000381469727,32.04999923706055,32.04999923706055,73523
2020-10-20,32.099998474121094,32.349998474121094,31.299999237060547,31.899999618530273,31.899999618530273,59176
2020-10-21,32.25,32.25,31.100000381469727,31.549999237060547,31.549999237060547,49828
2020-10-22,30.700000762939453,31.799999237060547,30.700000762939453,31.549999237060547,31.549999237060547,61937
2020-10-23,32.0,32.900001525878906,31.299999237060547,31.850000381469727,31.850000381469727,106843
2020-10-26,32.25,32.650001525878906,31.100000381469727,31.299999237060547,31.299999237060547,83406
2020-10-27,30.549999237060547,31.450000762939453,28.350000381469727,30.200000762939453,30.200000762939453,140374
2020-10-28,30.75,31.0,29.049999237060547,29.299999237060547,29.299999237060547,85102
2020-10-29,29.0,29.950000762939453,28.5,28.950000762939453,28.950000762939453,112290
2020-10-30,30.0,30.0,28.850000381469727,29.049999237060547,29.049999237060547,68596
2020-11-02,29.950000762939453,29.950000762939453,27.799999237060547,28.700000762939453,28.700000762939453,61134
2020-11-03,29.450000762939453,29.5,28.600000381469727,29.25,29.25,130677
2020-11-04,29.0,29.549999237060547,28.100000381469727,29.149999618530273,29.149999618530273,175186
2020-11-05,29.350000381469727,29.5,29.0,29.399999618530273,29.399999618530273,30064
2020-11-06,30.600000381469727,30.600000381469727,29.149999618530273,29.350000381469727,29.350000381469727,53233
2020-11-09,30.399999618530273,30.399999618530273,28.799999237060547,29.149999618530273,29.149999618530273,75357
2020-11-10,29.5,29.600000381469727,29.0,29.200000762939453,29.200000762939453,69221
2020-11-11,29.5,29.5,28.799999237060547,29.149999618530273,29.149999618530273,80237
2020-11-12,29.149999618530273,30.799999237060547,29.149999618530273,29.850000381469727,29.850000381469727,148425
2020-11-13,30.149999618530273,30.5,29.350000381469727,29.549999237060547,29.549999237060547,69440
2020-11-14,29.950000762939453,30.549999237060547,29.5,30.049999237060547,30.049999237060547,35409
2020-11-17,30.5,30.600000381469727,29.5,30.0,30.0,140219
2020-11-18,30.5,31.899999618530273,29.899999618530273,31.700000762939453,31.700000762939453,155946
2020-11-19,32.0,32.25,30.75,31.549999237060547,31.549999237060547,277106
2020-11-20,32.75,32.75,31.0,31.700000762939453,31.700000762939453,218894
2020-11-23,31.25,34.400001525878906,31.25,32.650001525878906,32.650001525878906,344096
2020-11-24,33.099998474121094,33.650001525878906,31.200000762939453,31.450000762939453,31.450000762939453,240387
2020-11-25,32.0,32.20000076293945,31.049999237060547,31.450000762939453,31.450000762939453,137598
2020-11-26,31.799999237060547,32.0,31.100000381469727,31.600000381469727,31.600000381469727,92824
2020-11-27,32.0,32.5,31.600000381469727,31.950000762939453,31.950000762939453,89280
2020-12-01,32.5,35.099998474121094,31.600000381469727,35.099998474121094,35.099998474121094,351960
2020-12-02,38.599998474121094,38.599998474121094,38.25,38.599998474121094,38.599998474121094,355331
2020-12-03,42.45000076293945,42.45000076293945,42.45000076293945,42.45000076293945,42.45000076293945,179784
2020-12-04,44.54999923706055,44.54999923706055,40.349998474121094,40.349998474121094,40.349998474121094,1011291
2020-12-07,40.0,40.54999923706055,38.349998474121094,38.349998474121094,38.349998474121094,329322
2020-12-08,38.900001525878906,38.900001525878906,36.45000076293945,36.79999923706055,36.79999923706055,417369
2020-12-09,37.0,38.0,37.0,37.650001525878906,37.650001525878906,219436
2020-12-10,37.0,38.400001525878906,36.5,37.0,37.0,100351
2020-12-11,37.70000076293945,38.849998474121094,36.29999923706055,38.849998474121094,38.849998474121094,245564
2020-12-14,40.75,40.75,37.349998474121094,39.95000076293945,39.95000076293945,667331
2020-12-15,40.900001525878906,40.900001525878906,38.79999923706055,39.099998474121094,39.099998474121094,293570
2020-12-16,39.79999923706055,41.04999923706055,39.54999923706055,41.04999923706055,41.04999923706055,473220
2020-12-17,42.70000076293945,43.099998474121094,39.25,40.5,40.5,697341
2020-12-18,40.75,40.75,38.54999923706055,39.150001525878906,39.150001525878906,219547
2020-12-21,40.25,40.45000076293945,37.20000076293945,37.20000076293945,37.20000076293945,200634
2020-12-22,35.54999923706055,38.0,35.349998474121094,37.0,37.0,184331
2020-12-23,38.400001525878906,38.849998474121094,36.599998474121094,38.79999923706055,38.79999923706055,159785
2020-12-24,39.79999923706055,40.29999923706055,38.849998474121094,39.25,39.25,143512
2020-12-28,40.0,40.5,38.04999923706055,38.5,38.5,262727
2020-12-29,38.54999923706055,39.650001525878906,38.54999923706055,38.95000076293945,38.95000076293945,97783
2020-12-30,38.150001525878906,39.599998474121094,38.099998474121094,39.25,39.25,109125
2020-12-31,41.20000076293945,41.20000076293945,41.20000076293945,41.20000076293945,41.20000076293945,122683
2021-01-01,43.25,43.25,41.900001525878906,42.54999923706055,42.54999923706055,931303
2021-01-04,42.20000076293945,42.900001525878906,40.70000076293945,41.650001525878906,41.650001525878906,319856
2021-01-05,41.0,41.599998474121094,40.25,41.04999923706055,41.04999923706055,190043
2021-01-06,41.79999923706055,42.0,39.29999923706055,40.150001525878906,40.150001525878906,177384
2021-01-07,40.900001525878906,41.0,40.20000076293945,40.849998474121094,40.849998474121094,117619
2021-01-08,41.95000076293945,41.95000076293945,40.0,40.5,40.5,180324
2021-01-11,41.900001525878906,41.900001525878906,39.5,40.0,40.0,175426
2021-01-12,40.0,40.900001525878906,39.349998474121094,39.79999923706055,39.79999923706055,115932
2021-01-13,40.75,40.75,39.5,39.650001525878906,39.650001525878906,93208
2021-01-14,39.650001525878906,40.099998474121094,38.5,39.04999923706055,39.04999923706055,105358
2021-01-15,39.0,39.70000076293945,38.20000076293945,38.650001525878906,38.650001525878906,103883
2021-01-18,40.54999923706055,40.54999923706055,39.5,40.54999923706055,40.54999923706055,421237
2021-01-19,42.0,42.54999923706055,41.900001525878906,42.54999923706055,42.54999923706055,394432
2021-01-20,42.54999923706055,43.0,40.5,40.900001525878906,40.900001525878906,370629
2021-01-21,41.349998474121094,42.400001525878906,39.0,39.29999923706055,39.29999923706055,250820
2021-01-22,39.099998474121094,40.0,38.099998474121094,38.54999923706055,38.54999923706055,165965
2021-01-25,39.75,40.45000076293945,38.400001525878906,38.900001525878906,38.900001525878906,356966
2021-01-27,38.900001525878906,39.400001525878906,37.599998474121094,38.45000076293945,38.45000076293945,131322
2021-01-28,38.70000076293945,39.45000076293945,37.599998474121094,39.04999923706055,39.04999923706055,81340
2021-01-29,40.45000076293945,40.45000076293945,38.150001525878906,38.900001525878906,38.900001525878906,103851
2021-02-01,39.20000076293945,40.0,38.5,38.95000076293945,38.95000076293945,228611
2021-02-02,39.75,39.75,38.20000076293945,38.400001525878906,38.400001525878906,158998
2021-02-03,38.20000076293945,39.0,38.20000076293945,38.75,38.75,101310
2021-02-04,39.79999923706055,39.79999923706055,38.650001525878906,38.95000076293945,38.95000076293945,282204
2021-02-05,39.20000076293945,39.20000076293945,37.45000076293945,37.650001525878906,37.650001525878906,160163
2021-02-08,38.349998474121094,38.75,37.650001525878906,37.95000076293945,37.95000076293945,146666
2021-02-09,37.95000076293945,38.95000076293945,37.099998474121094,37.54999923706055,37.54999923706055,113775
2021-02-10,37.25,38.599998474121094,36.75,38.29999923706055,38.29999923706055,240974
2021-02-11,38.25,39.29999923706055,37.599998474121094,38.0,38.0,302873
2021-02-12,37.79999923706055,38.349998474121094,36.849998474121094,37.099998474121094,37.099998474121094,148394
2021-02-15,37.70000076293945,38.04999923706055,36.400001525878906,36.650001525878906,36.650001525878906,115206
2021-02-16,37.0,37.0,36.25,36.45000076293945,36.45000076293945,83384
2021-02-17,37.20000076293945,37.400001525878906,35.54999923706055,36.95000076293945,36.95000076293945,173812
2021-02-18,36.70000076293945,37.650001525878906,35.5,36.20000076293945,36.20000076293945,170275
2021-02-19,36.20000076293945,37.0,36.099998474121094,36.70000076293945,36.70000076293945,90573
2021-02-22,36.04999923706055,36.95000076293945,34.900001525878906,35.150001525878906,35.150001525878906,214945
2021-02-23,35.45000076293945,36.900001525878906,35.0,36.900001525878906,36.900001525878906,92019
2021-02-24,37.849998474121094,38.70000076293945,35.150001525878906,36.79999923706055,36.79999923706055,160608
2021-02-25,37.150001525878906,38.04999923706055,36.599998474121094,37.25,37.25,121289
2021-02-26,37.25,37.349998474121094,36.20000076293945,36.650001525878906,36.650001525878906,114476
2021-03-01,36.650001525878906,37.45000076293945,34.849998474121094,36.349998474121094,36.349998474121094,93249
2021-03-02,36.349998474121094,37.20000076293945,35.54999923706055,35.650001525878906,35.650001525878906,207602
2021-03-03,36.5,36.5,34.95000076293945,35.29999923706055,35.29999923706055,274339
2021-03-04,35.29999923706055,35.95000076293945,34.75,35.650001525878906,35.650001525878906,214810
2021-03-05,36.0,37.400001525878906,35.150001525878906,36.0,36.0,349064
2021-03-08,36.25,36.75,35.900001525878906,36.0,36.0,90470
2021-03-09,35.29999923706055,36.5,34.650001525878906,34.900001525878906,34.900001525878906,183685
2021-03-10,34.900001525878906,36.599998474121094,34.900001525878906,36.599998474121094,36.599998474121094,433782
2021-03-12,38.0,38.400001525878906,35.25,37.150001525878906,37.150001525878906,879474
2021-03-15,37.29999923706055,37.29999923706055,35.29999923706055,35.29999923706055,35.29999923706055,162919
2021-03-16,34.75,36.79999923706055,34.75,35.0,35.0,158585
2021-03-17,35.5,36.29999923706055,34.150001525878906,34.599998474121094,34.599998474121094,218233
2021-03-18,34.04999923706055,35.0,33.04999923706055,33.25,33.25,78314
2021-03-19,32.400001525878906,33.5,31.600000381469727,33.150001525878906,33.150001525878906,111723
2021-03-22,33.5,33.599998474121094,31.5,33.04999923706055,33.04999923706055,231765
2021-03-23,33.04999923706055,34.5,33.0,34.349998474121094,34.349998474121094,57570
2021-03-24,34.349998474121094,34.650001525878906,33.45000076293945,33.900001525878906,33.900001525878906,70259
2021-03-25,34.70000076293945,35.0,32.29999923706055,32.400001525878906,32.400001525878906,62472
2021-03-26,32.95000076293945,33.0,30.799999237060547,30.950000762939453,30.950000762939453,214677
2021-03-30,31.5,32.0,30.0,30.5,30.5,156801
2021-03-31,30.899999618530273,31.700000762939453,30.0,30.5,30.5,133877
2021-04-01,31.0,32.0,30.549999237060547,31.950000762939453,31.950000762939453,141979
2021-04-05,31.899999618530273,31.899999618530273,30.450000762939453,30.950000762939453,30.950000762939453,124435
2021-04-06,31.450000762939453,31.75,30.5,30.850000381469727,30.850000381469727,65121
2021-04-07,31.299999237060547,32.349998474121094,30.649999618530273,31.950000762939453,31.950000762939453,120144
2021-04-08,33.29999923706055,34.349998474121094,32.5,33.150001525878906,33.150001525878906,244607
2021-04-09,33.900001525878906,34.54999923706055,33.0,33.79999923706055,33.79999923706055,82579
2021-04-12,33.0,33.75,30.549999237060547,30.549999237060547,30.549999237060547,205627
2021-04-13,30.700000762939453,31.399999618530273,30.399999618530273,30.850000381469727,30.850000381469727,59757
2021-04-15,30.100000381469727,30.75,29.399999618530273,29.850000381469727,29.850000381469727,108728
2021-04-16,30.350000381469727,30.350000381469727,29.0,29.100000381469727,29.100000381469727,116534
2021-04-19,28.899999618530273,29.0,27.950000762939453,28.25,28.25,99685
2021-04-20,28.100000381469727,28.899999618530273,28.049999237060547,28.25,28.25,141495
2021-04-22,29.600000381469727,29.600000381469727,28.100000381469727,28.450000762939453,28.450000762939453,74489
2021-04-23,27.700000762939453,28.799999237060547,27.700000762939453,28.5,28.5,74212
2021-04-26,28.600000381469727,29.799999237060547,28.25,29.600000381469727,29.600000381469727,84307
2021-04-27,30.049999237060547,30.5,29.299999237060547,30.100000381469727,30.100000381469727,51022
2021-04-28,30.700000762939453,30.799999237060547,30.0,30.549999237060547,30.549999237060547,48908
2021-04-29,31.25,31.299999237060547,30.0,30.049999237060547,30.049999237060547,65946
2021-04-30,30.799999237060547,30.850000381469727,29.649999618530273,30.350000381469727,30.350000381469727,54252
2021-05-03,29.75,31.799999237060547,29.450000762939453,29.600000381469727,29.600000381469727,115793
2021-05-04,31.149999618530273,31.149999618530273,29.399999618530273,29.600000381469727,29.600000381469727,65204
2021-05-05,29.549999237060547,30.450000762939453,29.100000381469727,29.549999237060547,29.549999237060547,46325
2021-05-06,29.799999237060547,30.100000381469727,29.350000381469727,29.649999618530273,29.649999618530273,44813
2021-05-07,30.049999237060547,32.599998474121094,29.75,31.299999237060547,31.299999237060547,212190
2021-05-10,32.54999923706055,34.20000076293945,30.899999618530273,32.400001525878906,32.400001525878906,160187
2021-05-11,32.349998474121094,33.25,30.700000762939453,31.899999618530273,31.899999618530273,160820
2021-05-12,32.349998474121094,32.45000076293945,31.549999237060547,31.75,31.75,99978
2021-05-14,31.5,32.099998474121094,30.799999237060547,30.950000762939453,30.950000762939453,122883
2021-05-17,30.950000762939453,31.950000762939453,30.0,30.450000762939453,30.450000762939453,94337
2021-05-18,31.399999618530273,31.75,30.049999237060547,30.450000762939453,30.450000762939453,115862
2021-05-19,31.0,31.549999237060547,30.049999237060547,31.149999618530273,31.149999618530273,121501
2021-05-20,31.799999237060547,32.0,30.700000762939453,31.5,31.5,95890
2021-05-21,31.5,32.75,30.950000762939453,31.25,31.25,239451
2021-05-24,31.799999237060547,32.20000076293945,30.299999237060547,31.049999237060547,31.049999237060547,243798
2021-05-25,31.799999237060547,31.799999237060547,30.600000381469727,30.799999237060547,30.799999237060547,114163
2021-05-26,30.600000381469727,31.850000381469727,30.600000381469727,31.350000381469727,31.350000381469727,237399
2021-05-27,32.0,34.45000076293945,31.5,34.45000076293945,34.45000076293945,419301
2021-05-28,36.79999923706055,37.45000076293945,33.0,33.599998474121094,33.599998474121094,697145
2021-05-31,34.79999923706055,35.099998474121094,33.900001525878906,34.25,34.25,237095
2021-06-01,35.5,35.5,32.650001525878906,34.20000076293945,34.20000076293945,161315
2021-06-02,35.0,36.0,34.04999923706055,35.650001525878906,35.650001525878906,353789
2021-06-03,36.5,39.20000076293945,36.45000076293945,39.20000076293945,39.20000076293945,1025877
2021-06-04,41.04999923706055,42.54999923706055,40.0,40.45000076293945,40.45000076293945,1266518
2021-06-07,42.45000076293945,44.45000076293945,41.25,44.45000076293945,44.45000076293945,548438
2021-06-08,45.70000076293945,46.400001525878906,42.25,43.79999923706055,43.79999923706055,1000689
2021-06-09,45.75,45.95000076293945,41.650001525878906,42.900001525878906,42.900001525878906,707424
2021-06-10,43.0,44.25,40.79999923706055,43.29999923706055,43.29999923706055,444656
2021-06-11,43.25,43.75,41.349998474121094,41.900001525878906,41.900001525878906,352971
2021-06-14,42.75,42.95000076293945,39.849998474121094,42.20000076293945,42.20000076293945,322634
2021-06-15,42.900001525878906,44.29999923706055,42.29999923706055,44.29999923706055,44.29999923706055,509580
2021-06-16,45.0,45.29999923706055,42.29999923706055,42.70000076293945,42.70000076293945,245963
2021-06-17,42.400001525878906,42.95000076293945,40.599998474121094,41.099998474121094,41.099998474121094,342182
2021-06-18,40.95000076293945,41.5,39.04999923706055,39.20000076293945,39.20000076293945,247129
2021-06-21,38.900001525878906,41.150001525878906,38.099998474121094,41.150001525878906,41.150001525878906,97114
2021-06-22,43.20000076293945,43.20000076293945,43.20000076293945,43.20000076293945,43.20000076293945,48139
2021-06-23,45.349998474121094,45.349998474121094,42.599998474121094,44.400001525878906,44.400001525878906,801165
2021-06-24,43.900001525878906,46.599998474121094,43.150001525878906,46.599998474121094,46.599998474121094,566266
2021-06-25,48.400001525878906,48.900001525878906,47.29999923706055,48.900001525878906,48.900001525878906,609957
2021-06-28,51.29999923706055,51.29999923706055,51.29999923706055,51.29999923706055,51.29999923706055,137708
2021-06-29,53.849998474121094,53.849998474121094,53.849998474121094,53.849998474121094,53.849998474121094,116604
2021-06-30,56.5,56.5,51.20000076293945,51.20000076293945,51.20000076293945,2274639
2021-07-01,49.150001525878906,49.849998474121094,48.650001525878906,48.650001525878906,48.650001525878906,144994
2021-07-02,46.25,50.849998474121094,46.25,47.400001525878906,47.400001525878906,1594820
2021-07-05,48.95000076293945,49.75,47.150001525878906,49.75,49.75,443600
2021-07-06,51.04999923706055,52.20000076293945,48.70000076293945,49.29999923706055,49.29999923706055,614509
2021-07-07,49.29999923706055,51.0,46.849998474121094,47.20000076293945,47.20000076293945,309863
2021-07-08,48.0,49.54999923706055,46.70000076293945,47.0,47.0,274822
2021-07-09,46.20000076293945,48.20000076293945,45.900001525878906,47.20000076293945,47.20000076293945,184984
2021-07-12,47.95000076293945,49.29999923706055,47.099998474121094,48.349998474121094,48.349998474121094,209784
2021-07-13,48.0,49.349998474121094,47.54999923706055,48.95000076293945,48.95000076293945,263566
2021-07-14,49.5,51.349998474121094,48.5,51.349998474121094,51.349998474121094,344243
2021-07-15,52.900001525878906,52.900001525878906,50.400001525878906,50.95000076293945,50.95000076293945,248904
2021-07-16,51.95000076293945,51.95000076293945,50.29999923706055,50.650001525878906,50.650001525878906,141351
2021-07-19,50.900001525878906,52.0,49.349998474121094,51.45000076293945,51.45000076293945,220255
2021-07-20,51.0,51.95000076293945,48.900001525878906,49.75,49.75,316347
2021-07-22,50.0,50.79999923706055,48.349998474121094,48.79999923706055,48.79999923706055,157073
2021-07-23,49.95000076293945,50.5,48.5,49.349998474121094,49.349998474121094,248313
2021-07-26,49.099998474121094,50.099998474121094,48.400001525878906,48.849998474121094,48.849998474121094,117720
2021-07-27,50.0,50.0,47.25,48.099998474121094,48.099998474121094,94640
2021-07-28,48.099998474121094,48.599998474121094,45.70000076293945,46.349998474121094,46.349998474121094,158400
2021-07-29,47.349998474121094,47.5,45.29999923706055,45.95000076293945,45.95000076293945,113267
2021-07-30,46.099998474121094,46.20000076293945,43.70000076293945,43.849998474121094,43.849998474121094,202876
2021-08-02,45.70000076293945,45.70000076293945,44.0,45.099998474121094,45.099998474121094,79363
2021-08-03,46.400001525878906,46.400001525878906,43.5,44.29999923706055,44.29999923706055,141117
2021-08-04,45.45000076293945,45.5,42.099998474121094,42.099998474121094,42.099998474121094,152684
2021-08-05,42.099998474121094,43.349998474121094,40.0,40.5,40.5,142793
2021-08-06,40.849998474121094,42.5,40.150001525878906,42.45000076293945,42.45000076293945,64513
2021-08-09,42.79999923706055,43.75,40.349998474121094,40.650001525878906,40.650001525878906,114911
2021-08-10,41.79999923706055,41.79999923706055,38.650001525878906,39.0,39.0,96271
2021-08-11,39.75,39.75,37.04999923706055,38.70000076293945,38.70000076293945,335918
2021-08-12,39.0,40.599998474121094,39.0,40.599998474121094,40.599998474121094,92142
2021-08-13,42.20000076293945,42.45000076293945,40.650001525878906,41.349998474121094,41.349998474121094,300455
2021-08-16,43.099998474121094,43.099998474121094,39.349998474121094,40.099998474121094,40.099998474121094,53113
2021-08-17,41.70000076293945,41.70000076293945,38.099998474121094,38.54999923706055,38.54999923706055,94082
2021-08-18,39.79999923706055,39.79999923706055,37.04999923706055,38.099998474121094,38.099998474121094,141237
2021-08-20,37.150001525878906,38.54999923706055,36.599998474121094,37.25,37.25,46146
2021-08-23,37.29999923706055,39.099998474121094,37.150001525878906,39.099998474121094,39.099998474121094,123679
2021-08-24,39.849998474121094,39.849998474121094,37.650001525878906,38.75,38.75,64072
2021-08-25,38.0,39.45000076293945,37.79999923706055,38.099998474121094,38.099998474121094,38274
2021-08-26,38.45000076293945,39.400001525878906,37.599998474121094,37.95000076293945,37.95000076293945,41536
2021-08-27,38.5,38.5,37.75,38.04999923706055,38.04999923706055,29702
2021-08-30,39.0,39.0,36.349998474121094,37.04999923706055,37.04999923706055,148692
2021-08-31,37.75,37.900001525878906,36.79999923706055,37.099998474121094,37.099998474121094,40144
2021-09-01,38.400001525878906,38.400001525878906,37.45000076293945,38.25,38.25,43774
2021-09-02,39.650001525878906,39.650001525878906,38.099998474121094,38.349998474121094,38.349998474121094,28238
2021-09-03,39.29999923706055,39.29999923706055,36.95000076293945,37.599998474121094,37.599998474121094,79113
2021-09-06,38.349998474121094,38.900001525878906,37.0,37.29999923706055,37.29999923706055,81201
2021-09-07,38.0,38.099998474121094,37.0,37.5,37.5,41851
2021-09-08,38.0,39.25,37.650001525878906,38.400001525878906,38.400001525878906,59711
2021-09-09,39.79999923706055,39.79999923706055,38.54999923706055,38.75,38.75,25628
2021-09-13,39.79999923706055,40.650001525878906,38.20000076293945,40.650001525878906,40.650001525878906,155870
2021-09-14,41.099998474121094,42.650001525878906,40.79999923706055,42.650001525878906,42.650001525878906,87198
2021-09-15,44.75,44.75,43.29999923706055,44.75,44.75,260584
2021-09-16,45.900001525878906,46.95000076293945,43.5,46.95000076293945,46.95000076293945,280206
2021-09-17,47.95000076293945,49.25,44.75,46.79999923706055,46.79999923706055,650990
2021-09-20,47.0,47.0,44.5,44.5,44.5,108354
2021-09-21,45.0,45.900001525878906,42.29999923706055,42.29999923706055,42.29999923706055,245846
2021-09-22,42.29999923706055,44.400001525878906,41.70000076293945,44.29999923706055,44.29999923706055,161940
2021-09-23,45.0,45.95000076293945,42.79999923706055,43.20000076293945,43.20000076293945,122375
2021-09-24,43.400001525878906,44.79999923706055,42.599998474121094,44.20000076293945,44.20000076293945,70840
2021-09-27,45.45000076293945,45.45000076293945,43.20000076293945,43.75,43.75,41610
2021-09-28,43.75,44.5,42.45000076293945,43.150001525878906,43.150001525878906,60901
2021-09-29,42.400001525878906,44.150001525878906,42.400001525878906,42.95000076293945,42.95000076293945,34347
2021-09-30,42.95000076293945,43.95000076293945,41.79999923706055,42.25,42.25,108767
2021-10-01,42.25,42.75,41.650001525878906,41.849998474121094,41.849998474121094,40604
2021-10-04,41.150001525878906,43.75,41.150001525878906,42.599998474121094,42.599998474121094,58616
2021-10-05,42.70000076293945,43.599998474121094,42.5,42.95000076293945,42.95000076293945,87974
2021-10-06,42.5,45.04999923706055,42.099998474121094,44.75,44.75,226303
2021-10-07,46.45000076293945,47.5,45.04999923706055,47.150001525878906,47.150001525878906,231615
2021-10-08,47.150001525878906,48.25,45.0,45.29999923706055,45.29999923706055,73562
2021-10-11,46.900001525878906,46.900001525878906,44.20000076293945,45.29999923706055,45.29999923706055,100692
2021-10-12,46.099998474121094,46.54999923706055,44.599998474121094,44.900001525878906,44.900001525878906,66172
2021-10-13,46.0,46.0,43.79999923706055,44.099998474121094,44.099998474121094,89657
2021-10-14,44.95000076293945,46.0,44.0,44.650001525878906,44.650001525878906,100540
2021-10-18,46.150001525878906,46.150001525878906,42.400001525878906,42.599998474121094,42.599998474121094,114868
2021-10-19,43.0,43.400001525878906,39.349998474121094,39.849998474121094,39.849998474121094,404449
2021-10-20,40.349998474121094,41.5,38.900001525878906,39.95000076293945,39.95000076293945,130309
2021-10-21,39.5,41.29999923706055,39.099998474121094,39.79999923706055,39.79999923706055,85482
2021-10-22,40.70000076293945,41.75,40.0,40.95000076293945,40.95000076293945,92221
2021-10-25,41.45000076293945,41.45000076293945,39.849998474121094,40.04999923706055,40.04999923706055,60823
2021-10-26,41.400001525878906,41.70000076293945,40.20000076293945,41.45000076293945,41.45000076293945,123441
2021-10-27,42.95000076293945,42.95000076293945,40.5,40.75,40.75,27002
2021-10-28,41.5,41.5,37.400001525878906,39.099998474121094,39.099998474121094,149145
2021-10-29,40.29999923706055,40.29999923706055,38.5,39.20000076293945,39.20000076293945,100516
2021-11-01,38.5,39.70000076293945,38.5,39.04999923706055,39.04999923706055,32831
2021-11-02,39.099998474121094,40.900001525878906,39.0,40.25,40.25,77037
2021-11-03,39.45000076293945,41.599998474121094,39.45000076293945,40.650001525878906,40.650001525878906,60771
2021-11-04,39.099998474121094,41.400001525878906,39.099998474121094,40.650001525878906,40.650001525878906,21015
2021-11-08,41.75,41.75,40.5,40.79999923706055,40.79999923706055,70143
2021-11-09,41.349998474121094,41.400001525878906,40.54999923706055,40.900001525878906,40.900001525878906,44395
2021-11-10,40.900001525878906,44.95000076293945,39.599998474121094,41.70000076293945,41.70000076293945,234086
2021-11-11,42.0,42.29999923706055,41.0,41.099998474121094,41.099998474121094,34518
2021-11-12,41.099998474121094,41.099998474121094,40.5,40.79999923706055,40.79999923706055,20389
2021-11-15,40.5,41.349998474121094,38.54999923706055,39.0,39.0,84384
2021-11-16,39.0,42.900001525878906,38.70000076293945,42.900001525878906,42.900001525878906,335550
2021-11-17,44.70000076293945,44.75,40.54999923706055,41.29999923706055,41.29999923706055,168811
2021-11-18,41.0,41.95000076293945,39.0,39.54999923706055,39.54999923706055,102163
2021-11-22,39.54999923706055,40.79999923706055,37.0,37.45000076293945,37.45000076293945,155950
2021-11-23,39.349998474121094,39.349998474121094,37.04999923706055,38.29999923706055,38.29999923706055,96946
2021-11-24,40.79999923706055,40.79999923706055,38.849998474121094,39.54999923706055,39.54999923706055,50764
2021-11-25,39.54999923706055,41.650001525878906,38.650001525878906,41.0,41.0,225666
2021-11-26,40.95000076293945,43.900001525878906,39.29999923706055,42.54999923706055,42.54999923706055,406000
2021-11-29,41.0,42.400001525878906,39.150001525878906,39.95000076293945,39.95000076293945,81594
2021-11-30,40.5,43.900001525878906,39.900001525878906,43.20000076293945,43.20000076293945,522882
2021-12-01,43.29999923706055,44.0,41.70000076293945,42.5,42.5,114160
2021-12-02,41.5,46.0,41.5,45.150001525878906,45.150001525878906,495366
2021-12-03,45.5,48.5,44.20000076293945,48.20000076293945,48.20000076293945,671021
2021-12-06,49.70000076293945,53.0,48.599998474121094,52.95000076293945,52.95000076293945,880404
2021-12-07,53.400001525878906,55.54999923706055,50.349998474121094,50.349998474121094,50.349998474121094,620122
2021-12-08,50.400001525878906,52.0,47.849998474121094,47.849998474121094,47.849998474121094,278508
2021-12-09,47.849998474121094,49.29999923706055,47.0,47.79999923706055,47.79999923706055,110977
2021-12-10,49.25,50.150001525878906,47.599998474121094,50.150001525878906,50.150001525878906,127271
2021-12-13,52.650001525878906,52.650001525878906,47.900001525878906,48.75,48.75,278769
2021-12-14,49.20000076293945,50.54999923706055,48.29999923706055,49.599998474121094,49.599998474121094,175764
2021-12-15,48.650001525878906,49.5,47.150001525878906,47.5,47.5,81210
2021-12-16,48.95000076293945,48.95000076293945,45.349998474121094,46.75,46.75,181886
2021-12-17,46.75,46.75,44.45000076293945,44.54999923706055,44.54999923706055,66869
2021-12-20,42.70000076293945,46.400001525878906,42.349998474121094,42.349998474121094,42.349998474121094,60083
2021-12-21,43.95000076293945,44.45000076293945,42.0,42.70000076293945,42.70000076293945,210280
2021-12-22,42.79999923706055,44.20000076293945,41.04999923706055,43.29999923706055,43.29999923706055,144860
2021-12-23,44.099998474121094,44.650001525878906,42.5,42.95000076293945,42.95000076293945,98252
2021-12-24,43.95000076293945,43.95000076293945,41.900001525878906,42.650001525878906,42.650001525878906,102631
2021-12-27,42.0,43.5,41.400001525878906,42.75,42.75,137312
2021-12-28,43.349998474121094,44.5,42.70000076293945,43.04999923706055,43.04999923706055,141217
2021-12-29,42.400001525878906,45.150001525878906,42.400001525878906,44.95000076293945,44.95000076293945,129509
2021-12-30,46.45000076293945,46.45000076293945,43.349998474121094,43.70000076293945,43.70000076293945,63089
2021-12-31,44.54999923706055,44.79999923706055,43.20000076293945,43.70000076293945,43.70000076293945,62512
2022-01-03,43.099998474121094,45.849998474121094,43.099998474121094,45.599998474121094,45.599998474121094,98062
2022-01-04,46.45000076293945,46.5,43.349998474121094,43.599998474121094,43.599998474121094,138519
2022-01-05,42.54999923706055,44.04999923706055,41.45000076293945,43.150001525878906,43.150001525878906,112586
2022-01-06,43.0,45.29999923706055,42.54999923706055,45.29999923706055,45.29999923706055,152784
2022-01-07,46.900001525878906,47.54999923706055,45.5,46.25,46.25,258749
2022-01-10,47.95000076293945,48.0,45.900001525878906,46.70000076293945,46.70000076293945,126608
2022-01-11,47.150001525878906,47.20000076293945,44.54999923706055,44.849998474121094,44.849998474121094,132105
2022-01-12,44.75,45.599998474121094,42.849998474121094,43.349998474121094,43.349998474121094,181282
2022-01-13,44.5,45.5,43.25,43.79999923706055,43.79999923706055,161899
2022-01-14,43.04999923706055,45.70000076293945,43.04999923706055,45.400001525878906,45.400001525878906,112527
2022-01-17,46.29999923706055,47.599998474121094,43.599998474121094,44.04999923706055,44.04999923706055,302324
2022-01-18,44.95000076293945,45.099998474121094,43.04999923706055,43.150001525878906,43.150001525878906,150310
2022-01-19,44.0,44.5,43.0,44.25,44.25,64485
2022-01-20,44.95000076293945,46.45000076293945,43.5,45.5,45.5,453813
2022-01-21,45.04999923706055,47.75,44.5,47.75,47.75,863694
2022-01-24,49.0,49.45000076293945,45.400001525878906,45.400001525878906,45.400001525878906,395190
2022-01-25,44.5,46.29999923706055,43.5,45.5,45.5,260363
2022-01-27,46.29999923706055,46.900001525878906,43.849998474121094,46.150001525878906,46.150001525878906,143443
2022-01-28,46.900001525878906,48.45000076293945,46.25,47.04999923706055,47.04999923706055,623627
2022-01-31,46.95000076293945,47.70000076293945,45.5,45.79999923706055,45.79999923706055,121012
2022-02-01,45.75,47.650001525878906,45.70000076293945,46.400001525878906,46.400001525878906,169235
2022-02-02,47.599998474121094,48.70000076293945,46.099998474121094,48.5,48.5,407604
2022-02-03,49.45000076293945,49.45000076293945,46.54999923706055,46.900001525878906,46.900001525878906,163782
2022-02-04,47.349998474121094,47.599998474121094,44.70000076293945,45.29999923706055,45.29999923706055,169303
2022-02-07,46.0,47.54999923706055,45.45000076293945,46.25,46.25,299004
2022-02-08,46.25,46.849998474121094,45.29999923706055,46.150001525878906,46.150001525878906,96188
2022-02-09,46.79999923706055,46.79999923706055,44.5,45.29999923706055,45.29999923706055,77925
2022-02-10,44.79999923706055,46.599998474121094,44.0,44.20000076293945,44.20000076293945,149604
2022-02-11,44.20000076293945,45.0,43.5,43.95000076293945,43.95000076293945,168197
2022-02-14,42.650001525878906,43.54999923706055,41.79999923706055,41.79999923706055,41.79999923706055,111875
2022-02-15,42.900001525878906,42.900001525878906,39.75,39.79999923706055,39.79999923706055,206368
2022-02-16,40.0,41.400001525878906,39.849998474121094,40.79999923706055,40.79999923706055,66659
2022-02-17,41.70000076293945,41.95000076293945,39.150001525878906,39.849998474121094,39.849998474121094,54858
2022-02-18,38.349998474121094,40.04999923706055,38.29999923706055,39.20000076293945,39.20000076293945,116024
2022-02-21,39.45000076293945,39.45000076293945,37.25,37.25,37.25,101628
2022-02-22,36.0,37.20000076293945,35.400001525878906,35.400001525878906,35.400001525878906,189150
2022-02-23,35.5,36.900001525878906,35.0,36.150001525878906,36.150001525878906,79802
2022-02-24,36.0,36.0,34.349998474121094,34.349998474121094,34.349998474121094,95468
2022-02-25,33.25,35.900001525878906,33.25,35.349998474121094,35.349998474121094,34791
2022-02-28,36.0,37.099998474121094,35.04999923706055,37.099998474121094,37.099998474121094,133144
2022-03-02,37.849998474121094,38.95000076293945,37.150001525878906,38.95000076293945,38.95000076293945,196337
2022-03-03,40.599998474121094,40.849998474121094,40.0,40.849998474121094,40.849998474121094,121724
2022-03-04,40.849998474121094,42.849998474121094,40.20000076293945,42.849998474121094,42.849998474121094,262126
2022-03-07,44.95000076293945,44.95000076293945,40.75,43.70000076293945,43.70000076293945,618075
2022-03-08,44.95000076293945,45.29999923706055,42.599998474121094,43.20000076293945,43.20000076293945,248880
2022-03-09,44.20000076293945,44.45000076293945,42.79999923706055,42.95000076293945,42.95000076293945,53199
2022-03-10,43.95000076293945,43.95000076293945,40.849998474121094,40.849998474121094,40.849998474121094,666502
2022-03-11,38.849998474121094,38.849998474121094,38.849998474121094,38.849998474121094,38.849998474121094,62473
2022-03-14,36.95000076293945,40.75,36.95000076293945,40.75,40.75,634236
2022-03-15,41.0,42.0,38.75,40.04999923706055,40.04999923706055,269475
2022-03-16,41.400001525878906,41.400001525878906,39.150001525878906,40.04999923706055,40.04999923706055,37469
2022-03-17,41.0,41.04999923706055,39.599998474121094,39.95000076293945,39.95000076293945,51910
2022-03-21,40.099998474121094,41.900001525878906,39.25,40.45000076293945,40.45000076293945,329875
2022-03-22,39.650001525878906,40.95000076293945,38.45000076293945,39.5,39.5,283568
2022-03-23,39.599998474121094,40.79999923706055,37.95000076293945,39.95000076293945,39.95000076293945,233141
2022-03-24,39.25,41.5,39.25,41.04999923706055,41.04999923706055,120500
2022-03-25,41.04999923706055,41.95000076293945,40.95000076293945,41.650001525878906,41.650001525878906,149627
2022-03-28,42.70000076293945,43.0,39.79999923706055,41.75,41.75,208657
2022-03-29,41.599998474121094,43.79999923706055,40.70000076293945,43.29999923706055,43.29999923706055,590867
2022-03-30,42.29999923706055,45.45000076293945,42.29999923706055,45.45000076293945,45.45000076293945,512809
2022-03-31,47.70000076293945,47.70000076293945,47.70000076293945,47.70000076293945,47.70000076293945,100939
2022-04-01,50.04999923706055,50.04999923706055,50.04999923706055,50.04999923706055,50.04999923706055,89431
2022-04-04,52.54999923706055,52.54999923706055,52.54999923706055,52.54999923706055,52.54999923706055,90980
2022-04-05,55.150001525878906,55.150001525878906,55.150001525878906,55.150001525878906,55.150001525878906,94667
2022-04-06,57.900001525878906,57.900001525878906,57.900001525878906,57.900001525878906,57.900001525878906,88352
2022-04-07,60.75,60.75,60.75,60.75,60.75,196847
2022-04-08,63.75,63.75,60.0,63.75,63.75,2106004
2022-04-11,66.9000015258789,66.9000015258789,66.9000015258789,66.9000015258789,66.9000015258789,102797
2022-04-12,70.19999694824219,70.19999694824219,70.19999694824219,70.19999694824219,70.19999694824219,316380
2022-04-13,73.69999694824219,73.69999694824219,73.69999694824219,73.69999694824219,73.69999694824219,447774
2022-04-18,76.0,77.3499984741211,70.5999984741211,77.3499984741211,77.3499984741211,1449654
2022-04-19,81.19999694824219,81.19999694824219,81.19999694824219,81.19999694824219,81.19999694824219,179591
2022-04-20,85.25,85.25,77.1500015258789,85.25,85.25,3235362
2022-04-21,89.5,89.5,89.5,89.5,89.5,97456
2022-04-22,93.94999694824219,93.94999694824219,89.5,93.94999694824219,93.94999694824219,691419
2022-04-25,98.5999984741211,98.5999984741211,98.5999984741211,98.5999984741211,98.5999984741211,156806
2022-04-26,103.5,103.5,94.6500015258789,101.0,101.0,1505529
2022-04-27,99.9000015258789,99.9000015258789,95.94999694824219,95.94999694824219,95.94999694824219,62757
2022-04-28,91.19999694824219,91.19999694824219,91.19999694824219,91.19999694824219,91.19999694824219,22855
2022-04-29,86.6500015258789,86.6500015258789,86.6500015258789,86.6500015258789,86.6500015258789,31198
2022-05-02,82.3499984741211,90.94999694824219,82.3499984741211,90.94999694824219,90.94999694824219,351193
2022-05-04,95.44999694824219,95.44999694824219,86.44999694824219,86.5,86.5,567855
2022-05-05,88.0,88.0,82.19999694824219,82.19999694824219,82.19999694824219,96264
2022-05-06,78.0999984741211,85.5,78.0999984741211,84.69999694824219,84.69999694824219,152802
2022-05-09,81.0,87.0,80.5,80.5,80.5,116844
2022-05-10,77.19999694824219,84.44999694824219,77.19999694824219,81.8499984741211,81.8499984741211,104149
2022-05-11,77.8499984741211,81.94999694824219,77.80000305175781,77.80000305175781,77.80000305175781,78660
2022-05-12,74.5999984741211,75.0,73.94999694824219,73.94999694824219,73.94999694824219,135729
2022-05-13,71.19999694824219,77.5999984741211,71.0,74.9000015258789,74.9000015258789,168863
2022-05-16,72.0,78.5999984741211,71.19999694824219,75.0999984741211,75.0999984741211,81235
2022-05-17,72.9000015258789,78.8499984741211,72.80000305175781,78.8499984741211,78.8499984741211,113327
2022-05-18,82.0,82.75,76.0,77.5999984741211,77.5999984741211,128337
2022-05-19,78.4000015258789,80.9000015258789,74.05000305175781,79.8499984741211,79.8499984741211,59234
2022-05-20,78.5,82.0,78.0,80.19999694824219,80.19999694824219,26299
2022-05-23,79.0,80.0,76.19999694824219,77.0,77.0,74381
2022-05-24,73.4000015258789,78.3499984741211,73.4000015258789,73.44999694824219,73.44999694824219,17983
2022-05-25,73.4000015258789,73.4000015258789,69.80000305175781,69.80000305175781,69.80000305175781,24752
2022-05-26,68.0,71.5,66.3499984741211,69.30000305175781,69.30000305175781,39603
2022-05-27,69.30000305175781,72.4000015258789,65.8499984741211,68.69999694824219,68.69999694824219,27278
2022-05-30,68.69999694824219,71.9000015258789,67.0,68.30000305175781,68.30000305175781,76981
2022-05-31,70.69999694824219,70.69999694824219,68.0,68.5999984741211,68.5999984741211,12549
2022-06-01,68.5999984741211,69.0,65.55000305175781,67.9000015258789,67.9000015258789,24298
2022-06-02,67.69999694824219,69.0,65.0,67.5999984741211,67.5999984741211,35546
2022-06-03,69.3499984741211,70.94999694824219,68.0,70.9000015258789,70.9000015258789,345856
2022-06-06,70.69999694824219,74.4000015258789,69.55000305175781,73.94999694824219,73.94999694824219,71781
2022-06-07,75.5,76.9000015258789,70.30000305175781,70.94999694824219,70.94999694824219,31117
2022-06-08,73.8499984741211,73.8499984741211,69.30000305175781,70.75,70.75,33308
2022-06-09,67.8499984741211,72.4000015258789,67.8499984741211,68.94999694824219,68.94999694824219,130295
2022-06-10,67.5,70.4000015258789,65.55000305175781,65.6500015258789,65.6500015258789,114036
2022-06-13,66.8499984741211,66.8499984741211,62.400001525878906,62.75,62.75,57694
2022-06-14,60.099998474121094,64.0,60.099998474121094,61.5,61.5,19543
2022-06-15,63.599998474121094,63.599998474121094,58.45000076293945,60.599998474121094,60.599998474121094,26568
2022-06-16,59.29999923706055,61.900001525878906,57.599998474121094,58.0,58.0,34602
2022-06-17,55.95000076293945,58.5,55.099998474121094,56.04999923706055,56.04999923706055,64056
2022-06-20,54.150001525878906,57.849998474121094,53.25,53.25,53.25,32342
2022-06-21,51.099998474121094,55.900001525878906,50.599998474121094,54.900001525878906,54.900001525878906,41707
2022-06-22,56.79999923706055,57.599998474121094,53.150001525878906,55.349998474121094,55.349998474121094,26274
2022-06-23,56.0,56.45000076293945,53.75,55.45000076293945,55.45000076293945,15475
2022-06-24,54.099998474121094,58.20000076293945,54.099998474121094,58.20000076293945,58.20000076293945,41016
2022-06-27,61.0,61.099998474121094,58.20000076293945,60.45000076293945,60.45000076293945,40755
2022-06-28,60.0,60.95000076293945,58.400001525878906,59.099998474121094,59.099998474121094,45312
2022-06-29,58.0,61.0,58.0,58.849998474121094,58.849998474121094,10921
2022-06-30,61.099998474121094,61.150001525878906,56.70000076293945,58.400001525878906,58.400001525878906,20799
2022-07-01,58.400001525878906,60.79999923706055,57.5,58.849998474121094,58.849998474121094,41100
2022-07-04,59.95000076293945,59.95000076293945,56.5,57.20000076293945,57.20000076293945,36161
2022-07-05,55.25,58.54999923706055,55.25,56.75,56.75,26909
2022-07-06,57.900001525878906,57.900001525878906,54.0,54.400001525878906,54.400001525878906,36531
2022-07-07,54.599998474121094,57.04999923706055,54.0,55.20000076293945,55.20000076293945,59189
2022-07-08,57.849998474121094,57.849998474121094,54.25,55.650001525878906,55.650001525878906,14531
2022-07-11,55.650001525878906,56.0,53.45000076293945,54.5,54.5,46643
2022-07-12,56.5,56.5,51.79999923706055,51.79999923706055,51.79999923706055,48057
2022-07-13,49.25,49.25,49.25,49.25,49.25,11168
2022-07-14,46.79999923706055,46.79999923706055,46.79999923706055,46.79999923706055,46.79999923706055,15485
2022-07-15,44.5,49.099998474121094,44.5,49.099998474121094,49.099998474121094,257554
2022-07-18,51.54999923706055,51.54999923706055,51.54999923706055,51.54999923706055,51.54999923706055,6873
2022-07-19,54.099998474121094,54.099998474121094,54.099998474121094,54.099998474121094,54.099998474121094,28181
2022-07-20,56.79999923706055,56.79999923706055,56.79999923706055,56.79999923706055,56.79999923706055,32421
2022-07-21,59.599998474121094,59.599998474121094,59.599998474121094,59.599998474121094,59.599998474121094,5723
2022-07-22,62.54999923706055,62.54999923706055,62.54999923706055,62.54999923706055,62.54999923706055,30834
2022-07-25,65.6500015258789,65.6500015258789,65.6500015258789,65.6500015258789,65.6500015258789,19838
2022-07-26,68.9000015258789,68.9000015258789,63.20000076293945,66.3499984741211,66.3499984741211,556106
2022-07-27,66.3499984741211,66.9000015258789,63.04999923706055,63.099998474121094,63.099998474121094,123329
2022-07-28,64.8499984741211,64.8499984741211,59.95000076293945,59.95000076293945,59.95000076293945,92337
2022-07-29,57.29999923706055,59.5,57.0,57.0,57.0,74175
2022-08-01,56.0,58.599998474121094,54.400001525878906,56.900001525878906,56.900001525878906,116615
2022-08-02,55.29999923706055,59.70000076293945,55.29999923706055,59.70000076293945,59.70000076293945,101511
2022-08-03,61.900001525878906,62.650001525878906,59.04999923706055,62.650001525878906,62.650001525878906,158981
2022-08-04,61.900001525878906,65.75,60.54999923706055,65.75,65.75,429343
2022-08-05,66.9000015258789,68.19999694824219,63.349998474121094,65.94999694824219,65.94999694824219,115630
2022-08-08,65.94999694824219,68.05000305175781,61.5,62.150001525878906,62.150001525878906,97654
2022-08-10,64.69999694824219,68.3499984741211,62.0,68.3499984741211,68.3499984741211,145978
2022-08-11,70.80000305175781,75.1500015258789,70.0,75.1500015258789,75.1500015258789,152742
2022-08-12,80.5,82.6500015258789,68.9000015258789,74.80000305175781,74.80000305175781,941855
2022-08-16,74.0,74.5,70.69999694824219,73.5999984741211,73.5999984741211,160598
2022-08-17,71.0,74.0,66.55000305175781,67.6500015258789,67.6500015258789,226788
2022-08-18,68.0,71.5,68.0,69.44999694824219,69.44999694824219,94308
2022-08-19,68.0999984741211,70.0,65.05000305175781,65.4000015258789,65.4000015258789,86787
2022-08-22,66.5999984741211,70.94999694824219,65.0,68.80000305175781,68.80000305175781,65541
2022-08-23,67.1500015258789,72.0,67.0999984741211,69.75,69.75,94153
2022-08-24,68.4000015258789,71.30000305175781,68.4000015258789,68.75,68.75,35544
2022-08-25,70.5,71.0,68.80000305175781,69.4000015258789,69.4000015258789,45650
2022-08-26,70.4000015258789,70.80000305175781,68.30000305175781,69.44999694824219,69.44999694824219,233097
2022-08-29,69.3499984741211,71.8499984741211,68.0,70.69999694824219,70.69999694824219,137490
2022-08-30,70.0,70.8499984741211,69.0,69.19999694824219,69.19999694824219,24041
2022-09-01,70.44999694824219,75.80000305175781,68.05000305175781,74.5999984741211,74.5999984741211,87016
2022-09-02,76.0,76.05000305175781,71.19999694824219,71.94999694824219,71.94999694824219,56442
2022-09-05,71.94999694824219,74.5999984741211,69.6500015258789,72.80000305175781,72.80000305175781,35176
2022-09-06,70.5999984741211,73.0999984741211,70.3499984741211,71.44999694824219,71.44999694824219,53503
2022-09-07,69.69999694824219,71.30000305175781,69.25,69.80000305175781,69.80000305175781,51696
2022-09-08,70.1500015258789,71.25,69.4000015258789,69.94999694824219,69.94999694824219,30057
2022-09-09,70.05000305175781,72.3499984741211,68.55000305175781,69.44999694824219,69.44999694824219,34741
2022-09-12,69.44999694824219,71.0,69.0,69.44999694824219,69.44999694824219,56729
2022-09-13,69.75,70.94999694824219,67.25,68.30000305175781,68.30000305175781,79614
2022-09-14,69.0,69.0,66.6500015258789,66.9000015258789,66.9000015258789,33169
2022-09-15,69.30000305175781,70.94999694824219,65.3499984741211,65.94999694824219,65.94999694824219,177719
2022-09-16,67.94999694824219,67.94999694824219,63.349998474121094,66.19999694824219,66.19999694824219,69991
2022-09-19,70.0,70.0,65.4000015258789,67.9000015258789,67.9000015258789,36298
2022-09-20,69.19999694824219,69.19999694824219,65.80000305175781,66.0999984741211,66.0999984741211,49489
2022-09-21,66.0999984741211,68.0,64.55000305175781,64.80000305175781,64.80000305175781,18891
2022-09-22,65.05000305175781,66.0,62.400001525878906,63.0,63.0,30690
2022-09-23,67.44999694824219,67.44999694824219,59.0,60.400001525878906,60.400001525878906,49067
2022-09-26,57.70000076293945,62.04999923706055,55.0,57.150001525878906,57.150001525878906,51765
2022-09-27,58.900001525878906,60.0,55.5,56.849998474121094,56.849998474121094,43407
2022-09-28,56.150001525878906,59.0,54.5,58.099998474121094,58.099998474121094,39953
2022-09-29,58.849998474121094,59.45000076293945,55.25,55.900001525878906,55.900001525878906,24726
2022-09-30,55.400001525878906,61.45000076293945,55.400001525878906,61.45000076293945,61.45000076293945,59856
2022-10-03,61.5,62.349998474121094,57.54999923706055,58.54999923706055,58.54999923706055,49537
2022-10-04,59.75,61.900001525878906,58.150001525878906,58.79999923706055,58.79999923706055,32035
2022-10-06,61.0,61.0,59.150001525878906,60.54999923706055,60.54999923706055,77318
2022-10-07,59.20000076293945,61.95000076293945,59.20000076293945,60.849998474121094,60.849998474121094,11343
2022-10-10,64.0,64.0,58.599998474121094,59.75,59.75,38642
2022-10-11,60.45000076293945,60.45000076293945,58.0,58.650001525878906,58.650001525878906,14241
2022-10-12,59.75,60.849998474121094,57.150001525878906,57.900001525878906,57.900001525878906,14957
2022-10-13,58.349998474121094,58.349998474121094,52.150001525878906,52.70000076293945,52.70000076293945,180058
2022-10-14,54.95000076293945,54.95000076293945,52.0,52.79999923706055,52.79999923706055,18156
2022-10-17,53.650001525878906,55.5,52.79999923706055,54.0,54.0,12950
2022-10-18,56.900001525878906,56.900001525878906,53.20000076293945,55.150001525878906,55.150001525878906,34095
2022-10-19,54.95000076293945,55.95000076293945,53.599998474121094,55.04999923706055,55.04999923706055,30355
2022-10-20,53.599998474121094,56.349998474121094,53.599998474121094,54.400001525878906,54.400001525878906,21436
2022-10-21,53.95000076293945,55.70000076293945,52.5,53.20000076293945,53.20000076293945,225415
2022-10-24,53.5,56.20000076293945,52.5,53.5,53.5,28671
2022-10-25,55.099998474121094,55.5,52.25,54.25,54.25,53737
2022-10-27,52.5,55.400001525878906,52.5,55.0,55.0,21710
2022-10-28,55.0,57.70000076293945,53.95000076293945,55.70000076293945,55.70000076293945,21078
2022-10-31,55.70000076293945,55.95000076293945,52.95000076293945,54.0,54.0,11796
2022-11-01,53.45000076293945,55.70000076293945,53.45000076293945,53.900001525878906,53.900001525878906,9703
2022-11-02,53.900001525878906,55.400001525878906,53.900001525878906,54.29999923706055,54.29999923706055,8366
2022-11-03,54.599998474121094,55.0,52.0,52.75,52.75,163565
2022-11-04,52.5,55.099998474121094,52.400001525878906,54.45000076293945,54.45000076293945,45462
2022-11-07,54.45000076293945,59.849998474121094,54.0,59.849998474121094,59.849998474121094,114202
2022-11-09,60.849998474121094,62.349998474121094,57.0,60.5,60.5,105632
2022-11-10,58.650001525878906,60.900001525878906,57.70000076293945,58.45000076293945,58.45000076293945,43783
2022-11-11,58.95000076293945,60.79999923706055,57.79999923706055,59.25,59.25,27625
2022-11-14,60.900001525878906,60.900001525878906,55.349998474121094,58.20000076293945,58.20000076293945,19532
2022-11-15,59.70000076293945,59.79999923706055,58.099998474121094,58.20000076293945,58.20000076293945,13307
2022-11-16,59.0,59.900001525878906,57.20000076293945,58.0,58.0,8673
2022-11-17,58.95000076293945,58.95000076293945,56.45000076293945,57.04999923706055,57.04999923706055,6903
2022-11-18,57.0,58.900001525878906,55.70000076293945,55.900001525878906,55.900001525878906,9856
2022-11-21,54.25,56.0,54.04999923706055,55.150001525878906,55.150001525878906,30425
2022-11-22,54.900001525878906,55.54999923706055,54.20000076293945,54.650001525878906,54.650001525878906,12482
2022-11-23,55.400001525878906,55.849998474121094,54.5,55.099998474121094,55.099998474121094,20562
2022-11-24,55.0,57.349998474121094,55.0,56.54999923706055,56.54999923706055,33834
2022-11-25,57.95000076293945,59.0,56.400001525878906,58.400001525878906,58.400001525878906,52684
2022-11-28,59.900001525878906,59.900001525878906,56.29999923706055,57.650001525878906,57.650001525878906,26053
2022-11-29,58.650001525878906,58.650001525878906,53.70000076293945,54.79999923706055,54.79999923706055,49510
2022-11-30,54.0,60.25,54.0,60.25,60.25,230689
2022-12-01,60.900001525878906,63.45000076293945,60.0,61.599998474121094,61.599998474121094,110805
2022-12-02,63.45000076293945,64.44999694824219,59.75,62.150001525878906,62.150001525878906,66340
2022-12-05,62.150001525878906,64.80000305175781,60.0,60.349998474121094,60.349998474121094,63318
2022-12-06,62.900001525878906,62.900001525878906,61.0,62.29999923706055,62.29999923706055,23796
2022-12-07,62.95000076293945,64.75,58.349998474121094,59.54999923706055,59.54999923706055,103294
2022-12-08,61.75,71.44999694824219,60.099998474121094,70.6500015258789,70.6500015258789,891869
2022-12-09,69.94999694824219,70.5999984741211,65.0,66.1500015258789,66.1500015258789,260544
2022-12-12,66.94999694824219,67.0,63.45000076293945,64.75,64.75,85880
2022-12-13,65.0,73.9000015258789,64.0999984741211,69.8499984741211,69.8499984741211,635948
2022-12-14,70.75,72.0,68.55000305175781,69.8499984741211,69.8499984741211,157106
2022-12-15,70.19999694824219,71.25,66.25,67.5,67.5,76141
2022-12-16,68.9000015258789,69.44999694824219,65.69999694824219,67.19999694824219,67.19999694824219,55274
2022-12-19,66.30000305175781,69.4000015258789,64.0999984741211,65.5999984741211,65.5999984741211,89833
2022-12-20,67.5999984741211,67.75,65.25,65.55000305175781,65.55000305175781,35056
2022-12-21,68.4000015258789,68.4000015258789,60.599998474121094,61.400001525878906,61.400001525878906,53305
2022-12-22,60.95000076293945,61.0,57.04999923706055,58.849998474121094,58.849998474121094,71327
2022-12-23,56.150001525878906,57.650001525878906,50.70000076293945,51.45000076293945,51.45000076293945,158810
2022-12-26,51.400001525878906,57.0,49.25,54.5,54.5,236453
2022-12-27,54.29999923706055,59.95000076293945,54.29999923706055,57.04999923706055,57.04999923706055,134247
2022-12-28,57.04999923706055,60.75,55.849998474121094,57.900001525878906,57.900001525878906,69485
2022-12-29,57.0,59.650001525878906,56.650001525878906,57.849998474121094,57.849998474121094,318151
2022-12-30,59.400001525878906,60.150001525878906,57.04999923706055,57.5,57.5,32069
2023-01-02,57.5,62.45000076293945,57.099998474121094,61.29999923706055,61.29999923706055,87205
2023-01-03,61.900001525878906,61.900001525878906,59.349998474121094,60.04999923706055,60.04999923706055,49005
2023-01-04,60.04999923706055,60.29999923706055,57.5,58.0,58.0,35928
2023-01-05,59.0,59.0,57.099998474121094,58.849998474121094,58.849998474121094,28147
2023-01-06,58.349998474121094,58.95000076293945,57.400001525878906,57.95000076293945,57.95000076293945,64952
2023-01-09,59.0,59.54999923706055,56.29999923706055,57.29999923706055,57.29999923706055,27243
2023-01-10,58.150001525878906,58.75,57.29999923706055,57.79999923706055,57.79999923706055,16189
2023-01-11,58.95000076293945,58.95000076293945,57.25,58.04999923706055,58.04999923706055,16663
2023-01-12,57.599998474121094,57.599998474121094,53.0,54.650001525878906,54.650001525878906,181179
2023-01-13,55.099998474121094,56.650001525878906,54.79999923706055,55.20000076293945,55.20000076293945,38411
2023-01-16,56.0,56.0,50.70000076293945,51.70000076293945,51.70000076293945,214780
2023-01-17,51.849998474121094,54.04999923706055,51.849998474121094,53.0,53.0,35584
2023-01-18,53.0,53.29999923706055,51.70000076293945,52.20000076293945,52.20000076293945,60504
2023-01-19,52.0,59.849998474121094,52.0,56.20000076293945,56.20000076293945,240684
2023-01-20,56.0,56.75,54.79999923706055,56.400001525878906,56.400001525878906,44332
2023-01-23,57.79999923706055,57.79999923706055,54.650001525878906,55.25,55.25,39784
2023-01-24,55.099998474121094,56.0,54.79999923706055,55.099998474121094,55.099998474121094,33062
2023-01-25,55.79999923706055,56.0,53.599998474121094,54.150001525878906,54.150001525878906,24678
2023-01-27,56.349998474121094,56.349998474121094,49.849998474121094,54.0,54.0,78553
2023-01-30,53.400001525878906,54.95000076293945,53.04999923706055,53.5,53.5,19277
2023-01-31,54.54999923706055,54.849998474121094,51.79999923706055,54.400001525878906,54.400001525878906,35340
2023-02-01,54.20000076293945,55.29999923706055,53.099998474121094,53.29999923706055,53.29999923706055,36518
2023-02-02,52.25,54.349998474121094,52.25,53.0,53.0,11550
2023-02-03,53.79999923706055,53.95000076293945,50.349998474121094,51.849998474121094,51.849998474121094,68074
2023-02-06,51.349998474121094,52.95000076293945,51.099998474121094,51.45000076293945,51.45000076293945,11605
2023-02-07,52.349998474121094,52.349998474121094,50.0,50.79999923706055,50.79999923706055,36941
2023-02-08,50.29999923706055,50.79999923706055,48.0,48.95000076293945,48.95000076293945,77788
2023-02-09,48.20000076293945,48.95000076293945,48.0,48.5,48.5,22074
2023-02-10,48.0,54.150001525878906,48.0,51.849998474121094,51.849998474121094,64565
2023-02-13,51.849998474121094,52.45000076293945,49.150001525878906,50.29999923706055,50.29999923706055,36564
2023-02-14,50.79999923706055,50.79999923706055,47.29999923706055,47.54999923706055,47.54999923706055,59152
2023-02-15,48.0,48.0,47.150001525878906,47.900001525878906,47.900001525878906,28817
2023-02-16,47.79999923706055,48.0,46.400001525878906,47.04999923706055,47.04999923706055,41071
2023-02-17,47.75,47.75,41.849998474121094,45.099998474121094,45.099998474121094,46037
2023-02-20,44.099998474121094,45.20000076293945,41.45000076293945,42.95000076293945,42.95000076293945,92476
2023-02-21,42.95000076293945,43.0,41.5,42.20000076293945,42.20000076293945,113640
2023-02-22,42.20000076293945,42.20000076293945,36.79999923706055,38.150001525878906,38.150001525878906,169775
2023-02-23,38.900001525878906,45.400001525878906,38.900001525878906,43.0,43.0,175935
2023-02-24,43.0,43.79999923706055,40.0,40.45000076293945,40.45000076293945,61520
2023-02-27,40.29999923706055,42.25,39.79999923706055,41.150001525878906,41.150001525878906,171093
2023-02-28,40.599998474121094,42.349998474121094,39.54999923706055,40.099998474121094,40.099998474121094,28477
2023-03-01,40.29999923706055,43.650001525878906,40.29999923706055,42.95000076293945,42.95000076293945,49477
2023-03-02,42.95000076293945,44.400001525878906,41.70000076293945,42.20000076293945,42.20000076293945,46385
2023-03-03,42.5,43.70000076293945,42.45000076293945,43.349998474121094,43.349998474121094,22995
2023-03-06,43.25,52.0,41.54999923706055,51.54999923706055,51.54999923706055,576052
2023-03-08,52.0,52.45000076293945,49.0,49.95000076293945,49.95000076293945,135689
2023-03-09,50.400001525878906,51.150001525878906,47.599998474121094,48.04999923706055,48.04999923706055,84928
2023-03-10,47.25,49.75,47.0,48.20000076293945,48.20000076293945,27016
2023-03-13,47.5,48.75,45.150001525878906,46.0,46.0,115592
2023-03-14,46.20000076293945,46.599998474121094,44.400001525878906,45.599998474121094,45.599998474121094,194611
2023-03-15,46.79999923706055,48.5,42.5,43.20000076293945,43.20000076293945,236040
2023-03-16,43.95000076293945,43.95000076293945,36.04999923706055,37.5,37.5,1033334
2023-03-17,38.099998474121094,40.349998474121094,37.5,38.099998474121094,38.099998474121094,265612
2023-03-20,38.0,39.900001525878906,36.20000076293945,36.400001525878906,36.400001525878906,175108
2023-03-21,37.5,39.349998474121094,37.0,38.54999923706055,38.54999923706055,188545
2023-03-22,39.79999923706055,39.79999923706055,37.79999923706055,38.099998474121094,38.099998474121094,87709
2023-03-23,38.95000076293945,38.95000076293945,37.150001525878906,37.650001525878906,37.650001525878906,218120
2023-03-24,37.20000076293945,37.849998474121094,36.20000076293945,36.70000076293945,36.70000076293945,212023
2023-03-27,36.349998474121094,37.099998474121094,34.04999923706055,34.75,34.75,179482
2023-03-28,34.0,34.95000076293945,32.45000076293945,32.95000076293945,32.95000076293945,116632
2023-03-29,33.0,34.70000076293945,32.900001525878906,33.099998474121094,33.099998474121094,127421
2023-03-31,34.45000076293945,34.95000076293945,32.900001525878906,33.79999923706055,33.79999923706055,163402
2023-04-03,33.54999923706055,34.900001525878906,33.400001525878906,34.0,34.0,130410
2023-04-05,36.5,36.5,34.349998474121094,35.04999923706055,35.04999923706055,156283
2023-04-06,35.900001525878906,38.20000076293945,34.849998474121094,37.650001525878906,37.650001525878906,104435
2023-04-10,39.599998474121094,40.0,38.0,38.95000076293945,38.95000076293945,122843
2023-04-11,39.900001525878906,40.599998474121094,38.150001525878906,38.599998474121094,38.599998474121094,103470
2023-04-12,38.650001525878906,39.0,37.599998474121094,37.900001525878906,37.900001525878906,65057
2023-04-13,37.5,38.45000076293945,37.20000076293945,37.95000076293945,37.95000076293945,122981
2023-04-17,38.04999923706055,38.20000076293945,36.95000076293945,37.349998474121094,37.349998474121094,50626
2023-04-18,37.400001525878906,38.5,37.099998474121094,37.79999923706055,37.79999923706055,41331
2023-04-19,37.95000076293945,38.0,36.79999923706055,37.0,37.0,47739
2023-04-20,37.70000076293945,37.79999923706055,36.75,36.849998474121094,36.849998474121094,36769
2023-04-21,37.0,37.25,36.400001525878906,36.70000076293945,36.70000076293945,27101
2023-04-24,37.95000076293945,37.95000076293945,34.54999923706055,35.0,35.0,118154
2023-04-25,36.25,37.0,35.04999923706055,36.29999923706055,36.29999923706055,62354
2023-04-26,36.900001525878906,36.900001525878906,35.400001525878906,35.650001525878906,35.650001525878906,44703
2023-04-27,36.400001525878906,36.400001525878906,34.25,34.70000076293945,34.70000076293945,150541
2023-04-28,35.599998474121094,35.70000076293945,33.0,33.29999923706055,33.29999923706055,250337
2023-05-02,33.45000076293945,34.79999923706055,33.0,34.29999923706055,34.29999923706055,88681
2023-05-03,34.400001525878906,34.900001525878906,33.29999923706055,33.54999923706055,33.54999923706055,65769
2023-05-04,33.650001525878906,38.79999923706055,33.650001525878906,37.150001525878906,37.150001525878906,306427
2023-05-05,37.5,37.5,34.0,34.650001525878906,34.650001525878906,372679
2023-05-08,35.400001525878906,35.400001525878906,34.29999923706055,34.75,34.75,85418
2023-05-09,35.349998474121094,36.54999923706055,34.79999923706055,35.0,35.0,131736
2023-05-10,35.5,35.79999923706055,33.75,34.20000076293945,34.20000076293945,107959
2023-05-11,34.0,34.900001525878906,34.0,34.25,34.25,51145
2023-05-12,34.5,35.79999923706055,34.349998474121094,35.349998474121094,35.349998474121094,92105
2023-05-15,35.349998474121094,36.95000076293945,34.70000076293945,35.0,35.0,86538
2023-05-16,34.349998474121094,35.400001525878906,34.349998474121094,34.5,34.5,50329
2023-05-17,34.900001525878906,34.900001525878906,34.099998474121094,34.25,34.25,54451
2023-05-18,34.75,34.79999923706055,34.25,34.29999923706055,34.29999923706055,11699
2023-05-19,34.599998474121094,34.599998474121094,34.25,34.45000076293945,34.45000076293945,30167
2023-05-22,34.900001525878906,34.95000076293945,33.75,34.0,34.0,28767
2023-05-23,34.25,34.400001525878906,33.95000076293945,34.25,34.25,14527
2023-05-24,34.25,34.70000076293945,32.849998474121094,33.25,33.25,102799
2023-05-25,33.900001525878906,33.95000076293945,33.20000076293945,33.79999923706055,33.79999923706055,28463
2023-05-26,34.900001525878906,34.900001525878906,33.54999923706055,33.70000076293945,33.70000076293945,44321
2023-05-29,33.849998474121094,34.599998474121094,33.45000076293945,33.70000076293945,33.70000076293945,28450
2023-05-30,34.25,34.25,33.25,33.54999923706055,33.54999923706055,27887
2023-05-31,33.95000076293945,33.95000076293945,32.75,33.0,33.0,43810
2023-06-01,33.150001525878906,33.95000076293945,32.75,33.0,33.0,56677
2023-06-02,33.400001525878906,35.5,33.29999923706055,34.54999923706055,34.54999923706055,162603
2023-06-05,35.400001525878906,37.29999923706055,34.650001525878906,35.79999923706055,35.79999923706055,268226
2023-06-06,36.45000076293945,36.45000076293945,35.5,35.79999923706055,35.79999923706055,72977
2023-06-07,36.29999923706055,36.29999923706055,34.400001525878906,35.150001525878906,35.150001525878906,50564
2023-06-08,35.650001525878906,37.0,35.0,35.599998474121094,35.599998474121094,91338
2023-06-09,35.95000076293945,36.20000076293945,35.5,35.70000076293945,35.70000076293945,29142
2023-06-12,36.099998474121094,36.45000076293945,33.54999923706055,34.20000076293945,34.20000076293945,99218
2023-06-13,34.599998474121094,35.70000076293945,34.349998474121094,35.150001525878906,35.150001525878906,43667
2023-06-14,35.400001525878906,35.599998474121094,33.599998474121094,34.45000076293945,34.45000076293945,102732
2023-06-15,34.79999923706055,35.599998474121094,34.650001525878906,35.04999923706055,35.04999923706055,46673
2023-06-16,35.5,35.5,34.400001525878906,34.79999923706055,34.79999923706055,33690
2023-06-19,35.099998474121094,35.54999923706055,34.650001525878906,34.900001525878906,34.900001525878906,74919
2023-06-20,35.25,35.400001525878906,34.599998474121094,34.75,34.75,46863
2023-06-21,35.20000076293945,35.20000076293945,34.54999923706055,34.70000076293945,34.70000076293945,43621
2023-06-22,35.20000076293945,35.20000076293945,33.54999923706055,33.70000076293945,33.70000076293945,96543
2023-06-23,34.20000076293945,34.25,33.25,33.400001525878906,33.400001525878906,30716
2023-06-26,33.5,33.79999923706055,33.29999923706055,33.650001525878906,33.650001525878906,23540
2023-06-27,34.29999923706055,34.29999923706055,33.70000076293945,34.04999923706055,34.04999923706055,19027
2023-06-28,34.150001525878906,34.70000076293945,33.400001525878906,33.650001525878906,33.650001525878906,25196
2023-06-30,34.0,34.150001525878906,33.70000076293945,34.0,34.0,30079
2023-07-03,34.20000076293945,34.400001525878906,33.79999923706055,34.0,34.0,40770
2023-07-04,34.0,34.150001525878906,33.5,33.75,33.75,43246
2023-07-05,34.150001525878906,34.29999923706055,33.5,33.70000076293945,33.70000076293945,23474
2023-07-06,34.099998474121094,35.20000076293945,33.599998474121094,35.150001525878906,35.150001525878906,141177
2023-07-07,35.150001525878906,35.150001525878906,34.0,34.349998474121094,34.349998474121094,77782
2023-07-10,34.70000076293945,35.25,33.650001525878906,33.849998474121094,33.849998474121094,64148
2023-07-11,33.79999923706055,33.79999923706055,29.799999237060547,30.5,30.5,525326
2023-07-12,31.299999237060547,31.5,30.5,30.799999237060547,30.799999237060547,144954
2023-07-13,30.850000381469727,32.599998474121094,30.850000381469727,31.299999237060547,31.299999237060547,175435
2023-07-14,31.649999618530273,31.700000762939453,29.850000381469727,30.899999618530273,30.899999618530273,162298
2023-07-17,30.899999618530273,31.5,30.100000381469727,30.700000762939453,30.700000762939453,277435
2023-07-18,31.450000762939453,31.5,30.5,30.850000381469727,30.850000381469727,91013
2023-07-19,31.100000381469727,31.399999618530273,30.5,31.0,31.0,45067
2023-07-20,31.350000381469727,31.350000381469727,30.450000762939453,30.850000381469727,30.850000381469727,29286
2023-07-21,31.299999237060547,31.299999237060547,30.0,30.549999237060547,30.549999237060547,103511
2023-07-24,30.549999237060547,31.600000381469727,30.0,31.299999237060547,31.299999237060547,316850
2023-07-25,31.200000762939453,31.600000381469727,30.649999618530273,31.149999618530273,31.149999618530273,221874
2023-07-26,31.600000381469727,31.600000381469727,30.799999237060547,30.850000381469727,30.850000381469727,54106
2023-07-27,31.25,31.649999618530273,30.799999237060547,31.299999237060547,31.299999237060547,40090
2023-07-28,31.350000381469727,31.799999237060547,30.799999237060547,30.899999618530273,30.899999618530273,61170
2023-07-31,30.799999237060547,32.5,30.799999237060547,32.29999923706055,32.29999923706055,132285
2023-08-01,32.849998474121094,33.849998474121094,31.700000762939453,31.75,31.75,168394
2023-08-02,31.75,32.45000076293945,30.5,30.899999618530273,30.899999618530273,68923
2023-08-03,31.700000762939453,31.950000762939453,30.899999618530273,31.200000762939453,31.200000762939453,73143
2023-08-04,31.700000762939453,32.20000076293945,31.25,31.75,31.75,42171
2023-08-07,31.5,32.45000076293945,31.200000762939453,31.899999618530273,31.899999618530273,58664
2023-08-08,31.899999618530273,35.099998474121094,31.799999237060547,34.5,34.5,257138
2023-08-09,35.349998474121094,41.400001525878906,34.75,41.400001525878906,41.400001525878906,1532782
2023-08-10,44.0,49.650001525878906,43.25,47.75,47.75,3513298
2023-08-11,48.70000076293945,52.5,47.900001525878906,50.20000076293945,50.20000076293945,3279443
2023-08-14,51.04999923706055,55.20000076293945,51.0,55.20000076293945,55.20000076293945,5579818
2023-08-16,58.0,59.900001525878906,50.400001525878906,57.95000076293945,57.95000076293945,2322673
2023-08-17,59.45000076293945,63.5,58.650001525878906,60.45000076293945,60.45000076293945,2223684
2023-08-18,59.20000076293945,62.0,57.45000076293945,57.45000076293945,57.45000076293945,516551
2023-08-21,59.75,60.29999923706055,54.599998474121094,59.75,59.75,1081175
2023-08-22,59.75,59.75,57.45000076293945,57.900001525878906,57.900001525878906,111654
2023-08-23,57.900001525878906,58.54999923706055,55.0,55.75,55.75,245241
2023-08-24,57.400001525878906,57.400001525878906,53.0,53.0,53.0,230859
2023-08-25,50.349998474121094,54.900001525878906,50.349998474121094,51.349998474121094,51.349998474121094,499549
2023-08-28,52.849998474121094,53.900001525878906,49.29999923706055,53.849998474121094,53.849998474121094,334270
2023-08-29,55.45000076293945,56.5,54.79999923706055,56.5,56.5,669833
2023-08-30,58.20000076293945,58.20000076293945,54.54999923706055,56.349998474121094,56.349998474121094,158746
2023-08-31,57.0,57.0,54.400001525878906,54.70000076293945,54.70000076293945,45413
2023-09-01,54.70000076293945,57.20000076293945,54.0,55.75,55.75,162796
2023-09-04,56.900001525878906,58.0,54.29999923706055,55.20000076293945,55.20000076293945,116082
2023-09-05,55.20000076293945,56.849998474121094,54.400001525878906,54.79999923706055,54.79999923706055,46081
2023-09-06,54.0,55.79999923706055,53.5,53.900001525878906,53.900001525878906,43658
2023-09-07,54.0,56.099998474121094,53.400001525878906,55.54999923706055,55.54999923706055,94294
2023-09-08,55.54999923706055,58.29999923706055,55.0,58.29999923706055,58.29999923706055,254534
2023-09-11,59.0,59.0,57.0,57.099998474121094,57.099998474121094,76186
2023-09-12,56.099998474121094,58.5,54.25,54.25,54.25,101543
2023-09-13,54.0,54.900001525878906,51.54999923706055,53.150001525878906,53.150001525878906,62273
2023-09-14,53.150001525878906,55.79999923706055,53.150001525878906,55.79999923706055,55.79999923706055,61935
2023-09-15,58.54999923706055,58.54999923706055,56.20000076293945,56.75,56.75,165093
2023-09-18,57.95000076293945,57.95000076293945,53.95000076293945,54.0,54.0,145449
2023-09-20,54.0,56.70000076293945,53.95000076293945,56.70000076293945,56.70000076293945,119307
2023-09-21,59.5,59.5,59.5,59.5,59.5,246458
2023-09-22,62.45000076293945,62.45000076293945,60.54999923706055,62.45000076293945,62.45000076293945,792538
2023-09-25,65.0,65.55000305175781,63.5,65.55000305175781,65.55000305175781,1040199
2023-09-26,68.80000305175781,68.80000305175781,64.0,64.30000305175781,64.30000305175781,838448
2023-09-27,63.04999923706055,63.04999923706055,63.04999923706055,63.04999923706055,63.04999923706055,19315
2023-09-28,61.79999923706055,61.79999923706055,61.79999923706055,61.79999923706055,61.79999923706055,58793
2023-09-29,62.75,63.0,61.900001525878906,62.75,62.75,211202
2023-10-03,63.70000076293945,64.0,63.70000076293945,63.70000076293945,63.70000076293945,164400
2023-10-04,62.45000076293945,62.45000076293945,62.45000076293945,62.45000076293945,62.45000076293945,13374
2023-10-05,61.20000076293945,62.400001525878906,61.20000076293945,61.20000076293945,61.20000076293945,33699
2023-10-06,60.0,60.0,60.0,60.0,60.0,13120
2023-10-09,58.79999923706055,58.79999923706055,58.79999923706055,58.79999923706055,58.79999923706055,1385
2023-10-10,57.650001525878906,57.650001525878906,57.650001525878906,57.650001525878906,57.650001525878906,51331
2023-10-11,58.70000076293945,58.79999923706055,58.70000076293945,58.70000076293945,58.70000076293945,255664
2023-10-12,59.849998474121094,59.849998474121094,59.849998474121094,59.849998474121094,59.849998474121094,53928
2023-10-13,61.0,61.0,61.0,61.0,61.0,27253
2023-10-16,62.20000076293945,62.20000076293945,62.20000076293945,62.20000076293945,62.20000076293945,25240
2023-10-17,63.400001525878906,63.400001525878906,63.400001525878906,63.400001525878906,63.400001525878906,34374
2023-10-18,64.6500015258789,64.6500015258789,64.6500015258789,64.6500015258789,64.6500015258789,170463
2023-10-19,65.9000015258789,65.9000015258789,65.9000015258789,65.9000015258789,65.9000015258789,26414
2023-10-20,67.19999694824219,67.19999694824219,67.19999694824219,67.19999694824219,67.19999694824219,43037
2023-10-23,68.5,68.5,68.5,68.5,68.5,90245
2023-10-25,67.1500015258789,68.44999694824219,67.1500015258789,67.1500015258789,67.1500015258789,203174
2023-10-26,66.5999984741211,66.5999984741211,65.80000305175781,66.5999984741211,66.5999984741211,364295
2023-10-27,65.6500015258789,67.9000015258789,65.6500015258789,65.6500015258789,65.6500015258789,363594
2023-10-30,64.5,64.5,64.3499984741211,64.5,64.5,117991
2023-10-31,65.3499984741211,65.75,65.0,65.3499984741211,65.3499984741211,227411
2023-11-01,66.6500015258789,66.6500015258789,66.6500015258789,66.6500015258789,66.6500015258789,90270
2023-11-02,67.9000015258789,67.9000015258789,66.55000305175781,67.9000015258789,67.9000015258789,281374
2023-11-03,66.5999984741211,68.5,66.55000305175781,66.5999984741211,66.5999984741211,90123
2023-11-06,67.25,67.4000015258789,65.30000305175781,67.25,67.25,117629
2023-11-07,68.55000305175781,68.55000305175781,67.0999984741211,68.55000305175781,68.55000305175781,185108
2023-11-08,68.0,69.9000015258789,68.0,68.0,68.0,137044
2023-11-09,66.6500015258789,69.0,66.6500015258789,66.6500015258789,66.6500015258789,137273
2023-11-10,67.0,67.0,66.0999984741211,67.0,67.0,146551
2023-11-13,68.30000305175781,68.30000305175781,67.0,68.30000305175781,68.30000305175781,80823
2023-11-15,69.6500015258789,69.6500015258789,68.9000015258789,69.6500015258789,69.6500015258789,77427
2023-11-16,71.0,71.0,71.0,71.0,71.0,12346
2023-11-17,72.4000015258789,72.4000015258789,72.4000015258789,72.4000015258789,72.4000015258789,17263
2023-11-20,73.80000305175781,73.80000305175781,73.80000305175781,73.80000305175781,73.80000305175781,25630
2023-11-21,75.25,75.25,75.25,75.25,75.25,8631
2023-11-22,76.75,76.75,76.75,76.75,76.75,12954
2023-11-23,78.25,78.25,78.25,78.25,78.25,23301
2023-11-24,79.80000305175781,79.80000305175781,79.80000305175781,79.80000305175781,79.80000305175781,15243
2023-11-28,78.30000305175781,78.5,78.19999694824219,78.30000305175781,78.30000305175781,256914
2023-11-29,79.19999694824219,79.80000305175781,77.0,79.19999694824219,79.19999694824219,86462
2023-11-30,80.75,80.75,80.0,80.75,80.75,548821
2023-12-01,82.3499984741211,82.3499984741211,82.3499984741211,82.3499984741211,82.3499984741211,29319
2023-12-04,83.94999694824219,83.94999694824219,83.94999694824219,83.94999694824219,83.94999694824219,46328
2023-12-05,85.44999694824219,85.5999984741211,82.30000305175781,85.44999694824219,85.44999694824219,1077646
2023-12-06,83.75,83.75,83.75,83.75,83.75,153832
2023-12-07,82.19999694824219,82.19999694824219,82.0999984741211,82.19999694824219,82.19999694824219,306999
2023-12-08,80.55000305175781,80.69999694824219,80.55000305175781,80.55000305175781,80.55000305175781,128011
2023-12-11,82.1500015258789,82.1500015258789,79.0,82.1500015258789,82.1500015258789,161447
2023-12-12,83.69999694824219,83.75,82.5,83.69999694824219,83.69999694824219,171522
2023-12-13,84.69999694824219,85.30000305175781,84.69999694824219,84.69999694824219,84.69999694824219,217181
2023-12-14,83.0,86.25,83.0,83.0,83.0,30691
2023-12-15,81.3499984741211,81.3499984741211,81.3499984741211,81.3499984741211,81.3499984741211,154046
2023-12-18,80.5999984741211,80.5999984741211,80.05000305175781,80.5999984741211,80.5999984741211,47545
2023-12-19,80.19999694824219,81.0,79.0,80.19999694824219,80.19999694824219,43602
2023-12-20,78.5999984741211,78.6500015258789,78.5999984741211,78.5999984741211,78.5999984741211,50595
2023-12-21,77.75,78.55000305175781,77.05000305175781,77.75,77.75,43144
2023-12-22,76.4000015258789,77.0,76.25,76.4000015258789,76.4000015258789,48956
2023-12-26,76.4000015258789,76.4000015258789,72.5999984741211,73.69999694824219,73.69999694824219,144167
2023-12-27,71.0999984741211,77.3499984741211,71.0999984741211,74.05000305175781,74.05000305175781,77259
2023-12-28,74.05000305175781,77.75,70.3499984741211,76.3499984741211,76.3499984741211,520039
2023-12-29,74.1500015258789,80.1500015258789,74.1500015258789,80.1500015258789,80.1500015258789,672172
2024-01-01,83.80000305175781,84.1500015258789,78.94999694824219,81.4000015258789,81.4000015258789,339694
2024-01-02,80.5999984741211,81.94999694824219,77.6500015258789,80.80000305175781,80.80000305175781,151554
2024-01-03,80.75,84.80000305175781,79.0,84.80000305175781,84.80000305175781,107121
2024-01-04,89.0,89.0,89.0,89.0,89.0,173443
2024-01-05,93.44999694824219,93.44999694824219,90.0,92.25,92.25,525859
2024-01-08,90.4000015258789,93.44999694824219,90.4000015258789,90.4000015258789,90.4000015258789,88862
2024-01-09,88.5999984741211,88.5999984741211,88.5999984741211,88.5999984741211,88.5999984741211,27257
2024-01-10,86.8499984741211,86.8499984741211,86.8499984741211,86.8499984741211,86.8499984741211,31649
2024-01-11,85.1500015258789,85.1500015258789,85.1500015258789,85.1500015258789,85.1500015258789,35799
2024-01-12,83.44999694824219,83.44999694824219,83.44999694824219,83.44999694824219,83.44999694824219,44841
2024-01-15,85.0999984741211,85.0999984741211,83.25,85.0999984741211,85.0999984741211,54383
2024-01-16,83.4000015258789,86.80000305175781,83.4000015258789,83.4000015258789,83.4000015258789,245422
2024-01-17,81.75,83.44999694824219,81.75,81.75,81.75,15529
2024-01-18,80.30000305175781,80.30000305175781,80.1500015258789,80.30000305175781,80.30000305175781,11673
2024-01-19,80.0,80.0,79.0,80.0,80.0,26054
2024-01-23,76.8499984741211,78.30000305175781,76.8499984741211,76.8499984741211,76.8499984741211,17479
2024-01-24,78.3499984741211,78.3499984741211,76.05000305175781,78.3499984741211,78.3499984741211,28089
2024-01-25,79.9000015258789,79.9000015258789,79.80000305175781,79.9000015258789,79.9000015258789,25344
2024-01-29,81.44999694824219,81.44999694824219,81.44999694824219,81.44999694824219,81.44999694824219,24933
2024-01-30,83.05000305175781,83.05000305175781,83.05000305175781,83.05000305175781,83.05000305175781,52736
2024-01-31,84.69999694824219,84.69999694824219,84.69999694824219,84.69999694824219,84.69999694824219,15796
2024-02-01,86.3499984741211,86.3499984741211,86.3499984741211,86.3499984741211,86.3499984741211,11198
2024-02-02,88.05000305175781,88.05000305175781,88.05000305175781,88.05000305175781,88.05000305175781,11081
2024-02-05,89.80000305175781,89.80000305175781,89.80000305175781,89.80000305175781,89.80000305175781,25158
2024-02-06,90.0,91.55000305175781,90.0,90.0,90.0,71245
2024-02-07,91.80000305175781,91.80000305175781,88.19999694824219,91.80000305175781,91.80000305175781,133458
2024-02-08,91.80000305175781,93.5999984741211,91.80000305175781,91.80000305175781,91.80000305175781,121825
2024-02-09,90.0,90.0,90.0,90.0,90.0,38966
2024-02-12,94.4000015258789,94.5,85.5,86.0999984741211,86.0999984741211,113009
2024-02-13,82.5999984741211,90.4000015258789,81.80000305175781,89.30000305175781,89.30000305175781,414926
2024-02-14,86.8499984741211,93.4000015258789,85.75,92.3499984741211,92.3499984741211,182581
2024-02-15,94.5999984741211,94.5999984741211,91.0,94.3499984741211,94.3499984741211,167635
2024-02-16,94.3499984741211,99.05000305175781,94.0,99.05000305175781,99.05000305175781,311433
2024-02-19,104.0,104.0,101.94999694824219,104.0,104.0,216947
2024-02-20,109.19999694824219,109.19999694824219,107.94999694824219,109.19999694824219,109.19999694824219,231465
2024-02-21,111.3499984741211,111.3499984741211,111.3499984741211,111.3499984741211,111.3499984741211,427795
2024-02-22,113.55000305175781,113.55000305175781,110.05000305175781,113.55000305175781,113.55000305175781,420979
2024-02-23,115.80000305175781,115.80000305175781,115.80000305175781,115.80000305175781,115.80000305175781,57821
2024-02-26,113.5,115.80000305175781,113.5,113.5,113.5,139781
2024-02-27,111.25,111.30000305175781,111.25,111.25,111.25,6735
2024-02-28,109.05000305175781,109.05000305175781,109.05000305175781,109.05000305175781,109.05000305175781,122823
2024-02-29,106.9000015258789,106.9000015258789,106.9000015258789,106.9000015258789,106.9000015258789,13622
2024-03-01,104.80000305175781,104.80000305175781,104.80000305175781,104.80000305175781,104.80000305175781,93170
2024-03-04,100.69999694824219,100.69999694824219,100.69999694824219,100.69999694824219,100.69999694824219,16397
2024-03-05,100.0999984741211,100.4000015258789,98.69999694824219,100.0999984741211,100.0999984741211,109949
2024-03-06,98.0999984741211,99.9000015258789,98.0999984741211,98.0999984741211,98.0999984741211,47188
2024-03-07,96.1500015258789,96.19999694824219,96.1500015258789,96.1500015258789,96.1500015258789,75568
2024-03-11,94.25,94.25,94.25,94.25,94.25,32873
2024-03-12,92.4000015258789,92.4000015258789,92.4000015258789,92.4000015258789,92.4000015258789,3462
2024-03-13,90.55000305175781,90.5999984741211,90.55000305175781,90.55000305175781,90.55000305175781,35355
2024-03-14,88.75,89.5,88.75,88.75,88.75,161922
2024-03-18,85.30000305175781,85.55000305175781,85.30000305175781,85.30000305175781,85.30000305175781,42523
2024-03-19,83.5999984741211,83.5999984741211,83.5999984741211,83.5999984741211,83.5999984741211,3704
2024-03-20,85.25,85.25,81.94999694824219,85.25,85.25,87148
2024-03-21,86.94999694824219,86.94999694824219,86.94999694824219,86.94999694824219,86.94999694824219,4359
2024-03-22,88.6500015258789,88.6500015258789,88.6500015258789,88.6500015258789,88.6500015258789,8261
2024-03-26,93.05000305175781,93.05000305175781,93.05000305175781,93.05000305175781,93.05000305175781,45821
2024-03-27,97.69999694824219,97.69999694824219,93.19999694824219,97.69999694824219,97.69999694824219,220832
2024-03-28,99.4000015258789,102.55000305175781,99.0,102.55000305175781,102.55000305175781,331202
2024-04-01,107.6500015258789,107.6500015258789,107.6500015258789,107.6500015258789,107.6500015258789,83403
2024-04-02,113.0,113.0,113.0,113.0,113.0,20045
2024-04-03,118.6500015258789,118.6500015258789,118.6500015258789,118.6500015258789,118.6500015258789,89820
2024-04-04,124.55000305175781,124.55000305175781,124.55000305175781,124.55000305175781,124.55000305175781,107337
2024-04-05,127.0,127.0,127.0,127.0,127.0,97466
2024-04-08,129.5,129.5,129.5,129.5,129.5,64560
2024-04-09,132.0500030517578,132.0500030517578,132.0500030517578,132.0500030517578,132.0500030517578,184683
2024-04-10,134.64999389648438,134.64999389648438,134.64999389648438,134.64999389648438,134.64999389648438,80815
2024-04-12,137.3000030517578,137.3000030517578,137.3000030517578,137.3000030517578,137.3000030517578,151483
2024-04-15,140.0,140.0,140.0,140.0,140.0,209682
2024-04-16,142.8000030517578,142.8000030517578,142.8000030517578,142.8000030517578,142.8000030517578,201863
2024-04-18,145.64999389648438,145.64999389648438,145.64999389648438,145.64999389648438,145.64999389648438,24281
2024-04-19,148.5500030517578,148.5500030517578,148.5500030517578,148.5500030517578,148.5500030517578,52632
2024-04-22,151.5,151.5,151.5,151.5,151.5,51911
2024-04-23,148.5,148.5,148.5,148.5,148.5,169620
2024-04-24,145.5500030517578,145.5500030517578,145.5500030517578,145.5500030517578,145.5500030517578,11654
2024-04-25,142.64999389648438,142.64999389648438,142.64999389648438,142.64999389648438,142.64999389648438,5889
2024-04-26,139.8000030517578,139.8000030517578,139.8000030517578,139.8000030517578,139.8000030517578,193580
2024-04-29,137.0,137.0,137.0,137.0,137.0,2914
2024-04-30,134.3000030517578,134.3000030517578,134.3000030517578,134.3000030517578,134.3000030517578,2440
2024-05-02,131.64999389648438,131.64999389648438,131.64999389648438,131.64999389648438,131.64999389648438,18493
2024-05-03,134.25,134.25,131.8000030517578,134.25,134.25,342421
2024-05-06,131.60000610351562,131.60000610351562,131.60000610351562,131.60000610351562,131.60000610351562,20841
2024-05-07,129.0,129.0,129.0,129.0,129.0,3991
2024-05-08,126.44999694824219,126.44999694824219,126.44999694824219,126.44999694824219,126.44999694824219,1049
2024-05-09,123.94999694824219,123.94999694824219,123.94999694824219,123.94999694824219,123.94999694824219,70143
2024-05-10,126.4000015258789,126.4000015258789,121.5,126.4000015258789,126.4000015258789,203275
2024-05-13,131.4499969482422,131.4499969482422,124.0,128.8000030517578,128.8000030517578,95143
2024-05-14,129.5,130.0,122.4000015258789,127.8499984741211,127.8499984741211,84557
2024-05-15,123.0,134.1999969482422,123.0,134.1999969482422,134.1999969482422,501332
2024-05-16,137.6999969482422,140.89999389648438,130.1999969482422,131.9499969482422,131.9499969482422,178219
2024-05-17,134.0,135.0,127.1500015258789,134.0500030517578,134.0500030517578,120807
2024-05-21,132.60000610351562,137.0,126.75,128.9499969482422,128.9499969482422,143095
2024-05-22,131.0,131.0,122.5,124.9000015258789,124.9000015258789,200085
2024-05-23,124.9000015258789,124.9000015258789,118.6500015258789,118.69999694824219,118.69999694824219,83532
2024-05-24,115.0,124.5999984741211,112.80000305175781,124.5999984741211,124.5999984741211,142077
2024-05-27,123.80000305175781,123.80000305175781,118.4000015258789,118.4000015258789,118.4000015258789,48158
2024-05-28,118.3499984741211,120.0,112.5,113.05000305175781,113.05000305175781,110530
2024-05-29,111.4000015258789,118.0,109.05000305175781,117.0999984741211,117.0999984741211,111312
2024-05-30,117.55000305175781,122.94999694824219,115.19999694824219,122.94999694824219,122.94999694824219,73480
2024-05-31,126.5,126.5,119.0,124.9000015258789,124.9000015258789,59560
2024-06-03,128.9499969482422,130.0,118.6500015258789,126.80000305175781,126.80000305175781,215783
2024-06-04,120.75,124.4000015258789,120.5,120.5,120.5,19899
2024-06-05,114.5,117.0,114.5,116.05000305175781,116.05000305175781,115932
2024-06-06,118.4000015258789,121.8499984741211,116.0999984741211,121.8499984741211,121.8499984741211,48298
2024-06-07,120.0,127.25,120.0,126.80000305175781,126.80000305175781,86583
2024-06-10,130.99000549316406,133.13999938964844,126.80000305175781,129.13999938964844,129.13999938964844,129330
2024-06-11,129.5,132.0,125.0,129.61000061035156,129.61000061035156,67293
2024-06-12,129.61000061035156,133.5,127.30000305175781,131.24000549316406,131.24000549316406,47142
2024-06-13,133.0,137.8000030517578,130.25,137.8000030517578,137.8000030517578,54661
2024-06-14,143.6999969482422,144.69000244140625,140.1999969482422,144.69000244140625,144.69000244140625,67709
2024-06-18,151.9199981689453,151.9199981689453,146.0,151.86000061035156,151.86000061035156,303840
2024-06-19,151.85000610351562,159.4499969482422,146.5,151.89999389648438,151.89999389648438,72437
2024-06-20,151.89999389648438,155.0,145.60000610351562,152.17999267578125,152.17999267578125,81721
2024-06-21,149.0,151.94000244140625,144.57000732421875,149.69000244140625,149.69000244140625,119283
2024-06-24,149.67999267578125,149.67999267578125,143.0500030517578,143.82000732421875,143.82000732421875,17336
2024-06-25,143.0500030517578,143.0500030517578,136.6199951171875,137.11000061035156,137.11000061035156,51829
2024-06-26,139.97999572753906,139.97999572753906,130.25,131.16000366210938,131.16000366210938,39586
2024-06-27,131.0,132.10000610351562,126.0999984741211,130.11000061035156,130.11000061035156,42251
2024-06-28,132.0,132.10000610351562,123.5999984741211,126.13999938964844,126.13999938964844,52882
2024-07-01,124.0,132.0,124.0,128.2899932861328,128.2899932861328,51334
2024-07-02,128.2899932861328,134.64999389648438,128.0,132.4499969482422,132.4499969482422,57190
